molecule_chembl_id,canonical_smiles,standard_value,curated_smiles,pIC50,inchikey
CHEMBL4161103,CC1(C)CC[C@]2(C(=O)OCc3ccccc3)CC[C@]3(C)C(=CC[C@@H]4[C@@]5(C)Cc6nccnc6[C@@](C)(CO)[C@@H]5CC[C@]43C)[C@@H]2C1,0.03,CC1(C)CC[C@]2(C(=O)OCc3ccccc3)CC[C@]3(C)C(=CC[C@@H]4[C@@]5(C)Cc6nccnc6[C@@](C)(CO)[C@@H]5CC[C@]43C)[C@@H]2C1,10.522878745280337,QGZAUUKJIJZEAS-MQLGQBSPSA-N
CHEMBL4863423,CC1(C)CC[C@]2(C(=O)OCc3ccccc3)CC[C@]3(C)C(=CC[C@@H]4[C@@]5(C)Cc6nccnc6[C@@](C)(COC(=O)CCC(=O)OCCOCCOCCOCCO)[C@@H]5CC[C@]43C)[C@@H]2C1,0.04,CC1(C)CC[C@]2(C(=O)OCc3ccccc3)CC[C@]3(C)C(=CC[C@@H]4[C@@]5(C)Cc6nccnc6[C@@](C)(COC(=O)CCC(=O)OCCOCCOCCOCCO)[C@@H]5CC[C@]43C)[C@@H]2C1,10.397940008672037,UIKUUBFXGRJBJN-GLYFMXDRSA-N
CHEMBL4568985,COc1cc(NC(=O)CSCC(=O)Nc2cc(-c3cc(C)c(C)cc3C)nn2-c2ccccc2)cc(OC)c1OC,0.07,COc1cc(NC(=O)CSCC(=O)Nc2cc(-c3cc(C)c(C)cc3C)nn2-c2ccccc2)cc(OC)c1OC,10.154901959985743,RTKJPHWZBQIUQR-UHFFFAOYSA-N
CHEMBL348475,COc1cc2c(cc1OC)CN(CCc1ccc(NC(=O)c3cc(OC)c(OC)cc3NC(=O)c3cnc4ccccc4c3)cc1)CC2,0.22,COc1cc2c(cc1OC)CN(CCc1ccc(NC(=O)c3cc(OC)c(OC)cc3NC(=O)c3cnc4ccccc4c3)cc1)CC2,9.657577319177793,LGGHDPFKSSRQNS-UHFFFAOYSA-N
CHEMBL4594298,COc1cc2c(cc1OC)CN(CCc1ccc(-n3nnc(-c4cc(OC)c(OC)cc4NC(=O)c4cc(=O)c5ccccc5o4)n3)cc1)CC2,0.6,COc1cc2c(cc1OC)CN(CCc1ccc(-n3nnc(-c4cc(OC)c(OC)cc4NC(=O)c4cc(=O)c5ccccc5o4)n3)cc1)CC2,9.221848749616356,AHJUHHDDCJQACA-UHFFFAOYSA-N
CHEMBL4526913,Cc1cc(C)c(-c2cc(NC(=O)CSCC(=O)Nc3ccc4ncsc4c3)n(-c3ccccc3)n2)cc1C,0.78,Cc1cc(C)c(-c2cc(NC(=O)CSCC(=O)Nc3ccc4ncsc4c3)n(-c3ccccc3)n2)cc1C,9.10790539730952,UHBHMCUEAHAUJJ-UHFFFAOYSA-N
CHEMBL4792609,COc1ccc(-c2cc(OC(C)=O)c3c(-c4cccs4)c(NC(=O)c4ccccc4Cl)oc3c2)cc1,0.82,COc1ccc(-c2cc(OC(C)=O)c3c(-c4cccs4)c(NC(=O)c4ccccc4Cl)oc3c2)cc1,9.086186147616283,NVHVRYUFNCFLGC-UHFFFAOYSA-N
CHEMBL4783930,COc1ccc(-c2cc(OC(C)=O)c3c(-c4cccs4)c(NC(=O)c4ccccc4C)oc3c2)cc1,0.83,COc1ccc(-c2cc(OC(C)=O)c3c(-c4cccs4)c(NC(=O)c4ccccc4C)oc3c2)cc1,9.080921907623926,KFIFBXUHWWIHKN-UHFFFAOYSA-N
CHEMBL4085670,Cc1cc(C)c2c(c1)c(=O)c1ccccc1n2CCCCN1CCN(CCO)CC1,1.25,Cc1cc(C)c2c(c1)c(=O)c1ccccc1n2CCCCN1CCN(CCO)CC1,8.903089986991944,RNYPUSBEZJDGOI-UHFFFAOYSA-N
CHEMBL5429850,C#CCOc1cccc2oc(-c3ccc(OCCOCCNCc4ccc(C5(C(F)(F)F)N=N5)cc4)cc3)cc(=O)c12,1.4,C#CCOc1cccc2oc(-c3ccc(OCCOCCNCc4ccc(C5(C(F)(F)F)N=N5)cc4)cc3)cc(=O)c12,8.853871964321762,VXOGSZPJYPPPEV-UHFFFAOYSA-N
CHEMBL504936,COc1ccc2cc1Oc1ccc(cc1)C[C@H]1c3cc(c(OC)cc3CCN1C)Oc1c(OC)c(OC)c(OC)c3c1[C@H](C2)N(C)CC3,1.59,COc1ccc2cc1Oc1ccc(cc1)C[C@H]1c3cc(c(OC)cc3CCN1C)Oc1c(OC)c(OC)c(OC)c3c1[C@H](C2)N(C)CC3,8.79860287567955,FUZMQNZACIFDBL-KYJUHHDHSA-N
CHEMBL5089855,COc1cc(OC)c2c(c1)O[C@H](c1ccc(OC)c(OC)c1)[C@@H](OC(=O)c1ccc(F)c(NC(=O)c3cc(OC)c(OC)c(OC)c3)c1)C2,1.8,COc1cc(OC)c2c(c1)O[C@H](c1ccc(OC)c(OC)c1)[C@@H](OC(=O)c1ccc(F)c(NC(=O)c3cc(OC)c(OC)c(OC)c3)c1)C2,8.744727494896694,OEIXJPAIZADICN-JHOUSYSJSA-N
CHEMBL4469705,Cc1cc(C)c(-c2cc(NC(=O)CSCC(=O)Nc3ccc4ccccc4c3)n(-c3ccccc3)n2)cc1C,2.0,Cc1cc(C)c(-c2cc(NC(=O)CSCC(=O)Nc3ccc4ccccc4c3)n(-c3ccccc3)n2)cc1C,8.698970004336019,RZZKGPAJUROKKG-UHFFFAOYSA-N
CHEMBL5088809,COc1cc(OC)c2c(c1)O[C@H](c1ccc(OC)c(OC)c1)[C@H](OC(=O)c1ccc(F)c(NC(=O)c3cc(OC)c(OC)c(OC)c3)c1)C2,2.2,COc1cc(OC)c2c(c1)O[C@H](c1ccc(OC)c(OC)c1)[C@H](OC(=O)c1ccc(F)c(NC(=O)c3cc(OC)c(OC)c(OC)c3)c1)C2,8.657577319177793,OEIXJPAIZADICN-CZNDPXEESA-N
CHEMBL5408118,O=c1cc(-c2ccc(OCCOCCNCc3ccc(C4(C(F)(F)F)N=N4)cc3)cc2)oc2ccccc12,2.3,O=c1cc(-c2ccc(OCCOCCNCc3ccc(C4(C(F)(F)F)N=N4)cc3)cc2)oc2ccccc12,8.638272163982407,MAKPOVQXRPESOW-UHFFFAOYSA-N
CHEMBL3582168,COc1cc(OC)c2c(c1)O[C@H](c1cc(OC)c(OC)c(OC)c1)[C@@H](OC(=O)c1ccc(F)c(NC(=O)c3cc(OC)c(OC)c(OC)c3)c1)C2,2.7,COc1cc(OC)c2c(c1)O[C@H](c1cc(OC)c(OC)c(OC)c1)[C@@H](OC(=O)c1ccc(F)c(NC(=O)c3cc(OC)c(OC)c(OC)c3)c1)C2,8.568636235841012,VNMQONKZFZQPCT-JHOUSYSJSA-N
CHEMBL6966,COc1ccc(CCN(C)CCCC(C#N)(c2ccc(OC)c(OC)c2)C(C)C)cc1OC,2.97,COc1ccc(CCN(C)CCCC(C#N)(c2ccc(OC)c(OC)c2)C(C)C)cc1OC,8.527243550682787,SGTNSNPWRIOYBX-UHFFFAOYSA-N
CHEMBL3582155,COc1cc(OC)c2c(c1)O[C@H](c1cc(OC)c(OC)c(OC)c1)[C@H](OC(=O)c1ccc(F)c(NC(=O)c3ccc(OC)c(OC)c3)c1)C2,3.0,COc1cc(OC)c2c(c1)O[C@H](c1cc(OC)c(OC)c(OC)c1)[C@H](OC(=O)c1ccc(F)c(NC(=O)c3ccc(OC)c(OC)c3)c1)C2,8.522878745280337,XPNBVAOZAHYCST-CZNDPXEESA-N
CHEMBL4064097,Cc1cc(C)c2c(c1)c(=O)c1ccccc1n2CCCCN(CCO)CCO,3.11,Cc1cc(C)c2c(c1)c(=O)c1ccccc1n2CCCCN(CCO)CCO,8.507239610973162,HJMGTOUIRWRUEF-UHFFFAOYSA-N
CHEMBL3582156,COc1cc(OC)c2c(c1)O[C@H](c1cc(OC)c(OC)c(OC)c1)[C@H](OC(=O)c1ccc(F)c(NC(=O)c3cc(OC)c(OC)c(OC)c3)c1)C2,3.3,COc1cc(OC)c2c(c1)O[C@H](c1cc(OC)c(OC)c(OC)c1)[C@H](OC(=O)c1ccc(F)c(NC(=O)c3cc(OC)c(OC)c(OC)c3)c1)C2,8.481486060122112,VNMQONKZFZQPCT-CZNDPXEESA-N
CHEMBL160,C/C=C/C[C@@H](C)[C@@H](O)[C@H]1C(=O)N[C@@H](CC)C(=O)N(C)CC(=O)N(C)[C@@H](CC(C)C)C(=O)N[C@@H](C(C)C)C(=O)N(C)[C@@H](CC(C)C)C(=O)N[C@@H](C)C(=O)N[C@H](C)C(=O)N(C)[C@@H](CC(C)C)C(=O)N(C)[C@@H](CC(C)C)C(=O)N(C)[C@@H](C(C)C)C(=O)N1C,3.4,C/C=C/C[C@@H](C)[C@@H](O)[C@H]1C(=O)N[C@@H](CC)C(=O)N(C)CC(=O)N(C)[C@@H](CC(C)C)C(=O)N[C@@H](C(C)C)C(=O)N(C)[C@@H](CC(C)C)C(=O)N[C@@H](C)C(=O)N[C@H](C)C(=O)N(C)[C@@H](CC(C)C)C(=O)N(C)[C@@H](CC(C)C)C(=O)N(C)[C@@H](C(C)C)C(=O)N1C,8.468521082957745,PMATZTZNYRCHOR-CGLBZJNRSA-N
CHEMBL5403208,O=c1cc(-c2ccc(OCCOCCNCc3ccccc3)cc2)oc2ccccc12,3.5,O=c1cc(-c2ccc(OCCOCCNCc3ccccc3)cc2)oc2ccccc12,8.455931955649724,JIFJFNBTQSCGBM-UHFFFAOYSA-N
CHEMBL3601686,COc1ccc(C2=C(c3ccc(OC)c(OC)c3)C(=O)N(C(=O)c3cc(Br)c(OCc4ccccc4)cc3OCCN3CCOCC3)C2=O)cc1OC,3.5,COc1ccc(C2=C(c3ccc(OC)c(OC)c3)C(=O)N(C(=O)c3cc(Br)c(OCc4ccccc4)cc3OCCN3CCOCC3)C2=O)cc1OC,8.455931955649724,PKYUAOUVVSPFLP-UHFFFAOYSA-N
CHEMBL4790157,COc1ccc(-c2cc(OC(C)=O)c3c(-c4cccs4)c(NC(=O)c4cccc(F)c4)oc3c2)cc1,3.7,COc1ccc(-c2cc(OC(C)=O)c3c(-c4cccs4)c(NC(=O)c4cccc(F)c4)oc3c2)cc1,8.431798275933005,FFSYPDOYYMJFKT-UHFFFAOYSA-N
CHEMBL3582149,COc1cc(OC)c2c(c1)O[C@H](c1cc(OC)c(OC)c(OC)c1)[C@H](OC(=O)/C=C/c1cc(OC)c(OC)c(OC)c1)C2,3.7,COc1cc(OC)c2c(c1)O[C@H](c1cc(OC)c(OC)c(OC)c1)[C@H](OC(=O)/C=C/c1cc(OC)c(OC)c(OC)c1)C2,8.431798275933005,NECCTVFNAYKBCX-JPYFANRKSA-N
CHEMBL4094336,Cc1cc(C)c2c(c1)c(=O)c1ccccc1n2CCCCN1CCOCC1,4.0,Cc1cc(C)c2c(c1)c(=O)c1ccccc1n2CCCCN1CCOCC1,8.397940008672037,XONLDSYHSCDNKT-UHFFFAOYSA-N
CHEMBL4783872,COc1ccc(-c2cc(OC(C)=O)c3c(-c4cccs4)c(N(C(C)=O)C(C)=O)oc3c2)cc1,4.0,COc1ccc(-c2cc(OC(C)=O)c3c(-c4cccs4)c(N(C(C)=O)C(C)=O)oc3c2)cc1,8.397940008672037,BQDSZKNDEHZKOL-UHFFFAOYSA-N
CHEMBL4557604,Cc1cc(C)c(-c2cc(NC(=O)CSCC(=O)N3c4ccccc4CCc4ccccc43)n(-c3ccccc3)n2)cc1C,4.0,Cc1cc(C)c(-c2cc(NC(=O)CSCC(=O)N3c4ccccc4CCc4ccccc43)n(-c3ccccc3)n2)cc1C,8.397940008672037,ZFGJKGPMONGQDN-UHFFFAOYSA-N
CHEMBL4077817,CCN(CC)CCCCn1c2ccccc2c(=O)c2cc(C)cc(C)c21,4.05,CCN(CC)CCCCn1c2ccccc2c(=O)c2cc(C)cc(C)c21,8.39254497678533,AOMLWIQEGAAUKD-UHFFFAOYSA-N
CHEMBL3582170,COc1cc(OC)c2c(c1)O[C@H](c1cc(OC)c(OC)c(OC)c1)[C@@H](OC(=O)c1ccc(F)c(NC(=O)/C=C/c3cc(OC)c(OC)c(OC)c3)c1)C2,4.2,COc1cc(OC)c2c(c1)O[C@H](c1cc(OC)c(OC)c(OC)c1)[C@@H](OC(=O)c1ccc(F)c(NC(=O)/C=C/c3cc(OC)c(OC)c(OC)c3)c1)C2,8.3767507096021,HYIPBGSVFCLHGF-DFHZLNFVSA-N
CHEMBL3582167,COc1cc(OC)c2c(c1)O[C@H](c1cc(OC)c(OC)c(OC)c1)[C@@H](OC(=O)c1ccc(F)c(NC(=O)c3ccc(OC)c(OC)c3)c1)C2,4.6,COc1cc(OC)c2c(c1)O[C@H](c1cc(OC)c(OC)c(OC)c1)[C@@H](OC(=O)c1ccc(F)c(NC(=O)c3ccc(OC)c(OC)c3)c1)C2,8.337242168318426,XPNBVAOZAHYCST-JHOUSYSJSA-N
CHEMBL4082527,Cc1cc(Nc2ccc(F)cc2)n2nc(SCc3nc4ccccc4[nH]3)nc2n1,4.75,Cc1cc(Nc2ccc(F)cc2)n2nc(SCc3nc4ccccc4[nH]3)nc2n1,8.323306390375134,ZGRDQSSNSDLZLJ-UHFFFAOYSA-N
CHEMBL396298,COc1cc2c(cc1OC)CN(CCc1ccc(NC(=O)c3cccc4c(=O)c5cccc(OC)c5[nH]c34)cc1)CC2,4.9,COc1cc2c(cc1OC)CN(CCc1ccc(NC(=O)c3cccc4c(=O)c5cccc(OC)c5[nH]c34)cc1)CC2,8.309803919971486,OSFCMRGOZNQUSW-UHFFFAOYSA-N
CHEMBL4066830,Cc1cc(C)c2c(c1)c(=O)c1ccccc1n2CCCCN1CCCCC1,5.0,Cc1cc(C)c2c(c1)c(=O)c1ccccc1n2CCCCN1CCCCC1,8.301029995663981,LWZGTJKFXCZQDM-UHFFFAOYSA-N
CHEMBL375243,Cc1cccc(N2CCN(CC(O)COc3ccccc3C(=O)CCc3ccccc3)CC2)c1C,5.623,Cc1cccc(N2CCN(CC(O)COc3ccccc3C(=O)CCc3ccccc3)CC2)c1C,8.250031916490597,DXOBZGMBGHYACS-UHFFFAOYSA-N
CHEMBL4446420,Cc1cc(C)c(-c2cc(NC(=O)CSc3cccc(NC(=O)c4cncc(Br)c4)c3)n(-c3ccccc3)n2)cc1C,6.0,Cc1cc(C)c(-c2cc(NC(=O)CSc3cccc(NC(=O)c4cncc(Br)c4)c3)n(-c3ccccc3)n2)cc1C,8.221848749616356,BRQKWGBEIKPKER-UHFFFAOYSA-N
CHEMBL3582154,COc1cc(OC)c2c(c1)O[C@H](c1cc(OC)c(OC)c(OC)c1)[C@H](OC(=O)c1ccc(F)c(NC(=O)/C=C/c3cc(OC)c(OC)c(OC)c3)c1)C2,6.2,COc1cc(OC)c2c(c1)O[C@H](c1cc(OC)c(OC)c(OC)c1)[C@H](OC(=O)c1ccc(F)c(NC(=O)/C=C/c3cc(OC)c(OC)c(OC)c3)c1)C2,8.207608310501746,HYIPBGSVFCLHGF-AHSNHEDPSA-N
CHEMBL3601685,COc1ccc(C2=C(c3ccc(OC)c(OC)c3)C(=O)N(C(=O)c3cc(Br)c(OCc4ccccc4)cc3OCCO)C2=O)cc1OC,6.5,COc1ccc(C2=C(c3ccc(OC)c(OC)c3)C(=O)N(C(=O)c3cc(Br)c(OCc4ccccc4)cc3OCCO)C2=O)cc1OC,8.187086643357144,GCHHRSTVQGCNFS-UHFFFAOYSA-N
CHEMBL3582169,COc1cc(OC)c2c(c1)O[C@H](c1cc(OC)c(OC)c(OC)c1)[C@@H](OC(=O)c1ccc(F)c(NC(=O)/C=C/c3ccc(OC)c(OC)c3)c1)C2,6.6,COc1cc(OC)c2c(c1)O[C@H](c1cc(OC)c(OC)c(OC)c1)[C@@H](OC(=O)c1ccc(F)c(NC(=O)/C=C/c3ccc(OC)c(OC)c3)c1)C2,8.18045606445813,PADLVMZGAOPLPG-QQQYIWAASA-N
CHEMBL67,COc1ccc(/C=C\c2cc(OC)c(OC)c(OC)c2)cc1O,6.6,COc1ccc(/C=C\c2cc(OC)c(OC)c(OC)c2)cc1O,8.18045606445813,HVXBOLULGPECHP-WAYWQWQTSA-N
CHEMBL4439071,CC(=O)O[C@H]1C[C@@]2(C)[C@@H](C[C@@H](O)[C@H]3[C@@]4(C)CC[C@@H](O)[C@@H](C)[C@@H]4CC[C@@]32C)/C1=C(\CCC=C(C)C)C(=O)OCc1ccccc1,7.03,CC(=O)O[C@H]1C[C@@]2(C)[C@@H](C[C@@H](O)[C@H]3[C@@]4(C)CC[C@@H](O)[C@@H](C)[C@@H]4CC[C@@]32C)/C1=C(\CCC=C(C)C)C(=O)OCc1ccccc1,8.153044674980176,REWCIBDKWWPGMH-ASKGCPBJSA-N
CHEMBL5400850,COc1cc2c(cc1OC)CN(C(=O)c1cc3cc(-c4ccc(NC(=O)c5ccc(Cl)cc5)cc4)ccc3[nH]1)CC2,8.0,COc1cc2c(cc1OC)CN(C(=O)c1cc3cc(-c4ccc(NC(=O)c5ccc(Cl)cc5)cc4)ccc3[nH]1)CC2,8.096910013008056,NTIOGBQWQWDWSN-UHFFFAOYSA-N
CHEMBL5074763,COc1cc2c(cc1OC)CN(CCc1ccc(-n3nnc(-c4cc(OCc5cccnc5)c(OC)cc4NC(=O)c4cc(=O)c5ccccc5o4)n3)cc1)CC2,8.0,COc1cc2c(cc1OC)CN(CCc1ccc(-n3nnc(-c4cc(OCc5cccnc5)c(OC)cc4NC(=O)c4cc(=O)c5ccccc5o4)n3)cc1)CC2,8.096910013008056,XIQOOYDNYCZXBM-UHFFFAOYSA-N
CHEMBL4877183,CC(=O)O[C@H]1[C@@H]2[C@@H](OC(=O)/C=C/c3ccccc3)[C@]3(OC2(C)C)[C@H](C)C[C@@H](OC(C)=O)[C@H](OC(C)=O)[C@@]3(C)[C@H]1OC(=O)c1ccccc1,8.0,CC(=O)O[C@H]1[C@@H]2[C@@H](OC(=O)/C=C/c3ccccc3)[C@]3(OC2(C)C)[C@H](C)C[C@@H](OC(C)=O)[C@H](OC(C)=O)[C@@]3(C)[C@H]1OC(=O)c1ccccc1,8.096910013008056,NFPVRLYQHPGFKB-PSEIXFMMSA-N
CHEMBL4861723,CC(=O)O[C@H]1[C@@H]2[C@@H](OC(=O)c3cccnc3)[C@]3(OC2(C)C)[C@H](C)C[C@H](OC(C)=O)[C@@H](OC(C)=O)[C@@]3(C)[C@H]1OC(=O)c1ccccc1,8.0,CC(=O)O[C@H]1[C@@H]2[C@@H](OC(=O)c3cccnc3)[C@]3(OC2(C)C)[C@H](C)C[C@H](OC(C)=O)[C@@H](OC(C)=O)[C@@]3(C)[C@H]1OC(=O)c1ccccc1,8.096910013008056,GDRBFJBZPOXYEE-CUQROXPWSA-N
CHEMBL3959689,CC(=O)O[C@@H]1[C@@H]2[C@@H](OC(C)=O)[C@]3(OC2(C)C)[C@H](C)CC[C@H](OC(C)=O)[C@@]3(C)[C@@H]1OC(=O)c1ccccc1,8.0,CC(=O)O[C@@H]1[C@@H]2[C@@H](OC(C)=O)[C@]3(OC2(C)C)[C@H](C)CC[C@H](OC(C)=O)[C@@]3(C)[C@@H]1OC(=O)c1ccccc1,8.096910013008056,ZFYHVMQCJIKTLP-OTOYSWGPSA-N
CHEMBL4086583,Cc1cc(C)c2c(c1)c(=O)c1ccccc1n2CCCN1CCN(CCO)CC1,8.0,Cc1cc(C)c2c(c1)c(=O)c1ccccc1n2CCCN1CCN(CCO)CC1,8.096910013008056,UYAUJRRVENQURC-UHFFFAOYSA-N
CHEMBL3582153,COc1cc(OC)c2c(c1)O[C@H](c1cc(OC)c(OC)c(OC)c1)[C@H](OC(=O)c1ccc(F)c(NC(=O)/C=C/c3ccc(OC)c(OC)c3)c1)C2,8.1,COc1cc(OC)c2c(c1)O[C@H](c1cc(OC)c(OC)c(OC)c1)[C@H](OC(=O)c1ccc(F)c(NC(=O)/C=C/c3ccc(OC)c(OC)c3)c1)C2,8.09151498112135,PADLVMZGAOPLPG-YVFVJLBGSA-N
CHEMBL3582148,COc1cc(OC)c2c(c1)O[C@H](c1cc(OC)c(OC)c(OC)c1)[C@H](OC(=O)/C=C/c1ccc(OC)c(OC)c1)C2,8.7,COc1cc(OC)c2c(c1)O[C@H](c1cc(OC)c(OC)c(OC)c1)[C@H](OC(=O)/C=C/c1ccc(OC)c(OC)c1)C2,8.060480747381382,GJQYFVVJUBJBIA-OGUMRPJFSA-N
CHEMBL5532625,COc1cc(NC(=O)c2cc(=O)c3ccccc3o2)c(C(=O)Nc2ccc(C3CCN(Cc4cccc(-n5ccnc5)c4)CC3)cc2)cc1OC,9.0,COc1cc(NC(=O)c2cc(=O)c3ccccc3o2)c(C(=O)Nc2ccc(C3CCN(Cc4cccc(-n5ccnc5)c4)CC3)cc2)cc1OC,8.045757490560675,ZPFLSSWYPDZJQP-UHFFFAOYSA-N
CHEMBL3582180,COc1cc(OC)c2c(c1)O[C@H](c1cc(OC)c(OC)c(OC)c1)[C@@H](OC(=O)c1ccc(F)c(NC(=O)c3ccc(OC)c(OC)c3)c1)C2=O,9.4,COc1cc(OC)c2c(c1)O[C@H](c1cc(OC)c(OC)c(OC)c1)[C@@H](OC(=O)c1ccc(F)c(NC(=O)c3ccc(OC)c(OC)c3)c1)C2=O,8.0268721464003,UYSYUYLPKSNFGN-CWTKIQHKSA-N
CHEMBL3416268,CC(=O)[C@@]1(O[C@@H]2CCCCO2)CC[C@H]2[C@@H]3CC[C@@H]4CC(=O)CC[C@]4(C)[C@H]3[C@H](O[C@H]3CCCCO3)C[C@@]21C,10.0,CC(=O)[C@@]1(O[C@@H]2CCCCO2)CC[C@H]2[C@@H]3CC[C@@H]4CC(=O)CC[C@]4(C)[C@H]3[C@H](O[C@H]3CCCCO3)C[C@@]21C,8.0,RKLIFQJGTGPQMA-KQSFVFRRSA-N
CHEMBL3416082,CC(=O)[C@H]1CC[C@H]2[C@H]3[C@H]([C@H](O[C@@H]4CCCCO4)C[C@]12C)[C@@]1(C)CCC(=O)C[C@H]1C[C@H]3OC(=O)c1ccccc1,10.0,CC(=O)[C@H]1CC[C@H]2[C@H]3[C@H]([C@H](O[C@@H]4CCCCO4)C[C@]12C)[C@@]1(C)CCC(=O)C[C@H]1C[C@H]3OC(=O)c1ccccc1,8.0,MOULCIDBGVWHLU-QLBQNYPWSA-N
CHEMBL4102080,Cc1cc(C)c2c(c1)c(=O)c1ccccc1n2CCCCN1CCN(C)CC1,10.0,Cc1cc(C)c2c(c1)c(=O)c1ccccc1n2CCCCN1CCN(C)CC1,8.0,BVCRMAXADCPENS-UHFFFAOYSA-N
CHEMBL3601682,COc1cc(OC)c(C(=O)N2C(=O)C(c3ccc(OC)c(OC)c3)=C(c3ccc(OC)c(OC)c3)C2=O)cc1Br,10.7,COc1cc(OC)c(C(=O)N2C(=O)C(c3ccc(OC)c(OC)c3)=C(c3ccc(OC)c(OC)c3)C2=O)cc1Br,7.97061622231479,HTCPEAGZVHKZBH-UHFFFAOYSA-N
CHEMBL3339299,COc1cc(/C=C/C(=O)OCCCN(C)CCCCCOC(=O)c2c3ccccc3cc3ccccc23)cc(OC)c1OC,11.0,COc1cc(/C=C/C(=O)OCCCN(C)CCCCCOC(=O)c2c3ccccc3cc3ccccc23)cc(OC)c1OC,7.958607314841775,IKNZTCAURQRTCY-ISLYRVAYSA-N
CHEMBL4553676,Cc1cc(C)c(-c2cc(NC(=O)CSCC(=O)NC(c3ccccc3)c3ccccc3)n(-c3ccccc3)n2)cc1C,11.0,Cc1cc(C)c(-c2cc(NC(=O)CSCC(=O)NC(c3ccccc3)c3ccccc3)n(-c3ccccc3)n2)cc1C,7.958607314841775,RFLDOZBTPRZTHF-UHFFFAOYSA-N
CHEMBL4096764,Cc1cc(C)c2c(c1)c(=O)c1ccccc1n2CCCN(CCO)CCO,11.22,Cc1cc(C)c2c(c1)c(=O)c1ccccc1n2CCCN(CCO)CCO,7.950007143079858,OJXGDCVVEXNSPG-UHFFFAOYSA-N
CHEMBL3582166,COc1cc(OC)c2c(c1)O[C@H](c1cc(OC)c(OC)c(OC)c1)[C@@H](OC(=O)/C=C/c1cc(OC)c(OC)c(OC)c1)C2,11.6,COc1cc(OC)c2c(c1)O[C@H](c1cc(OC)c(OC)c(OC)c1)[C@@H](OC(=O)/C=C/c1cc(OC)c(OC)c(OC)c1)C2,7.935542010773082,NECCTVFNAYKBCX-RPIRQHEBSA-N
CHEMBL3582165,COc1cc(OC)c2c(c1)O[C@H](c1cc(OC)c(OC)c(OC)c1)[C@@H](OC(=O)/C=C/c1ccc(OC)c(OC)c1)C2,11.8,COc1cc(OC)c2c(c1)O[C@H](c1cc(OC)c(OC)c(OC)c1)[C@@H](OC(=O)/C=C/c1ccc(OC)c(OC)c1)C2,7.928117992693875,GJQYFVVJUBJBIA-IPGJECJKSA-N
CHEMBL2316428,COc1cc(/C=C/C(=O)O[C@H]2CC[C@@H](N(C)[C@H]3CC[C@H](OC(=O)c4cc(OC)c(OC)c(OC)c4)CC3)CC2)cc(OC)c1OC,12.0,COc1cc(/C=C/C(=O)O[C@H]2CC[C@@H](N(C)[C@H]3CC[C@H](OC(=O)c4cc(OC)c(OC)c(OC)c4)CC3)CC2)cc(OC)c1OC,7.920818753952375,GYWUGKYGQVCSEZ-AKZSVYKISA-N
CHEMBL3582139,C=CCOc1cc(C(=O)O[C@@H]2Cc3c(OC)cc(OC)cc3O[C@@H]2c2cc(OC)c(OC)c(OC)c2)cc(OCC=C)c1OCC=C,12.0,C=CCOc1cc(C(=O)O[C@@H]2Cc3c(OC)cc(OC)cc3O[C@@H]2c2cc(OC)c(OC)c(OC)c2)cc(OCC=C)c1OCC=C,7.920818753952375,UEPWDWPQMFHGAX-CZNDPXEESA-N
CHEMBL3582162,COc1cc(OC)c2c(c1)O[C@H](c1cc(OC)c(OC)c(OC)c1)[C@@H](OC(=O)c1ccc(OC)c(OC)c1)C2,12.0,COc1cc(OC)c2c(c1)O[C@H](c1cc(OC)c(OC)c(OC)c1)[C@@H](OC(=O)c1ccc(OC)c(OC)c1)C2,7.920818753952375,RUBDMCSYCHRMPQ-RRPNLBNLSA-N
CHEMBL4552725,Cc1cc(C)c(-c2cc(NC(=O)CSCC(=O)NC34CC5CC(CC(C5)C3)C4)n(-c3ccccc3)n2)cc1C,13.0,Cc1cc(C)c(-c2cc(NC(=O)CSCC(=O)NC34CC5CC(CC(C5)C3)C4)n(-c3ccccc3)n2)cc1C,7.886056647693163,NJMLZLFEPYDIKZ-UHFFFAOYSA-N
CHEMBL5401765,COc1cc2c(cc1OC)CN(C(=O)c1cc3cc(-c4ccc(NC(=O)c5ccc(F)cc5)cc4)ccc3[nH]1)CC2,13.0,COc1cc2c(cc1OC)CN(C(=O)c1cc3cc(-c4ccc(NC(=O)c5ccc(F)cc5)cc4)ccc3[nH]1)CC2,7.886056647693163,SKZXJJNPPIVVMZ-UHFFFAOYSA-N
CHEMBL3582159,COc1cc(OC)c2c(c1)O[C@H](c1cc(OC)c(OC)c(OC)c1)[C@H](OC(=O)c1ccc(F)c(NC(=O)c3ccc(F)c(NC(=O)c4cc(OC)c(OC)c(OC)c4)c3)c1)C2,13.4,COc1cc(OC)c2c(c1)O[C@H](c1cc(OC)c(OC)c(OC)c1)[C@H](OC(=O)c1ccc(F)c(NC(=O)c3ccc(F)c(NC(=O)c4cc(OC)c(OC)c(OC)c4)c3)c1)C2,7.872895201635193,SCOMCZNDFDQIFC-LJEWAXOPSA-N
CHEMBL3582158,COc1cc(OC)c2c(c1)O[C@H](c1cc(OC)c(OC)c(OC)c1)[C@H](OC(=O)c1ccc(F)c(NC(=O)c3ccc(F)c(NC(=O)c4ccc(OC)c(OC)c4)c3)c1)C2,13.6,COc1cc(OC)c2c(c1)O[C@H](c1cc(OC)c(OC)c(OC)c1)[C@H](OC(=O)c1ccc(F)c(NC(=O)c3ccc(F)c(NC(=O)c4ccc(OC)c(OC)c4)c3)c1)C2,7.866461091629782,VZOCQSVCAMLREC-LJEWAXOPSA-N
CHEMBL5076722,COc1cc2c(cc1OC)CN(CCc1ccc(-n3nnc(-c4cc(OCc5cccnc5)ccc4NC(=O)c4cc(=O)c5ccccc5o4)n3)cc1)CC2,14.0,COc1cc2c(cc1OC)CN(CCc1ccc(-n3nnc(-c4cc(OCc5cccnc5)ccc4NC(=O)c4cc(=O)c5ccccc5o4)n3)cc1)CC2,7.853871964321762,HBZSILJRRIYUAP-UHFFFAOYSA-N
CHEMBL4078738,CCN(CC)CCCn1c2ccccc2c(=O)c2cc(C)cc(C)c21,14.2,CCN(CC)CCCn1c2ccccc2c(=O)c2cc(C)cc(C)c21,7.847711655616943,DJTKQWPRLIGMKH-UHFFFAOYSA-N
CHEMBL3582182,COc1cc(OC)c2c(c1)O[C@H](c1cc(OC)c(OC)c(OC)c1)[C@@H](OC(=O)c1ccc(F)c(NC(=O)/C=C/c3ccc(OC)c(OC)c3)c1)C2=O,14.4,COc1cc(OC)c2c(c1)O[C@H](c1cc(OC)c(OC)c(OC)c1)[C@@H](OC(=O)c1ccc(F)c(NC(=O)/C=C/c3ccc(OC)c(OC)c3)c1)C2=O,7.841637507904751,HTURZGPZGDXBHE-IBOTZCERSA-N
CHEMBL3582143,COc1cc(OC)c2c(c1)O[C@H](c1cc(OC)c(OC)c(OC)c1)[C@H](OC(=O)c1ccc(F)c(NC(C)=O)c1)C2,14.8,COc1cc(OC)c2c(c1)O[C@H](c1cc(OC)c(OC)c(OC)c1)[C@H](OC(=O)c1ccc(F)c(NC(C)=O)c1)C2,7.8297382846050425,OXZHUHGNLRNJCM-KAYWLYCHSA-N
CHEMBL476704,CC(=O)O[C@H]1CC[C@@H](C)[C@]23OC(C)(C)[C@H](C[C@H](OC(=O)c4ccccc4)[C@]12C)[C@H]3OC(C)=O,15.0,CC(=O)O[C@H]1CC[C@@H](C)[C@]23OC(C)(C)[C@H](C[C@H](OC(=O)c4ccccc4)[C@]12C)[C@H]3OC(C)=O,7.823908740944319,DDIPYHPAIWOAAM-BFHJBHDXSA-N
CHEMBL3582157,COc1ccc(C(=O)Nc2cc(C(=O)Nc3cc(C(=O)O[C@@H]4Cc5c(OC)cc(OC)cc5O[C@@H]4c4cc(OC)c(OC)c(OC)c4)ccc3F)ccc2F)cc1,15.7,COc1ccc(C(=O)Nc2cc(C(=O)Nc3cc(C(=O)O[C@@H]4Cc5c(OC)cc(OC)cc5O[C@@H]4c4cc(OC)c(OC)c(OC)c4)ccc3F)ccc2F)cc1,7.804100347590766,WERAEEPDYIVTPB-XPSQVAKYSA-N
CHEMBL3582179,COc1cc(OC)c2c(c1)O[C@H](c1cc(OC)c(OC)c(OC)c1)[C@@H](OC(=O)/C=C/c1cc(OC)c(OC)c(OC)c1)C2=O,15.9,COc1cc(OC)c2c(c1)O[C@H](c1cc(OC)c(OC)c(OC)c1)[C@@H](OC(=O)/C=C/c1cc(OC)c(OC)c(OC)c1)C2=O,7.798602875679548,XEWUSMZNVDDSDW-BQGYHQMESA-N
CHEMBL2425924,COc1ccc(N(C)c2nc(C)nc3c2CCC3)cc1.Cl,16.4,COc1ccc(N(C)c2nc(C)nc3c2CCC3)cc1,7.785156151952302,GQRFTXWUCZQCHM-UHFFFAOYSA-N
CHEMBL4437065,Cc1cc(C)c(-c2cc(NC(=O)CSc3nnc4c(n3)[nH]c3ccccc34)n(-c3ccccc3)n2)cc1C,17.0,Cc1cc(C)c(-c2cc(NC(=O)CSc3nnc4c(n3)[nH]c3ccccc34)n(-c3ccccc3)n2)cc1C,7.769551078621726,NOTFJSIATRPNAH-UHFFFAOYSA-N
CHEMBL4094253,Cc1cc(C)c2c(c1)c(=O)c1ccccc1n2CCCN1CCCCC1,17.0,Cc1cc(C)c2c(c1)c(=O)c1ccccc1n2CCCN1CCCCC1,7.769551078621726,PNTMVOCDOXQCIL-UHFFFAOYSA-N
CHEMBL4073625,Cc1cc(C)c2c(c1)c(=O)c1ccccc1n2CCCN1CCN(C)CC1,17.2,Cc1cc(C)c2c(c1)c(=O)c1ccccc1n2CCCN1CCN(C)CC1,7.764471553092451,SGEIISAQAQTACA-UHFFFAOYSA-N
CHEMBL3339300,COc1cc(/C=C/C(=O)OCCCCCN(C)CCCOC(=O)c2c3ccccc3cc3ccccc23)cc(OC)c1OC,18.0,COc1cc(/C=C/C(=O)OCCCCCN(C)CCCOC(=O)c2c3ccccc3cc3ccccc23)cc(OC)c1OC,7.7447274948966935,MWPKBYPHINXLGS-ISLYRVAYSA-N
CHEMBL3582152,COc1cc(OC)c2c(c1)O[C@H](c1cc(OC)c(OC)c(OC)c1)[C@H](OC(=O)CCc1cc(OC)c(OC)c(OC)c1)C2,18.0,COc1cc(OC)c2c(c1)O[C@H](c1cc(OC)c(OC)c(OC)c1)[C@H](OC(=O)CCc1cc(OC)c(OC)c(OC)c1)C2,7.7447274948966935,NMYHLQAELGNFJE-PQHLKRTFSA-N
CHEMBL5076816,COc1cc(NC(=O)c2cc(=O)c3ccccc3o2)c(-c2nnn(-c3ccc(CCN4CCn5cncc5C4)cc3)n2)cc1OCc1ccccc1,18.0,COc1cc(NC(=O)c2cc(=O)c3ccccc3o2)c(-c2nnn(-c3ccc(CCN4CCn5cncc5C4)cc3)n2)cc1OCc1ccccc1,7.7447274948966935,UDDZMWUDZQHVIG-UHFFFAOYSA-N
CHEMBL3582164,COc1ccc(/C=C/C(=O)O[C@H]2Cc3c(OC)cc(OC)cc3O[C@@H]2c2cc(OC)c(OC)c(OC)c2)cc1,18.5,COc1ccc(/C=C/C(=O)O[C@H]2Cc3c(OC)cc(OC)cc3O[C@@H]2c2cc(OC)c(OC)c(OC)c2)cc1,7.732828271596986,FYHHGVGWQCFYCK-WCAQMMBYSA-N
CHEMBL3339301,COc1cc(/C=C/C(=O)OCCCCN(C)CCCCOC(=O)c2c3ccccc3cc3ccccc23)cc(OC)c1OC,19.0,COc1cc(/C=C/C(=O)OCCCCN(C)CCCCOC(=O)c2c3ccccc3cc3ccccc23)cc(OC)c1OC,7.721246399047171,AIHHSLLQSRUQIA-ISLYRVAYSA-N
CHEMBL3582151,COc1cc(OC)c2c(c1)O[C@H](c1cc(OC)c(OC)c(OC)c1)[C@H](OC(=O)CCc1ccc(OC)c(OC)c1)C2,19.0,COc1cc(OC)c2c(c1)O[C@H](c1cc(OC)c(OC)c(OC)c1)[C@H](OC(=O)CCc1ccc(OC)c(OC)c1)C2,7.721246399047171,YWDQFYDTUIAQQA-PQHLKRTFSA-N
CHEMBL3582137,COc1cc(OC)c2c(c1)O[C@H](c1cc(OC)c(OC)c(OC)c1)[C@H](OC(=O)c1ccc(OC)c(OC)c1)C2,19.5,COc1cc(OC)c2c(c1)O[C@H](c1cc(OC)c(OC)c(OC)c1)[C@H](OC(=O)c1ccc(OC)c(OC)c1)C2,7.709965388637482,RUBDMCSYCHRMPQ-KAYWLYCHSA-N
CHEMBL4099509,Cc1cc(C)c2c(c1)c(=O)c1ccccc1n2CCCN1CCOCC1,19.9,Cc1cc(C)c2c(c1)c(=O)c1ccccc1n2CCCN1CCOCC1,7.701146923590294,GZCNJGKYZLDAFN-UHFFFAOYSA-N
CHEMBL2074689,Cl.Cl.Cl.O[C@@H](COc1cccc2ncccc12)CN1CCN([C@@H]2c3ccccc3[C@@H]3[C@H](c4ccccc42)C3(F)F)CC1,20.0,O[C@@H](COc1cccc2ncccc12)CN1CCN([C@@H]2c3ccccc3[C@@H]3[C@H](c4ccccc42)C3(F)F)CC1,7.698970004336019,IHOVFYSQUDPMCN-DBEBIPAYSA-N
CHEMBL2316440,COc1ccc(C(C(=O)O[C@H]2CC[C@@H](N(C)[C@H]3CC[C@H](OC(=O)C#Cc4cc(OC)c(OC)c(OC)c4)CC3)CC2)c2ccc(OC)cc2)cc1,20.0,COc1ccc(C(C(=O)O[C@H]2CC[C@@H](N(C)[C@H]3CC[C@H](OC(=O)C#Cc4cc(OC)c(OC)c(OC)c4)CC3)CC2)c2ccc(OC)cc2)cc1,7.698970004336019,RBRDQAJOBKZMHD-JHYGXFGUSA-N
CHEMBL1643347,COc1cc(C#CC(=O)O[C@H]2CC[C@@H](N(C)[C@H]3CC[C@H](OC(=O)c4cc(OC)c(OC)c(OC)c4)CC3)CC2)cc(OC)c1OC,20.0,COc1cc(C#CC(=O)O[C@H]2CC[C@@H](N(C)[C@H]3CC[C@H](OC(=O)c4cc(OC)c(OC)c(OC)c4)CC3)CC2)cc(OC)c1OC,7.698970004336019,TUDPGFIDCKVNGY-VWDNVJOOSA-N
CHEMBL1631996,COc1cc(OC)c2c(c1)O[C@H](c1cc(OC)c(OC)c(OC)c1)[C@H](OC(=O)c1cc(OC)c(OC)c(OC)c1)C2,21.0,COc1cc(OC)c2c(c1)O[C@H](c1cc(OC)c(OC)c(OC)c1)[C@H](OC(=O)c1cc(OC)c(OC)c(OC)c1)C2,7.6777807052660805,SUPBGWCBZUZDOP-KAYWLYCHSA-N
CHEMBL4876772,CCCCCC(=O)O[C@@H]1[C@@H]2[C@@H](OC(C)=O)[C@]3(OC2(C)C)[C@H](C)C[C@@H](OC(C)=O)[C@H](OC(C)=O)[C@@]3(C)[C@H]1OC(=O)c1ccccc1,21.0,CCCCCC(=O)O[C@@H]1[C@@H]2[C@@H](OC(C)=O)[C@]3(OC2(C)C)[C@H](C)C[C@@H](OC(C)=O)[C@H](OC(C)=O)[C@@]3(C)[C@H]1OC(=O)c1ccccc1,7.6777807052660805,UBQDHGCEGZUGCK-GYKXWWKQSA-N
CHEMBL3582147,COc1ccc(/C=C/C(=O)O[C@@H]2Cc3c(OC)cc(OC)cc3O[C@@H]2c2cc(OC)c(OC)c(OC)c2)cc1,21.9,COc1ccc(/C=C/C(=O)O[C@@H]2Cc3c(OC)cc(OC)cc3O[C@@H]2c2cc(OC)c(OC)c(OC)c2)cc1,7.6595558851598815,FYHHGVGWQCFYCK-UVXVDMLGSA-N
CHEMBL4105194,CC(=O)O[C@@H]1[C@@H]2[C@@H](OC(C)=O)[C@]3(OC2(C)C)[C@H](C)C[C@@H](OC(C)=O)[C@H](OC(C)=O)[C@@]3(C)[C@@H]1OC(=O)c1ccccc1,22.0,CC(=O)O[C@@H]1[C@@H]2[C@@H](OC(C)=O)[C@]3(OC2(C)C)[C@H](C)C[C@@H](OC(C)=O)[C@H](OC(C)=O)[C@@]3(C)[C@@H]1OC(=O)c1ccccc1,7.657577319177793,AGDIWSDYRLWGIC-RSWYGVMDSA-N
CHEMBL1086218,C/C=C/C[C@@H](C)C(=O)[C@H]1C(=O)N[C@@H](C(C)C)C(=O)N(C)CC(=O)N(C)[C@@H](CC(C)C)C(=O)N[C@@H](C(C)C)C(=O)N(C)[C@@H](CC(C)C)C(=O)N[C@@H](C)C(=O)N[C@H](C)C(=O)N(C)[C@@H](CC(C)C)C(=O)N(C)[C@@H](CC(C)C)C(=O)N(C)[C@@H](C(C)C)C(=O)N1C,22.2,C/C=C/C[C@@H](C)C(=O)[C@H]1C(=O)N[C@@H](C(C)C)C(=O)N(C)CC(=O)N(C)[C@@H](CC(C)C)C(=O)N[C@@H](C(C)C)C(=O)N(C)[C@@H](CC(C)C)C(=O)N[C@@H](C)C(=O)N[C@H](C)C(=O)N(C)[C@@H](CC(C)C)C(=O)N(C)[C@@H](CC(C)C)C(=O)N(C)[C@@H](C(C)C)C(=O)N1C,7.653647025549361,YJDYDFNKCBANTM-QCWCSKBGSA-N
CHEMBL3601683,COc1ccc(C2=C(c3ccc(OC)c(OC)c3)C(=O)N(C(=O)c3cc(Br)c(OCc4ccccc4)cc3OC)C2=O)cc1OC,24.6,COc1ccc(C2=C(c3ccc(OC)c(OC)c3)C(=O)N(C(=O)c3cc(Br)c(OCc4ccccc4)cc3OC)C2=O)cc1OC,7.609064892896621,UQIPIIANKSPVQD-UHFFFAOYSA-N
CHEMBL3582146,COc1cc(OC)c2c(c1)O[C@H](c1cc(OC)c(OC)c(OC)c1)[C@H](OC(=O)Cc1cc(OC)c(OC)c(OC)c1)C2,25.0,COc1cc(OC)c2c(c1)O[C@H](c1cc(OC)c(OC)c(OC)c1)[C@H](OC(=O)Cc1cc(OC)c(OC)c(OC)c1)C2,7.6020599913279625,ROHMUMVTRZETHY-XRKRLSELSA-N
CHEMBL3601689,COc1ccc(C2=C(c3ccc(OC)c(OC)c3)C(=O)N(C(=O)N3CCN(CC(=O)c4ccc(OCc5ccccc5)c(OC)c4)CC3)C2=O)cc1OC,25.9,COc1ccc(C2=C(c3ccc(OC)c(OC)c3)C(=O)N(C(=O)N3CCN(CC(=O)c4ccc(OCc5ccccc5)c(OC)c4)CC3)C2=O)cc1OC,7.586700235918748,NUFULRRJUQGIJH-UHFFFAOYSA-N
CHEMBL4083858,CC(=O)O[C@@H]1[C@@H]2[C@@H](OC(C)=O)[C@]3(OC2(C)C)[C@H](C)C[C@H](OC(=O)/C=C/c2ccccc2)[C@H](OC(C)=O)[C@@]3(C)[C@@H]1OC(=O)c1ccccc1,26.0,CC(=O)O[C@@H]1[C@@H]2[C@@H](OC(C)=O)[C@]3(OC2(C)C)[C@H](C)C[C@H](OC(=O)/C=C/c2ccccc2)[C@H](OC(C)=O)[C@@]3(C)[C@@H]1OC(=O)c1ccccc1,7.585026652029182,RYUYERDNJUMWKE-ITECEVMJSA-N
CHEMBL3582178,COc1cc(OC)c2c(c1)O[C@H](c1cc(OC)c(OC)c(OC)c1)[C@@H](OC(=O)/C=C/c1ccc(OC)c(OC)c1)C2=O,26.2,COc1cc(OC)c2c(c1)O[C@H](c1cc(OC)c(OC)c(OC)c1)[C@@H](OC(=O)/C=C/c1ccc(OC)c(OC)c1)C2=O,7.581698708680254,PMWJQAWAXJKNOD-VNKOPLACSA-N
CHEMBL4091769,Cc1cc(C)c2[nH]c3ccccc3c(=O)c2c1,27.12,Cc1cc(C)c2[nH]c3ccccc3c(=O)c2c1,7.566710314804975,OEIQEJTVRHPXPM-UHFFFAOYSA-N
CHEMBL3582183,COc1cc(OC)c2c(c1)O[C@H](c1cc(OC)c(OC)c(OC)c1)[C@@H](OC(=O)c1ccc(F)c(NC(=O)/C=C/c3cc(OC)c(OC)c(OC)c3)c1)C2=O,27.8,COc1cc(OC)c2c(c1)O[C@H](c1cc(OC)c(OC)c(OC)c1)[C@@H](OC(=O)c1ccc(F)c(NC(=O)/C=C/c3cc(OC)c(OC)c(OC)c3)c1)C2=O,7.555955204081924,SPGQDVWNVYQKAD-PCCUFMBJSA-N
CHEMBL5437560,COc1cc2c(cc1OC)CN(C(=O)c1cc3cc(-c4ccc(NC(=O)c5ccc(C(F)(F)F)cc5)cc4)ccc3[nH]1)CC2,28.0,COc1cc2c(cc1OC)CN(C(=O)c1cc3cc(-c4ccc(NC(=O)c5ccc(C(F)(F)F)cc5)cc4)ccc3[nH]1)CC2,7.552841968657781,JXKKCGLVWSFNAS-UHFFFAOYSA-N
CHEMBL4565305,CC(C)(C)OC(=O)NCCCCCC(=O)N[C@H]1CC[C@]2(C)[C@H]3C[C@@H](O)[C@@H]4[C@@H]([C@]5(C)CC[C@H](C(C)(C)O)O5)CC[C@@]4(C)[C@]3(C)CC[C@H]2C1(C)C,28.29,CC(C)(C)OC(=O)NCCCCCC(=O)N[C@H]1CC[C@]2(C)[C@H]3C[C@@H](O)[C@@H]4[C@@H]([C@]5(C)CC[C@H](C(C)(C)O)O5)CC[C@@]4(C)[C@]3(C)CC[C@H]2C1(C)C,7.548367052543009,VDINNMXEKZJEKS-OVMOOWNWSA-N
CHEMBL2391704,CCOc1ccc(N(C)c2nc(N)nc3[nH]c4ccccc4c23)cc1,29.1,CCOc1ccc(N(C)c2nc(N)nc3[nH]c4ccccc4c23)cc1,7.536107011014093,QMKGFBTVQQZEJM-UHFFFAOYSA-N
CHEMBL64391,CCC(C)n1ncn(-c2ccc(N3CCN(c4ccc(OCC5COC(Cn6cncn6)(c6ccc(Cl)cc6Cl)O5)cc4)CC3)cc2)c1=O,30.0,CCC(C)n1ncn(-c2ccc(N3CCN(c4ccc(OCC5COC(Cn6cncn6)(c6ccc(Cl)cc6Cl)O5)cc4)CC3)cc2)c1=O,7.522878745280337,VHVPQPYKVGDNFY-UHFFFAOYSA-N
CHEMBL4166976,O=c1cc(-c2ccccc2)[nH]c2nc(SCc3nc4ccccc4[nH]3)nn12,30.0,O=c1cc(-c2ccccc2)[nH]c2nc(SCc3nc4ccccc4[nH]3)nn12,7.522878745280337,KDTKXHZGLKGSRG-UHFFFAOYSA-N
CHEMBL2316161,COc1cc(/C=C/C(=O)O[C@H]2CC[C@@H](N(C)[C@H]3CC[C@@H](OC(=O)c4cc(OC)c(OC)c(OC)c4)CC3)CC2)cc(OC)c1OC,30.0,COc1cc(/C=C/C(=O)O[C@H]2CC[C@@H](N(C)[C@H]3CC[C@@H](OC(=O)c4cc(OC)c(OC)c(OC)c4)CC3)CC2)cc(OC)c1OC,7.522878745280337,GYWUGKYGQVCSEZ-HTNMWRMPSA-N
CHEMBL3582176,C=CCOc1cc(C(=O)O[C@H]2C(=O)c3c(OC)cc(OC)cc3O[C@@H]2c2cc(OC)c(OC)c(OC)c2)cc(OCC=C)c1OCC=C,31.6,C=CCOc1cc(C(=O)O[C@H]2C(=O)c3c(OC)cc(OC)cc3O[C@@H]2c2cc(OC)c(OC)c(OC)c2)cc(OCC=C)c1OCC=C,7.500312917381596,UBAXEAYKIBZNKA-LDNVYYCDSA-N
CHEMBL313113,CCOC/C=C/c1ccc(-c2nc(-c3ccc(NC(C)C)cc3)c(-c3ccc(NC(C)C)cc3)[nH]2)cc1,31.62,CCOC/C=C/c1ccc(-c2nc(-c3ccc(NC(C)C)cc3)c(-c3ccc(NC(C)C)cc3)[nH]2)cc1,7.50003813440381,RSJCLODJSVZNQA-BQYQJAHWSA-N
CHEMBL3582145,COc1cc(OC)c2c(c1)O[C@H](c1cc(OC)c(OC)c(OC)c1)[C@H](OC(=O)Cc1ccc(OC)c(OC)c1)C2,32.2,COc1cc(OC)c2c(c1)O[C@H](c1cc(OC)c(OC)c(OC)c1)[C@H](OC(=O)Cc1ccc(OC)c(OC)c1)C2,7.492144128304169,SPKHFHAHOTXMCO-XRKRLSELSA-N
CHEMBL511093,CC(=O)O[C@@H]1[C@@H]2[C@@H](OC(C)=O)[C@]3(OC2(C)C)[C@H](C)CC[C@H](OC(C)=O)[C@@]3(C)[C@H]1OC(=O)c1ccccc1,34.0,CC(=O)O[C@@H]1[C@@H]2[C@@H](OC(C)=O)[C@]3(OC2(C)C)[C@H](C)CC[C@H](OC(C)=O)[C@@]3(C)[C@H]1OC(=O)c1ccccc1,7.468521082957745,ZFYHVMQCJIKTLP-LLWUNBJKSA-N
CHEMBL3582144,COc1ccc(CC(=O)O[C@@H]2Cc3c(OC)cc(OC)cc3O[C@@H]2c2cc(OC)c(OC)c(OC)c2)cc1,34.2,COc1ccc(CC(=O)O[C@@H]2Cc3c(OC)cc(OC)cc3O[C@@H]2c2cc(OC)c(OC)c(OC)c2)cc1,7.465973893943865,HGQTYFUYVDJECD-IXCJQBJRSA-N
CHEMBL2391709,COc1ccc(N(C)c2nc(N)nc3[nH]c4ccccc4c23)cc1,34.4,COc1ccc(N(C)c2nc(N)nc3[nH]c4ccccc4c23)cc1,7.46344155742847,LXPCMMVNRMVBIT-UHFFFAOYSA-N
CHEMBL5075886,COc1cc2c(cc1OC)CN(CCc1ccc(-n3nnc(-c4cc(OCc5ccncc5)ccc4NC(=O)c4cc(=O)c5ccccc5o4)n3)cc1)CC2,35.0,COc1cc2c(cc1OC)CN(CCc1ccc(-n3nnc(-c4cc(OCc5ccncc5)ccc4NC(=O)c4cc(=O)c5ccccc5o4)n3)cc1)CC2,7.455931955649724,HNJVTJANLLZWKY-UHFFFAOYSA-N
CHEMBL4442173,COc1cc(NC(=O)c2coc3ccccc3c2=O)c(-c2nnn(-c3ccc(CCN4CCc5ccccc5C4)cc3)n2)cc1OC,35.4,COc1cc(NC(=O)c2coc3ccccc3c2=O)c(-c2nnn(-c3ccc(CCN4CCc5ccccc5C4)cc3)n2)cc1OC,7.450996737974212,MTSTVZWVQAZPCW-UHFFFAOYSA-N
CHEMBL3582142,COc1cc(OC)c2c(c1)O[C@H](c1cc(OC)c(OC)c(OC)c1)[C@H](OC(=O)c1ccc(F)c(N(C)C)c1)C2,36.0,COc1cc(OC)c2c(c1)O[C@H](c1cc(OC)c(OC)c(OC)c1)[C@H](OC(=O)c1ccc(F)c(N(C)C)c1)C2,7.443697499232712,ZJDKKAAMUGGVMU-KAYWLYCHSA-N
CHEMBL3582181,COc1cc(OC)c2c(c1)O[C@H](c1cc(OC)c(OC)c(OC)c1)[C@@H](OC(=O)c1ccc(F)c(NC(=O)c3cc(OC)c(OC)c(OC)c3)c1)C2=O,36.5,COc1cc(OC)c2c(c1)O[C@H](c1cc(OC)c(OC)c(OC)c1)[C@@H](OC(=O)c1ccc(F)c(NC(=O)c3cc(OC)c(OC)c(OC)c3)c1)C2=O,7.437707135543525,AOWXCDZQBKSABG-LDNVYYCDSA-N
CHEMBL3582174,COc1cc(OC)c2c(c1)O[C@H](c1cc(OC)c(OC)c(OC)c1)[C@@H](OC(=O)c1ccc(OC)c(OC)c1)C2=O,36.6,COc1cc(OC)c2c(c1)O[C@H](c1cc(OC)c(OC)c(OC)c1)[C@@H](OC(=O)c1ccc(OC)c(OC)c1)C2=O,7.436518914605589,SAXLHSJGMGUSJQ-IAPPQJPRSA-N
CHEMBL4849983,CC(=O)O[C@H]1[C@@H]2[C@@H](OC(=O)/C=C/c3ccccc3)[C@]3(OC2(C)C)[C@H](C)C[C@H](O)[C@H](OC(C)=O)[C@@]3(C)[C@H]1OC(=O)c1ccccc1,37.0,CC(=O)O[C@H]1[C@@H]2[C@@H](OC(=O)/C=C/c3ccccc3)[C@]3(OC2(C)C)[C@H](C)C[C@H](O)[C@H](OC(C)=O)[C@@]3(C)[C@H]1OC(=O)c1ccccc1,7.431798275933005,KPKOHRWPECEWRN-IATFNYHPSA-N
CHEMBL5081940,COc1cc(NC(=O)c2cnc3ccccc3c2)c(-c2nnn(-c3ccc(CCN4CCc5cnccc5C4)cc3)n2)cc1OCc1ccccc1,39.0,COc1cc(NC(=O)c2cnc3ccccc3c2)c(-c2nnn(-c3ccc(CCN4CCc5cnccc5C4)cc3)n2)cc1OCc1ccccc1,7.4089353929735005,CNPVASHDPUJKPV-UHFFFAOYSA-N
CHEMBL5081545,COc1cc2c(cc1OC)CN(CCc1ccc(-n3nnc(-c4cc(Oc5cccnc5)ccc4NC(=O)c4cc(=O)c5ccccc5o4)n3)cc1)CC2,39.0,COc1cc2c(cc1OC)CN(CCc1ccc(-n3nnc(-c4cc(Oc5cccnc5)ccc4NC(=O)c4cc(=O)c5ccccc5o4)n3)cc1)CC2,7.4089353929735005,CENXIKQNOHHKPJ-UHFFFAOYSA-N
CHEMBL3823024,Cc1cccc(-c2coc3c(c(O)cc4occ(-c5cccc(C)c5)c(=O)c43)c2=O)c1,39.11,Cc1cccc(-c2coc3c(c(O)cc4occ(-c5cccc(C)c5)c(=O)c43)c2=O)c1,7.4077121840478695,YODNETMUXGRYDW-UHFFFAOYSA-N
CHEMBL3233494,COc1cc2c(cc1OC)C(=O)/C(=C/C=C/c1ccc(N(C)C)cc1)C2,40.0,COc1cc2c(cc1OC)C(=O)/C(=C/C=C/c1ccc(N(C)C)cc1)C2,7.3979400086720375,JFBGCZWCKLYHEB-OWRQJNCQSA-N
CHEMBL3582150,COc1ccc(CCC(=O)O[C@@H]2Cc3c(OC)cc(OC)cc3O[C@@H]2c2cc(OC)c(OC)c(OC)c2)cc1,40.1,COc1ccc(CCC(=O)O[C@@H]2Cc3c(OC)cc(OC)cc3O[C@@H]2c2cc(OC)c(OC)c(OC)c2)cc1,7.396855627379818,QYZKXRXZXGTMSY-XRKRLSELSA-N
CHEMBL3582177,COc1ccc(/C=C/C(=O)O[C@H]2C(=O)c3c(OC)cc(OC)cc3O[C@@H]2c2cc(OC)c(OC)c(OC)c2)cc1,40.7,COc1ccc(/C=C/C(=O)O[C@H]2C(=O)c3c(OC)cc(OC)cc3O[C@@H]2c2cc(OC)c(OC)c(OC)c2)cc1,7.39040559077478,NXJOBOQNIOYQFI-AKMNDLLVSA-N
CHEMBL5083331,COc1cc(NC(=O)c2cc(=O)c3ccccc3o2)c(-c2nnn(-c3ccc(CCN4CCc5cnccc5C4)cc3)n2)cc1OCc1ccccc1,41.0,COc1cc(NC(=O)c2cc(=O)c3ccccc3o2)c(-c2nnn(-c3ccc(CCN4CCc5cnccc5C4)cc3)n2)cc1OCc1ccccc1,7.3872161432802645,RZBYWYQCFTUDRA-UHFFFAOYSA-N
CHEMBL1824506,COc1ccc(N(C)c2nc(C)nc3c2CC(C)C3)cc1.Cl,44.4,COc1ccc(N(C)c2nc(C)nc3c2CC(C)C3)cc1,7.35261702988538,QFMYKKOZVFBBGI-UHFFFAOYSA-N
CHEMBL3582175,COc1cc(OC)c2c(c1)O[C@H](c1cc(OC)c(OC)c(OC)c1)[C@@H](OC(=O)c1cc(OC)c(OC)c(OC)c1)C2=O,44.4,COc1cc(OC)c2c(c1)O[C@H](c1cc(OC)c(OC)c(OC)c1)[C@@H](OC(=O)c1cc(OC)c(OC)c(OC)c1)C2=O,7.35261702988538,PXFJDZAFLWYCTL-UHSQPCAPSA-N
CHEMBL3582136,COc1cccc(C(=O)O[C@@H]2Cc3c(OC)cc(OC)cc3O[C@@H]2c2cc(OC)c(OC)c(OC)c2)c1,45.2,COc1cccc(C(=O)O[C@@H]2Cc3c(OC)cc(OC)cc3O[C@@H]2c2cc(OC)c(OC)c(OC)c2)c1,7.3448615651886175,VQUQGNHHKBQNRX-CLJLJLNGSA-N
CHEMBL4072052,Cc1cc(Nc2ccccc2)n2nc(SCc3nc4ccccc4[nH]3)nc2n1,46.0,Cc1cc(Nc2ccccc2)n2nc(SCc3nc4ccccc4[nH]3)nc2n1,7.337242168318426,RPUPMJSUYBHUSL-UHFFFAOYSA-N
CHEMBL3582173,COc1ccc(C(=O)O[C@H]2C(=O)c3c(OC)cc(OC)cc3O[C@@H]2c2cc(OC)c(OC)c(OC)c2)cc1,47.9,COc1ccc(C(=O)O[C@H]2C(=O)c3c(OC)cc(OC)cc3O[C@@H]2c2cc(OC)c(OC)c(OC)c2)cc1,7.319664486585436,QTOKQSAAOPWAEX-VPUSJEBWSA-N
CHEMBL4857143,CC(=O)O[C@@H]1C[C@@H](C)[C@]23OC(C)(C)[C@H]([C@@H](O)[C@H](OC(=O)c4ccccc4)[C@@]2(C)[C@H]1OC(C)=O)[C@H]3OC(=O)/C=C/c1ccccc1,48.0,CC(=O)O[C@@H]1C[C@@H](C)[C@]23OC(C)(C)[C@H]([C@@H](O)[C@H](OC(=O)c4ccccc4)[C@@]2(C)[C@H]1OC(C)=O)[C@H]3OC(=O)/C=C/c1ccccc1,7.318758762624412,AYFLMIKBWXAFOA-VICOLCJMSA-N
CHEMBL5419927,COc1cc2c(cc1OC)CN(C(=O)c1cc3cc(-c4ccc(NC(=O)c5cccc(F)c5)cc4)ccc3[nH]1)CC2,48.0,COc1cc2c(cc1OC)CN(C(=O)c1cc3cc(-c4ccc(NC(=O)c5cccc(F)c5)cc4)ccc3[nH]1)CC2,7.318758762624412,QJWSIHUAKXVAKD-UHFFFAOYSA-N
CHEMBL4517579,CC(C)(O)[C@H]1CC[C@@](C)([C@H]2CC[C@]3(C)[C@@H]2[C@H](O)C[C@@H]2[C@@]4(C)CC[C@H](N)C(C)(C)[C@@H]4CC[C@]23C)O1,48.16,CC(C)(O)[C@H]1CC[C@@](C)([C@H]2CC[C@]3(C)[C@@H]2[C@H](O)C[C@@H]2[C@@]4(C)CC[C@H](N)C(C)(C)[C@@H]4CC[C@]23C)O1,7.317313521750232,LPCBPIORAZSYNK-LEJKDQSTSA-N
CHEMBL3582163,COc1cc(OC)c2c(c1)O[C@H](c1cc(OC)c(OC)c(OC)c1)[C@@H](OC(=O)c1cc(OC)c(OC)c(OC)c1)C2,49.0,COc1cc(OC)c2c(c1)O[C@H](c1cc(OC)c(OC)c(OC)c1)[C@@H](OC(=O)c1cc(OC)c(OC)c(OC)c1)C2,7.309803919971486,SUPBGWCBZUZDOP-RRPNLBNLSA-N
CHEMBL5077462,COc1cc(NC(=O)c2cc(=O)c3ccccc3o2)c(-c2nnn(-c3ccc(CCN4CCc5cnccc5C4)cc3)n2)cc1OC,49.0,COc1cc(NC(=O)c2cc(=O)c3ccccc3o2)c(-c2nnn(-c3ccc(CCN4CCc5cnccc5C4)cc3)n2)cc1OC,7.309803919971486,HPVPHZAVNPALGM-UHFFFAOYSA-N
CHEMBL5075114,COc1cc(NC(=O)c2cc(=O)c3ccccc3o2)c(-c2nnn(-c3ccc(CCN4CCc5ccncc5C4)cc3)n2)cc1OC,50.0,COc1cc(NC(=O)c2cc(=O)c3ccccc3o2)c(-c2nnn(-c3ccc(CCN4CCc5ccncc5C4)cc3)n2)cc1OC,7.301029995663981,AXKJSOCDLOSUDW-UHFFFAOYSA-N
CHEMBL2059236,O=C(c1ccccc1)c1ccccc1OCC(O)CN1CCN(CC(O)COc2ccccc2C(=O)c2ccccc2)CC1,50.0,O=C(c1ccccc1)c1ccccc1OCC(O)CN1CCN(CC(O)COc2ccccc2C(=O)c2ccccc2)CC1,7.301029995663981,DDFNGYBINAZREK-UHFFFAOYSA-N
CHEMBL2316443,COc1cc(C#CC(=O)O[C@H]2CC[C@@H](N(C)[C@H]3CC[C@@H](OC(=O)C4c5ccccc5-c5ccccc54)CC3)CC2)cc(OC)c1OC,50.0,COc1cc(C#CC(=O)O[C@H]2CC[C@@H](N(C)[C@H]3CC[C@@H](OC(=O)C4c5ccccc5-c5ccccc54)CC3)CC2)cc(OC)c1OC,7.301029995663981,URRSSYRSFVEQPP-JFKGYSMFSA-N
CHEMBL1087138,COc1ccc(C(C#N)(CCCNCc2c3ccccc3cc3ccccc23)C(C)C)cc1OC,50.0,COc1ccc(C(C#N)(CCCNCc2c3ccccc3cc3ccccc23)C(C)C)cc1OC,7.301029995663981,LTJIEICMUPPKGH-UHFFFAOYSA-N
CHEMBL3582141,COc1cc(OC)c2c(c1)O[C@H](c1cc(OC)c(OC)c(OC)c1)[C@H](OC(=O)c1ccc(F)cc1)C2,53.3,COc1cc(OC)c2c(c1)O[C@H](c1cc(OC)c(OC)c(OC)c1)[C@H](OC(=O)c1ccc(F)cc1)C2,7.273272790973428,GSLAKAYJDVXMMC-JWQCQUIFSA-N
CHEMBL4097492,CC(=O)O[C@H]1[C@@H]2[C@@H](OC(C)=O)[C@]3(OC2(C)C)[C@H](C)C[C@@H](OC(C)=O)[C@H](OC(C)=O)[C@@]3(C)[C@H]1OC(=O)c1ccccc1,56.0,CC(=O)O[C@H]1[C@@H]2[C@@H](OC(C)=O)[C@]3(OC2(C)C)[C@H](C)C[C@@H](OC(C)=O)[C@H](OC(C)=O)[C@@]3(C)[C@H]1OC(=O)c1ccccc1,7.251811972993799,AGDIWSDYRLWGIC-OODQMOGOSA-N
CHEMBL5425185,C#CCN(CCOCCOc1ccc(-c2cc(=O)c3ccccc3o2)cc1)Cc1ccc(C2(C(F)(F)F)N=N2)cc1,57.0,C#CCN(CCOCCOc1ccc(-c2cc(=O)c3ccccc3o2)cc1)Cc1ccc(C2(C(F)(F)F)N=N2)cc1,7.2441251443275085,FWIOFRQQJLOZOT-UHFFFAOYSA-N
CHEMBL4476464,Cc1cc(C)c(-c2cc(NC(=O)CSCC(=O)c3ccc4c(c3)Cc3ccccc3-4)n(-c3ccccc3)n2)cc1C,57.0,Cc1cc(C)c(-c2cc(NC(=O)CSCC(=O)c3ccc4c(c3)Cc3ccccc3-4)n(-c3ccccc3)n2)cc1C,7.2441251443275085,CJIOSPRHOPVRKJ-UHFFFAOYSA-N
CHEMBL344278,O=C(CCc1ccccc1)c1ccccc1OCC(O)CN1CCC(O)(c2ccccc2)CC1,57.54,O=C(CCc1ccccc1)c1ccccc1OCC(O)CN1CCC(O)(c2ccccc2)CC1,7.2400301424456925,YQLGIKXRTZJNLK-UHFFFAOYSA-N
CHEMBL3233505,COc1cc(/C=C/C=C/C(=O)c2cccc(C(=O)/C=C/C=C/c3cc(OC)c(OC)c(OC)c3)c2)cc(OC)c1OC,57.54,COc1cc(/C=C/C=C/C(=O)c2cccc(C(=O)/C=C/C=C/c3cc(OC)c(OC)c(OC)c3)c2)cc(OC)c1OC,7.2400301424456925,FVLSZVAZLRLHIP-XUPLYHMQSA-N
CHEMBL4876031,CC(=O)O[C@@H]1C[C@@H](C)[C@]23OC(C)(C)[C@H](C[C@H](OC(=O)c4ccccc4)[C@]2(C)[C@H]1OC(C)=O)[C@H]3OC(=O)/C=C/c1ccccc1,58.0,CC(=O)O[C@@H]1C[C@@H](C)[C@]23OC(C)(C)[C@H](C[C@H](OC(=O)c4ccccc4)[C@]2(C)[C@H]1OC(C)=O)[C@H]3OC(=O)/C=C/c1ccccc1,7.236572006437063,RAFMPQUGTWPMRU-HFMLBVIOSA-N
CHEMBL3601688,CCCCC1OC(=O)c2cc(NC(=O)N3C(=O)C(c4ccc(OC)c(OC)c4)=C(c4ccc(OC)c(OC)c4)C3=O)ccc21,58.2,CCCCC1OC(=O)c2cc(NC(=O)N3C(=O)C(c4ccc(OC)c(OC)c4)=C(c4ccc(OC)c(OC)c4)C3=O)ccc21,7.235077015350112,CJULHKRTFUNYTB-UHFFFAOYSA-N
CHEMBL4475388,Cc1cc(C)c(-c2cc(NC(=O)CSc3n[nH]c(C4CC4)n3)n(-c3ccccc3)n2)cc1C,59.0,Cc1cc(C)c(-c2cc(NC(=O)CSc3n[nH]c(C4CC4)n3)n(-c3ccccc3)n2)cc1C,7.229147988357855,DBAZHNMKICPZRD-UHFFFAOYSA-N
CHEMBL5090486,COc1cc2c(cc1OC)CN(CCc1ccc(-n3nnc(-c4cc(OCc5ccccc5)c(OC)cc4NC(=O)c4cc(=O)c5ccccc5o4)n3)cc1)CC2,61.0,COc1cc2c(cc1OC)CN(CCc1ccc(-n3nnc(-c4cc(OCc5ccccc5)c(OC)cc4NC(=O)c4cc(=O)c5ccccc5o4)n3)cc1)CC2,7.214670164989233,VDYKJXQJLZOTSB-UHFFFAOYSA-N
CHEMBL3582161,COc1ccc(C(=O)O[C@H]2Cc3c(OC)cc(OC)cc3O[C@@H]2c2cc(OC)c(OC)c(OC)c2)cc1,67.1,COc1ccc(C(=O)O[C@H]2Cc3c(OC)cc(OC)cc3O[C@@H]2c2cc(OC)c(OC)c(OC)c2)cc1,7.1732774798310075,BCBGTCAABCWHLH-IZZNHLLZSA-N
CHEMBL3822838,COc1ccc(-c2coc3c(c(O)cc4occ(-c5ccc(OC)c(OC)c5)c(=O)c43)c2=O)cc1OC,67.67,COc1ccc(-c2coc3c(c(O)cc4occ(-c5ccc(OC)c(OC)c5)c(=O)c43)c2=O)cc1OC,7.169603823516531,HPVJWIGUQJWCAE-UHFFFAOYSA-N
CHEMBL608533,CO[C@@H]1[C@H](N(C)C(=O)c2ccccc2)C[C@H]2O[C@]1(C)n1c3ccccc3c3c4c(c5c6ccccc6n2c5c31)C(=O)NC4,68.0,CO[C@@H]1[C@H](N(C)C(=O)c2ccccc2)C[C@H]2O[C@]1(C)n1c3ccccc3c3c4c(c5c6ccccc6n2c5c31)C(=O)NC4,7.167491087293763,BMGQWWVMWDBQGC-IIFHNQTCSA-N
CHEMBL1643345,COc1cc(C#CC(=O)O[C@H]2CC[C@H](N(C)[C@H]3CC[C@H](OC(=O)c4cc(OC)c(OC)c(OC)c4)CC3)CC2)cc(OC)c1OC,70.0,COc1cc(C#CC(=O)O[C@H]2CC[C@H](N(C)[C@H]3CC[C@H](OC(=O)c4cc(OC)c(OC)c(OC)c4)CC3)CC2)cc(OC)c1OC,7.154901959985743,TUDPGFIDCKVNGY-DUOCIXOMSA-N
CHEMBL4592250,COc1cc2c(cc1OC)CN(CCCCCOc1ccc3c(C)c(C)c(=O)oc3c1)CC2,70.0,COc1cc2c(cc1OC)CN(CCCCCOc1ccc3c(C)c(C)c(=O)oc3c1)CC2,7.154901959985743,KKHBQYDECRQPOM-UHFFFAOYSA-N
CHEMBL1643346,COc1cc(C#CC(=O)O[C@H]2CC[C@@H](N(C)[C@H]3CC[C@@H](OC(=O)c4cc(OC)c(OC)c(OC)c4)CC3)CC2)cc(OC)c1OC,70.0,COc1cc(C#CC(=O)O[C@H]2CC[C@@H](N(C)[C@H]3CC[C@@H](OC(=O)c4cc(OC)c(OC)c(OC)c4)CC3)CC2)cc(OC)c1OC,7.154901959985743,TUDPGFIDCKVNGY-PVCJUVKBSA-N
CHEMBL4854885,CC(=O)O[C@H]1C[C@@H](C)[C@]23OC(C)(C)[C@H](C[C@H](OC(=O)c4ccccc4)[C@@]2(C)[C@@H]1OC(C)=O)[C@H]3OC(=O)c1ccccc1,71.0,CC(=O)O[C@H]1C[C@@H](C)[C@]23OC(C)(C)[C@H](C[C@H](OC(=O)c4ccccc4)[C@@]2(C)[C@@H]1OC(C)=O)[C@H]3OC(=O)c1ccccc1,7.1487416512809245,KYEKMLQQOXNBSD-SAQAUKLZSA-N
CHEMBL2391703,CCN(c1ccc(OC)cc1)c1nc(N)nc2[nH]c3ccccc3c12,72.0,CCN(c1ccc(OC)cc1)c1nc(N)nc2[nH]c3ccccc3c12,7.142667503568731,NOOJSKFTZMLHMC-UHFFFAOYSA-N
CHEMBL2316434,COc1cc(/C=C/C(=O)O[C@H]2CC[C@H](N(C)[C@H]3CC[C@H](OC(=O)C4c5ccccc5-c5ccccc54)CC3)CC2)cc(OC)c1OC,75.0,COc1cc(/C=C/C(=O)O[C@H]2CC[C@H](N(C)[C@H]3CC[C@H](OC(=O)C4c5ccccc5-c5ccccc54)CC3)CC2)cc(OC)c1OC,7.1249387366083,OWUNWYFBVXAWFX-OASGAIJMSA-N
CHEMBL493022,CC(=O)O[C@H]1CC[C@@H](C)[C@]23OC(C)(C)[C@H](C[C@H](OC(=O)c4ccccc4)[C@]12C)[C@H]3OC(=O)/C=C/c1ccccc1,77.0,CC(=O)O[C@H]1CC[C@@H](C)[C@]23OC(C)(C)[C@H](C[C@H](OC(=O)c4ccccc4)[C@]12C)[C@H]3OC(=O)/C=C/c1ccccc1,7.113509274827518,HYPWFAUBYBMXNJ-DMRFDBRWSA-N
CHEMBL3822907,COc1ccc(-c2coc3c(c(O)cc4occ(-c5ccc(OC)cc5)c(=O)c43)c2=O)cc1,78.82,COc1ccc(-c2coc3c(c(O)cc4occ(-c5ccc(OC)cc5)c(=O)c43)c2=O)cc1,7.103363569470416,TWCHPOVZCCAPMG-UHFFFAOYSA-N
CHEMBL4437966,CC(C)CN(C[C@@H](OC(=O)CCCSSCCCC(=O)OC[C@@H]1C=C[C@H](n2cnc3c(NC4CC4)nc(N)nc32)C1)[C@H](Cc1ccccc1)NC(=O)O[C@H]1CO[C@H]2OCC[C@H]21)S(=O)(=O)c1ccc(N)cc1,80.0,CC(C)CN(C[C@@H](OC(=O)CCCSSCCCC(=O)OC[C@@H]1C=C[C@H](n2cnc3c(NC4CC4)nc(N)nc32)C1)[C@H](Cc1ccccc1)NC(=O)O[C@H]1CO[C@H]2OCC[C@H]21)S(=O)(=O)c1ccc(N)cc1,7.096910013008056,NMPBJJJCSCUGRY-OVLSJUFGSA-N
CHEMBL485918,COc1cccc(CCc2ccccc2OCCCCN2CCc3ccccc3C2)c1,80.0,COc1cccc(CCc2ccccc2OCCCCN2CCc3ccccc3C2)c1,7.096910013008056,OPXRSVLLXLRXFI-UHFFFAOYSA-N
CHEMBL2316433,COc1cc(/C=C/C(=O)O[C@H]2CC[C@@H](N(C)[C@H]3CC[C@H](OC(=O)C4c5ccccc5-c5ccccc54)CC3)CC2)cc(OC)c1OC,80.0,COc1cc(/C=C/C(=O)O[C@H]2CC[C@@H](N(C)[C@H]3CC[C@H](OC(=O)C4c5ccccc5-c5ccccc54)CC3)CC2)cc(OC)c1OC,7.096910013008056,OWUNWYFBVXAWFX-AKURXZRGSA-N
CHEMBL2316432,COc1ccc(C(C#N)(CCC(=O)O[C@H]2CC[C@@H](N(C)[C@H]3CC[C@H](OC(=O)/C=C/c4cc(OC)c(OC)c(OC)c4)CC3)CC2)C(C)C)cc1OC,80.0,COc1ccc(C(C#N)(CCC(=O)O[C@H]2CC[C@@H](N(C)[C@H]3CC[C@H](OC(=O)/C=C/c4cc(OC)c(OC)c(OC)c4)CC3)CC2)C(C)C)cc1OC,7.096910013008056,WOHMJNKGVJONJX-PBYNSRTCSA-N
CHEMBL2058782,Cc1cccc(N2CCN(CC(O)COc3ccccc3C(=O)c3ccccc3)CC2)c1C,80.0,Cc1cccc(N2CCN(CC(O)COc3ccccc3C(=O)c3ccccc3)CC2)c1C,7.096910013008056,MGPNVGWVWYINQN-UHFFFAOYSA-N
CHEMBL1643344,COc1cc(C#CC(=O)O[C@H]2CC[C@H](N(C)[C@H]3CC[C@@H](OC(=O)c4cc(OC)c(OC)c(OC)c4)CC3)CC2)cc(OC)c1OC,80.0,COc1cc(C#CC(=O)O[C@H]2CC[C@H](N(C)[C@H]3CC[C@@H](OC(=O)c4cc(OC)c(OC)c(OC)c4)CC3)CC2)cc(OC)c1OC,7.096910013008056,TUDPGFIDCKVNGY-HDDLTCNGSA-N
CHEMBL272423,COc1cccc(CCc2ccccc2NCc2cccc(OC)c2OC)c1,85.0,COc1cccc(CCc2ccccc2NCc2cccc(OC)c2OC)c1,7.070581074285707,DNMIEUYXHWQBLV-UHFFFAOYSA-N
CHEMBL444075,COc1cc2c(cc1OC)CN(CCc1ccc(NC(=O)c3ccccc3NC(=O)c3cnc4ccccc4c3)cc1)CC2,87.0,COc1cc2c(cc1OC)CN(CCc1ccc(NC(=O)c3ccccc3NC(=O)c3cnc4ccccc4c3)cc1)CC2,7.060480747381382,TZASTBIDWCFCGN-UHFFFAOYSA-N
CHEMBL486337,COc1cccc(CCc2ccccc2OCCCN2CCc3cc(OC)c(OC)cc3C2)c1,90.0,COc1cccc(CCc2ccccc2OCCCN2CCc3cc(OC)c(OC)cc3C2)c1,7.045757490560675,BKBFXPYTVYLRLP-UHFFFAOYSA-N
CHEMBL5076237,COc1cc2c(cc1OC)CN(CCc1ccc(-n3nnc(-c4cc(OC)c(OC)cc4NC(=O)c4cc(=O)c5cc(Br)ccc5o4)n3)cc1)CC2,91.0,COc1cc2c(cc1OC)CN(CCc1ccc(-n3nnc(-c4cc(OC)c(OC)cc4NC(=O)c4cc(=O)c5cc(Br)ccc5o4)n3)cc1)CC2,7.040958607678906,BMLQPDGIGJKFQV-UHFFFAOYSA-N
CHEMBL1641620,COc1cc(/C=C/C(=O)O[C@H]2CC[C@H](N(C)[C@H]3CC[C@@H](OC(=O)c4cc(OC)c(OC)c(OC)c4)CC3)CC2)cc(OC)c1OC,92.0,COc1cc(/C=C/C(=O)O[C@H]2CC[C@H](N(C)[C@H]3CC[C@@H](OC(=O)c4cc(OC)c(OC)c(OC)c4)CC3)CC2)cc(OC)c1OC,7.036212172654444,GYWUGKYGQVCSEZ-ZCHVARTASA-N
CHEMBL4790452,CCC(=O)c1ccc(-c2cn(-c3ccc(CCN4CCc5cc(OC)c(OCCOCCOCCOC)cc5C4)cc3)nn2)cc1NC(=O)c1ccc2ccccc2n1,93.0,CCC(=O)c1ccc(-c2cn(-c3ccc(CCN4CCc5cc(OC)c(OCCOCCOCCOC)cc5C4)cc3)nn2)cc1NC(=O)c1ccc2ccccc2n1,7.031517051446065,CHAZSVOPUAINSR-UHFFFAOYSA-N
CHEMBL5094677,COc1cc2c(cc1OC)CN(CCc1ccc(-n3nnc(-c4cc(OC)c(OC)cc4NC(=O)c4ccc(-c5ccncc5)cc4)n3)cc1)CC2,94.0,COc1cc2c(cc1OC)CN(CCc1ccc(-n3nnc(-c4cc(OC)c(OC)cc4NC(=O)c4ccc(-c5ccncc5)cc4)n3)cc1)CC2,7.026872146400302,IJGIQGNHDYQIKZ-UHFFFAOYSA-N
CHEMBL4764773,CCC(=O)c1ccc(-c2cn(-c3ccc(CCN4CCc5cc(OC)c(OC)cc5C4)cc3)nn2)cc1NC(=O)c1ccc2ccccc2n1,96.0,CCC(=O)c1ccc(-c2cn(-c3ccc(CCN4CCc5cc(OC)c(OC)cc5C4)cc3)nn2)cc1NC(=O)c1ccc2ccccc2n1,7.017728766960431,KQTJIUOOFLJRAY-UHFFFAOYSA-N
CHEMBL3582140,COc1cc(OC)c2c(c1)O[C@H](c1cc(OC)c(OC)c(OC)c1)[C@H](OC(=O)c1cccc(F)c1)C2,97.1,COc1cc(OC)c2c(c1)O[C@H](c1cc(OC)c(OC)c(OC)c1)[C@H](OC(=O)c1cccc(F)c1)C2,7.012780770091995,XQGYRYBAIZWDNZ-JWQCQUIFSA-N
CHEMBL495060,CC(=O)O[C@H]1CC[C@@H](C)[C@]23OC(C)(C)[C@H](C[C@H](OC(=O)c4ccccc4)[C@]12C)[C@H]3OC(=O)c1ccccc1,100.0,CC(=O)O[C@H]1CC[C@@H](C)[C@]23OC(C)(C)[C@H](C[C@H](OC(=O)c4ccccc4)[C@]12C)[C@H]3OC(=O)c1ccccc1,7.0,CWAUWHSITVGXFR-CRBFZXEMSA-N
CHEMBL4077753,COc1cc(C(=O)NC(c2nc(C(=O)NC3CCC(F)(F)CC3)cs2)C(C)C)cc(OC)c1OC,100.0,COc1cc(C(=O)NC(c2nc(C(=O)NC3CCC(F)(F)CC3)cs2)C(C)C)cc(OC)c1OC,7.0,RPPDQVOBXVTPME-UHFFFAOYSA-N
CHEMBL5402347,COc1ccc(C(=O)Nc2ccc(-c3ccc4[nH]c(C(=O)N5CCc6cc(OC)c(OC)cc6C5)cc4c3)cc2)cc1OC,101.0,COc1ccc(C(=O)Nc2ccc(-c3ccc4[nH]c(C(=O)N5CCc6cc(OC)c(OC)cc6C5)cc4c3)cc2)cc1OC,6.995678626217358,WAFYNRPNQAJSEB-UHFFFAOYSA-N
CHEMBL5400694,COc1cc2c(cc1OC)CN(C(=O)c1cc3cc(-c4ccc(NC(=O)c5ccccc5F)cc4)ccc3[nH]1)CC2,104.0,COc1cc2c(cc1OC)CN(C(=O)c1cc3cc(-c4ccc(NC(=O)c5ccccc5F)cc4)ccc3[nH]1)CC2,6.982966660701219,SNXRPCBFGAPLKL-UHFFFAOYSA-N
CHEMBL26635,N#Cc1c2n(c3c(N4CCN(CCc5ccc(F)c(F)c5)CC4)nc(-c4ccncc4)nc13)CCCC2,105.0,N#Cc1c2n(c3c(N4CCN(CCc5ccc(F)c(F)c5)CC4)nc(-c4ccncc4)nc13)CCCC2,6.978810700930062,LWMRNOHPZGMUEC-UHFFFAOYSA-N
CHEMBL3582172,COc1cc(OC)c2c(c1)O[C@H](c1cc(OC)c(OC)c(OC)c1)[C@@H](OC(C)=O)C2=O,107.3,COc1cc(OC)c2c(c1)O[C@H](c1cc(OC)c(OC)c(OC)c1)[C@@H](OC(C)=O)C2=O,6.9694002780340485,XAGIAEOMIIISHO-IRLDBZIGSA-N
CHEMBL519547,COc1cccc(CCc2ccccc2OCCCCCN2CCc3cc(OC)c(OC)cc3C2)c1,110.0,COc1cccc(CCc2ccccc2OCCCCCN2CCc3cc(OC)c(OC)cc3C2)c1,6.958607314841775,UZHJKQAEGCHEJR-UHFFFAOYSA-N
CHEMBL3582138,CCOc1cc(C(=O)O[C@@H]2Cc3c(OC)cc(OC)cc3O[C@@H]2c2cc(OC)c(OC)c(OC)c2)cc(OCC)c1OCC,112.9,CCOc1cc(C(=O)O[C@@H]2Cc3c(OC)cc(OC)cc3O[C@@H]2c2cc(OC)c(OC)c(OC)c2)cc(OCC)c1OCC,6.947306058075032,LIFSPMCHVUXAPY-LOYHVIPDSA-N
CHEMBL5394148,COc1cc2c(cc1OC)CN(C(=O)c1cc3cc(-c4ccc(NC(=O)c5cccc(Cl)c5)cc4)ccc3[nH]1)CC2,114.0,COc1cc2c(cc1OC)CN(C(=O)c1cc3cc(-c4ccc(NC(=O)c5cccc(Cl)c5)cc4)ccc3[nH]1)CC2,6.943095148663527,GJSWHZMXYKPVOJ-UHFFFAOYSA-N
CHEMBL2316441,COc1cc(C#CC(=O)O[C@H]2CC[C@@H](N(C)[C@H]3CC[C@H](OC(=O)C4c5ccccc5-c5ccccc54)CC3)CC2)cc(OC)c1OC,120.0,COc1cc(C#CC(=O)O[C@H]2CC[C@@H](N(C)[C@H]3CC[C@H](OC(=O)C4c5ccccc5-c5ccccc54)CC3)CC2)cc(OC)c1OC,6.920818753952375,URRSSYRSFVEQPP-SVBXLRLBSA-N
CHEMBL2316439,COc1ccc(C(C(=O)O[C@H]2CC[C@@H](N(C)[C@H]3CC[C@@H](OC(=O)C#Cc4cc(OC)c(OC)c(OC)c4)CC3)CC2)c2ccc(OC)cc2)cc1,120.0,COc1ccc(C(C(=O)O[C@H]2CC[C@@H](N(C)[C@H]3CC[C@@H](OC(=O)C#Cc4cc(OC)c(OC)c(OC)c4)CC3)CC2)c2ccc(OC)cc2)cc1,6.920818753952375,RBRDQAJOBKZMHD-ZEIODQBDSA-N
CHEMBL3233503,COc1cc(C(=O)/C=C/c2cccc(/C=C/C(=O)c3cc(OC)c(OC)c(OC)c3)c2)cc(OC)c1OC,120.0,COc1cc(C(=O)/C=C/c2cccc(/C=C/C(=O)c3cc(OC)c(OC)c(OC)c3)c2)cc(OC)c1OC,6.920818753952375,ZYCFOAUYRLKUOP-DCIPZJNNSA-N
CHEMBL297453,O=C(O[C@@H]1Cc2c(O)cc(O)cc2O[C@@H]1c1cc(O)c(O)c(O)c1)c1cc(O)c(O)c(O)c1,122.6,O=C(O[C@@H]1Cc2c(O)cc(O)cc2O[C@@H]1c1cc(O)c(O)c(O)c1)c1cc(O)c(O)c(O)c1,6.911509529817604,WMBWREPUVVBILR-WIYYLYMNSA-N
CHEMBL3601687,COc1ccc(C2=C(c3ccc(OC)c(OC)c3)C(=O)N(C(=O)Nc3ccc4c(c3)C(=O)OC4)C2=O)cc1OC,125.8,COc1ccc(C2=C(c3ccc(OC)c(OC)c3)C(=O)N(C(=O)Nc3ccc4c(c3)C(=O)OC4)C2=O)cc1OC,6.90031935889075,KAGOMTMKPIZBLV-UHFFFAOYSA-N
CHEMBL2220507,COc1cc2c(cc1OC)C(=O)/C(=C/c1ccc(N(C)C)cc1)C2,130.0,COc1cc2c(cc1OC)C(=O)/C(=C/c1ccc(N(C)C)cc1)C2,6.886056647693163,HDVCLPMRJWHUAA-OQLLNIDSSA-N
CHEMBL2316437,COc1ccc(C(C(=O)O[C@H]2CC[C@H](N(C)[C@H]3CC[C@@H](OC(=O)C#Cc4cc(OC)c(OC)c(OC)c4)CC3)CC2)c2ccc(OC)cc2)cc1,130.0,COc1ccc(C(C(=O)O[C@H]2CC[C@H](N(C)[C@H]3CC[C@@H](OC(=O)C#Cc4cc(OC)c(OC)c(OC)c4)CC3)CC2)c2ccc(OC)cc2)cc1,6.886056647693163,RBRDQAJOBKZMHD-DBEAWWPQSA-N
CHEMBL4438522,Cc1cc(C)c(-c2cc(NC(=O)CSCC(=O)NCc3ccc(F)cc3)n(-c3ccccc3)n2)cc1C,131.0,Cc1cc(C)c(-c2cc(NC(=O)CSCC(=O)NCc3ccc(F)cc3)n(-c3ccccc3)n2)cc1C,6.882728704344236,WNBCWNUHZQIEPY-UHFFFAOYSA-N
CHEMBL3582160,COc1cc(OC)c2c(c1)O[C@H](c1cc(OC)c(OC)c(OC)c1)[C@@H](O)C2,135.9,COc1cc(OC)c2c(c1)O[C@H](c1cc(OC)c(OC)c(OC)c1)[C@@H](O)C2,6.866780543267506,XTGUWFUENAJQSX-IFXJQAMLSA-N
CHEMBL3601690,COc1ccc(C2=C(c3ccc(OC)c(OC)c3)C(=O)N(C(=O)N3CCN(CC(=O)c4ccc(S(C)(=O)=O)cc4)CC3)C2=O)cc1OC,136.0,COc1ccc(C2=C(c3ccc(OC)c(OC)c3)C(=O)N(C(=O)N3CCN(CC(=O)c4ccc(S(C)(=O)=O)cc4)CC3)C2=O)cc1OC,6.866461091629782,XMYVDRYGHRTUHS-UHFFFAOYSA-N
CHEMBL3233502,COc1ccc(C(=O)/C=C/c2cccc(/C=C/C(=O)c3ccc(OC)c(OC)c3)c2)cc1OC,138.04,COc1ccc(C(=O)/C=C/c2cccc(/C=C/C(=O)c3ccc(OC)c(OC)c3)c2)cc1OC,6.859995049380551,PENJNWUNTMPZMH-QHKWOANTSA-N
CHEMBL3233504,COc1cc(/C=C/C(=O)c2cccc(C(=O)/C=C/c3cc(OC)c(OC)c(OC)c3)c2)cc(OC)c1OC,138.04,COc1cc(/C=C/C(=O)c2cccc(C(=O)/C=C/c3cc(OC)c(OC)c(OC)c3)c2)cc(OC)c1OC,6.859995049380551,KPXHIHRSEPTTMN-DCIPZJNNSA-N
CHEMBL3233496,COc1cc2c(cc1OC)C(=O)/C(=C/C=C/c1cc(OC)c(OC)c(OC)c1)CC2,140.0,COc1cc2c(cc1OC)C(=O)/C(=C/C=C/c1cc(OC)c(OC)c(OC)c1)CC2,6.853871964321762,DKITYKCTFCKRPH-QICXOPSUSA-N
CHEMBL2316430,COc1ccc(C(C#N)(CCC(=O)O[C@H]2CC[C@H](N(C)[C@H]3CC[C@H](OC(=O)/C=C/c4cc(OC)c(OC)c(OC)c4)CC3)CC2)C(C)C)cc1OC,140.0,COc1ccc(C(C#N)(CCC(=O)O[C@H]2CC[C@H](N(C)[C@H]3CC[C@H](OC(=O)/C=C/c4cc(OC)c(OC)c(OC)c4)CC3)CC2)C(C)C)cc1OC,6.853871964321762,WOHMJNKGVJONJX-ZDXCCCBSSA-N
CHEMBL2316438,COc1ccc(C(C(=O)O[C@H]2CC[C@H](N(C)[C@H]3CC[C@H](OC(=O)C#Cc4cc(OC)c(OC)c(OC)c4)CC3)CC2)c2ccc(OC)cc2)cc1,140.0,COc1ccc(C(C(=O)O[C@H]2CC[C@H](N(C)[C@H]3CC[C@H](OC(=O)C#Cc4cc(OC)c(OC)c(OC)c4)CC3)CC2)c2ccc(OC)cc2)cc1,6.853871964321762,RBRDQAJOBKZMHD-VKEMJIJFSA-N
CHEMBL258909,COc1cc2c(cc1OC)CN(CCc1ccc(NC(=O)c3cnc4ccccc4c3)cc1)CC2,144.54,COc1cc2c(cc1OC)CN(CCc1ccc(NC(=O)c3cnc4ccccc4c3)cc1)CC2,6.840011949618013,JRAUGJQOFHLBMH-UHFFFAOYSA-N
CHEMBL3580679,COc1ccc(C(=O)O[C@@H]2Cc3c(OC)cc(OC)cc3O[C@@H]2c2cc(OC)c(OC)c(OC)c2)cc1,147.7,COc1ccc(C(=O)O[C@@H]2Cc3c(OC)cc(OC)cc3O[C@@H]2c2cc(OC)c(OC)c(OC)c2)cc1,6.830619504688051,BCBGTCAABCWHLH-CLJLJLNGSA-N
CHEMBL5438188,CCOc1ccc(C(=O)Nc2ccc(-c3ccc4[nH]c(C(=O)N5CCc6cc(OC)c(OC)cc6C5)cc4c3)cc2)cc1,148.0,CCOc1ccc(C(=O)Nc2ccc(-c3ccc4[nH]c(C(=O)N5CCc6cc(OC)c(OC)cc6C5)cc4c3)cc2)cc1,6.8297382846050425,USZKTPFHZDIUJU-UHFFFAOYSA-N
CHEMBL148318,O=C(c1ccccc1)c1ccccc1OCC(O)CN1CCN(c2ccc(F)cc2)CC1,150.0,O=C(c1ccccc1)c1ccccc1OCC(O)CN1CCN(c2ccc(F)cc2)CC1,6.823908740944319,UHWBVAVSBQYTQW-UHFFFAOYSA-N
CHEMBL486534,COc1cccc(CCc2ccccc2OCCCCN2CCN(C)CC2)c1,150.0,COc1cccc(CCc2ccccc2OCCCCN2CCN(C)CC2)c1,6.823908740944319,WQAMGHLLODCQBL-UHFFFAOYSA-N
CHEMBL4476238,COc1cc2c(cc1OC)CN(CCCCOc1ccc3c(C)c(C)c(=O)oc3c1)CC2,150.0,COc1cc2c(cc1OC)CN(CCCCOc1ccc3c(C)c(C)c(=O)oc3c1)CC2,6.823908740944319,XUCMEJHZEBONIQ-UHFFFAOYSA-N
CHEMBL2316436,COc1cc(/C=C/C(=O)O[C@H]2CC[C@H](N(C)[C@H]3CC[C@@H](OC(=O)C4c5ccccc5-c5ccccc54)CC3)CC2)cc(OC)c1OC,150.0,COc1cc(/C=C/C(=O)O[C@H]2CC[C@H](N(C)[C@H]3CC[C@@H](OC(=O)C4c5ccccc5-c5ccccc54)CC3)CC2)cc(OC)c1OC,6.823908740944319,OWUNWYFBVXAWFX-UPMUHZMGSA-N
CHEMBL2316431,COc1ccc(C(C#N)(CCC(=O)O[C@H]2CC[C@@H](N(C)[C@H]3CC[C@@H](OC(=O)/C=C/c4cc(OC)c(OC)c(OC)c4)CC3)CC2)C(C)C)cc1OC,150.0,COc1ccc(C(C#N)(CCC(=O)O[C@H]2CC[C@@H](N(C)[C@H]3CC[C@@H](OC(=O)/C=C/c4cc(OC)c(OC)c(OC)c4)CC3)CC2)C(C)C)cc1OC,6.823908740944319,WOHMJNKGVJONJX-VHCFDALLSA-N
CHEMBL5400984,COc1cccc(C(=O)Nc2ccc(-c3ccc4[nH]c(C(=O)N5CCc6cc(OC)c(OC)cc6C5)cc4c3)cc2)c1,151.0,COc1cccc(C(=O)Nc2ccc(-c3ccc4[nH]c(C(=O)N5CCc6cc(OC)c(OC)cc6C5)cc4c3)cc2)c1,6.82102305270683,JCMFBRLJCGMWPZ-UHFFFAOYSA-N
CHEMBL3582135,COc1cc(OC)c2c(c1)O[C@H](c1cc(OC)c(OC)c(OC)c1)[C@H](O)C2,155.2,COc1cc(OC)c2c(c1)O[C@H](c1cc(OC)c(OC)c(OC)c1)[C@H](O)C2,6.809108283077831,XTGUWFUENAJQSX-AUUYWEPGSA-N
CHEMBL5426953,O=c1cc(-c2ccc(OCCOCCN(Cc3ccc(C4(C(F)(F)F)N=N4)cc3)Cc3ccc(C4(C(F)(F)F)N=N4)cc3)cc2)oc2ccccc12,158.0,O=c1cc(-c2ccc(OCCOCCN(Cc3ccc(C4(C(F)(F)F)N=N4)cc3)Cc3ccc(C4(C(F)(F)F)N=N4)cc3)cc2)oc2ccccc12,6.801342913045577,GWTMSPKGWFNRHT-UHFFFAOYSA-N
CHEMBL485727,COc1cccc(CCc2ccccc2OCCCCN2CCc3cc(OC)c(OC)cc3C2)c1,160.0,COc1cccc(CCc2ccccc2OCCCCN2CCc3cc(OC)c(OC)cc3C2)c1,6.795880017344075,GXAYQOXIRCFABO-UHFFFAOYSA-N
CHEMBL4473596,COc1cc2c(cc1OC)CN(Cc1cccc(COc3ccc4c(C)c(C)c(=O)oc4c3)c1)CC2,160.0,COc1cc2c(cc1OC)CN(Cc1cccc(COc3ccc4c(C)c(C)c(=O)oc4c3)c1)CC2,6.795880017344075,PYOUXIPBRMKBKP-UHFFFAOYSA-N
CHEMBL4539336,COc1cc2c(cc1OC)CN(Cc1ccccc1COc1ccc3c(C)c(C)c(=O)oc3c1)CC2,160.0,COc1cc2c(cc1OC)CN(Cc1ccccc1COc1ccc3c(C)c(C)c(=O)oc3c1)CC2,6.795880017344075,GZQFGCSRBLIEMI-UHFFFAOYSA-N
CHEMBL2058783,Cc1cccc(N2CCN(CC(O)COc3cccc(C(=O)c4ccccc4)c3)CC2)c1C,170.0,Cc1cccc(N2CCN(CC(O)COc3cccc(C(=O)c4ccccc4)c3)CC2)c1C,6.769551078621726,WMDTXGCYUPWHGZ-UHFFFAOYSA-N
CHEMBL490985,Nc1ncnc2c1ncn2[C@@H]1O[C@H](COC(=O)c2ccc(S(=O)(=O)F)cc2)[C@@H](O)[C@H]1O,170.0,Nc1ncnc2c1ncn2[C@@H]1O[C@H](COC(=O)c2ccc(S(=O)(=O)F)cc2)[C@@H](O)[C@H]1O,6.769551078621726,AQZGKOBMIMVGMG-XNIJJKJLSA-N
CHEMBL235389,CC(=O)Oc1cc(OC(C)=O)c2c(c1)O[C@H](c1cc(OC(C)=O)c(OC(C)=O)c(OC(C)=O)c1)[C@H](OC(=O)c1cc(OC(C)=O)c(OC(C)=O)c(OC(C)=O)c1)C2,176.1,CC(=O)Oc1cc(OC(C)=O)c2c(c1)O[C@H](c1cc(OC(C)=O)c(OC(C)=O)c(OC(C)=O)c1)[C@H](OC(=O)c1cc(OC(C)=O)c(OC(C)=O)c(OC(C)=O)c1)C2,6.754240644032723,SVHJCTSSYQPWEV-VSJLXWSYSA-N
CHEMBL272036,COc1cccc(CCc2ccccc2NCc2ccc(OC)c(OC)c2)c1,180.0,COc1cccc(CCc2ccccc2NCc2ccc(OC)c(OC)c2)c1,6.7447274948966935,IPXHDKAGTKPTNS-UHFFFAOYSA-N
CHEMBL2316435,COc1cc(/C=C/C(=O)O[C@H]2CC[C@@H](N(C)[C@H]3CC[C@@H](OC(=O)C4c5ccccc5-c5ccccc54)CC3)CC2)cc(OC)c1OC,180.0,COc1cc(/C=C/C(=O)O[C@H]2CC[C@@H](N(C)[C@H]3CC[C@@H](OC(=O)C4c5ccccc5-c5ccccc54)CC3)CC2)cc(OC)c1OC,6.7447274948966935,OWUNWYFBVXAWFX-PSDDJHKBSA-N
CHEMBL1790683,CC[C@H](C)[C@@H]1NC(=O)[C@@H]2CCCN2C(=O)[C@H](Cc2ccccc2)N(C)C(=O)[C@H](Cc2ccccc2)NC(=O)[C@H](C(C)C)N(C)C(=O)[C@@H]([C@@H](C)CC)OC(=O)C(=C(C)C)N(C)C(=O)[C@H](CC(C)C)NC(=O)[C@H](C(C)C)N(C)C1=O,180.0,CC[C@H](C)[C@@H]1NC(=O)[C@@H]2CCCN2C(=O)[C@H](Cc2ccccc2)N(C)C(=O)[C@H](Cc2ccccc2)NC(=O)[C@H](C(C)C)N(C)C(=O)[C@@H]([C@@H](C)CC)OC(=O)C(=C(C)C)N(C)C(=O)[C@H](CC(C)C)NC(=O)[C@H](C(C)C)N(C)C1=O,6.7447274948966935,FXTRBRNZAIPKSS-MHYMGKOVSA-N
CHEMBL4856923,COc1cc2c(cc1OC)CN(CCNC(=O)c1ccc(C)c(Nc3nccc(-c4ccco4)n3)c1)CC2,180.0,COc1cc2c(cc1OC)CN(CCNC(=O)c1ccc(C)c(Nc3nccc(-c4ccco4)n3)c1)CC2,6.7447274948966935,NSYBFCBVMIYRAL-UHFFFAOYSA-N
CHEMBL4462737,COc1cc2c(cc1OC)CN(CCc1ccc(COc3ccc4c(C)c(C)c(=O)oc4c3)cc1)CC2,190.0,COc1cc2c(cc1OC)CN(CCc1ccc(COc3ccc4c(C)c(C)c(=O)oc4c3)cc1)CC2,6.721246399047171,BGWAMHCZOJDHAY-UHFFFAOYSA-N
CHEMBL4450854,COc1cc2c(cc1OC)CN(Cc1ccc(COc3ccc4c(C)c(C)c(=O)oc4c3)cc1)CC2,190.0,COc1cc2c(cc1OC)CN(Cc1ccc(COc3ccc4c(C)c(C)c(=O)oc4c3)cc1)CC2,6.721246399047171,CPPMZZSHAZCFJY-UHFFFAOYSA-N
CHEMBL4569990,COc1cc2c(cc1OC)CN(CCCOc1ccc3c(C)c(C)c(=O)oc3c1)CC2,190.0,COc1cc2c(cc1OC)CN(CCCOc1ccc3c(C)c(C)c(=O)oc3c1)CC2,6.721246399047171,GWSRBMJZRDYLBB-UHFFFAOYSA-N
CHEMBL5574090,CCOc1ccc(-c2c(C=O)c(-c3ccco3)n3c2-c2cc(OCC)c(OCC)cc2CC3)cc1OCC,190.0,CCOc1ccc(-c2c(C=O)c(-c3ccco3)n3c2-c2cc(OCC)c(OCC)cc2CC3)cc1OCC,6.721246399047171,SQFLBKQVDDVYDL-UHFFFAOYSA-N
CHEMBL2011282,COc1ccc(CCNC(=O)c2cc(=O)c3c(OCc4ccccc4)cccc3o2)cc1OC,194.0,COc1ccc(CCNC(=O)c2cc(=O)c3c(OCc4ccccc4)cccc3o2)cc1OC,6.7121982700697735,NRWKOPKPCJMFGI-UHFFFAOYSA-N
CHEMBL487760,COc1cccc(CCc2ccccc2OCCCCN2CCN(c3ncccn3)CC2)c1,200.0,COc1cccc(CCc2ccccc2OCCCCN2CCN(c3ncccn3)CC2)c1,6.698970004336019,KBVKGDXJIDQBBH-UHFFFAOYSA-N
CHEMBL3317923,COc1cc(OC)c(C(=O)Nc2ccc(-c3cccnc3)cc2F)cc1OC,200.0,COc1cc(OC)c(C(=O)Nc2ccc(-c3cccnc3)cc2F)cc1OC,6.698970004336019,HAYDYFNDRBBNRE-UHFFFAOYSA-N
CHEMBL2059231,Cc1ccccc1N1CCN(CC(O)COc2cccc(C(=O)c3ccccc3)c2)CC1,200.0,Cc1ccccc1N1CCN(CC(O)COc2cccc(C(=O)c3ccccc3)c2)CC1,6.698970004336019,LWLQRZIVDVWBMW-UHFFFAOYSA-N
CHEMBL5404144,COc1cc2c(cc1OC)CN(C(=O)c1cc3cc(-c4ccc(NC(=O)c5ccccc5Cl)cc4)ccc3[nH]1)CC2,203.0,COc1cc2c(cc1OC)CN(C(=O)c1cc3cc(-c4ccc(NC(=O)c5ccccc5Cl)cc4)ccc3[nH]1)CC2,6.692503962086787,CNBJXZFJGUJWRX-UHFFFAOYSA-N
CHEMBL258882,COc1cc2c(cc1OC)CN(CCc1ccc(NC(=O)c3cnc4ccccc4n3)cc1)CC2,208.93,COc1cc2c(cc1OC)CN(CCc1ccc(NC(=O)c3cnc4ccccc4n3)cc1)CC2,6.679999195735272,OWDKQYZKJSCJLQ-UHFFFAOYSA-N
CHEMBL5072078,COc1cc2c(cc1OC)CN(CCc1ccc(-n3nnc(-c4cc(OCCc5cccnc5)ccc4NC(=O)c4cc(=O)c5ccccc5o4)n3)cc1)CC2,210.0,COc1cc2c(cc1OC)CN(CCc1ccc(-n3nnc(-c4cc(OCCc5cccnc5)ccc4NC(=O)c4cc(=O)c5ccccc5o4)n3)cc1)CC2,6.6777807052660805,RQZREBGUWYXWLE-UHFFFAOYSA-N
CHEMBL1253372,CC(C)(C)OC(=O)[C@H](CCCCNC(=O)OCc1ccccc1)NC[C@@H]1C[C@@H](OCc2ccccc2)CN1C(=O)OC(C)(C)C,220.0,CC(C)(C)OC(=O)[C@H](CCCCNC(=O)OCc1ccccc1)NC[C@@H]1C[C@@H](OCc2ccccc2)CN1C(=O)OC(C)(C)C,6.657577319177793,PTVBRWZQHJAIAX-JBOQNHBVSA-N
CHEMBL4571279,COc1cc2c(cc1OC)CN(CCCCCOc1ccc3c(C)c(-c4ccccc4)c(=O)oc3c1)CC2,220.0,COc1cc2c(cc1OC)CN(CCCCCOc1ccc3c(C)c(-c4ccccc4)c(=O)oc3c1)CC2,6.657577319177793,STGJFKMXOJBUDO-UHFFFAOYSA-N
CHEMBL5083312,COc1cc([C@H]2c3ccccc3C(=O)N3C[C@H](C(=O)c4ccccc4)N(C(C)=O)C[C@H]23)cc2c1OCO2,220.0,COc1cc([C@H]2c3ccccc3C(=O)N3C[C@H](C(=O)c4ccccc4)N(C(C)=O)C[C@H]23)cc2c1OCO2,6.657577319177793,IDANOMWCBLGPHR-PLXFJCCSSA-N
CHEMBL4464239,COc1cc2c(cc1OC)CN(CCCCCCOc1ccc3c(C)c(C)c(=O)oc3c1)CC2,220.0,COc1cc2c(cc1OC)CN(CCCCCCOc1ccc3c(C)c(C)c(=O)oc3c1)CC2,6.657577319177793,UQWVSJMUZHWGMW-UHFFFAOYSA-N
CHEMBL4795035,Cc1cc(Nc2ccccc2F)n2nc(SCc3nc4ccccc4[nH]3)nc2n1,220.0,Cc1cc(Nc2ccccc2F)n2nc(SCc3nc4ccccc4[nH]3)nc2n1,6.657577319177793,IGFZKHICVKUQIT-UHFFFAOYSA-N
CHEMBL5073106,COc1cc2c(cc1OC)CN(CCc1ccc(-n3nnc(-c4cc(OC)c(OC)cc4NC(=O)c4ccc(-c5cccnc5)cc4)n3)cc1)CC2,222.0,COc1cc2c(cc1OC)CN(CCc1ccc(-n3nnc(-c4cc(OC)c(OC)cc4NC(=O)c4ccc(-c5cccnc5)cc4)n3)cc1)CC2,6.653647025549361,CVXOJRXBGNHASI-UHFFFAOYSA-N
CHEMBL4534001,COc1ccc(C(=O)N2CCc3c([nH]c4ccccc34)C2c2ccc(Cl)c(Cl)c2)cc1,226.0,COc1ccc(C(=O)N2CCc3c([nH]c4ccccc34)C2c2ccc(Cl)c(Cl)c2)cc1,6.645891560852599,AKQFVWUCZTWDKB-UHFFFAOYSA-N
CHEMBL3220345,Nc1nc(NC2CC2)c2ncn([C@H]3C=C[C@@H](COC(=O)CCCCCCCCC(=O)OC[C@@H]4C=C[C@H](n5cnc6c(NC7CC7)nc(N)nc65)C4)C3)c2n1,240.0,Nc1nc(NC2CC2)c2ncn([C@H]3C=C[C@@H](COC(=O)CCCCCCCCC(=O)OC[C@@H]4C=C[C@H](n5cnc6c(NC7CC7)nc(N)nc65)C4)C3)c2n1,6.619788758288394,FNRSGOVCRWQSMA-ZBVBGGFBSA-N
CHEMBL2316429,COc1ccc(C(C#N)(CCC(=O)O[C@H]2CC[C@H](N(C)[C@H]3CC[C@@H](OC(=O)/C=C/c4cc(OC)c(OC)c(OC)c4)CC3)CC2)C(C)C)cc1OC,240.0,COc1ccc(C(C#N)(CCC(=O)O[C@H]2CC[C@H](N(C)[C@H]3CC[C@@H](OC(=O)/C=C/c4cc(OC)c(OC)c(OC)c4)CC3)CC2)C(C)C)cc1OC,6.619788758288394,WOHMJNKGVJONJX-NQEGRKRKSA-N
CHEMBL5407553,COc1cccc(-c2ccc3[nH]c(C(=O)N4CCc5cc(OC)c(OC)cc5C4)cc3c2)c1,241.0,COc1cccc(-c2ccc3[nH]c(C(=O)N4CCc5cc(OC)c(OC)cc5C4)cc3c2)c1,6.617982957425132,GAIHXLPNVGTBQX-UHFFFAOYSA-N
CHEMBL5420094,COc1cc2c(cc1OC)CN(C(=O)c1cc3cc(-c4ccc(NC(=O)c5ccc(Br)cc5)cc4)ccc3[nH]1)CC2,244.0,COc1cc2c(cc1OC)CN(C(=O)c1cc3cc(-c4ccc(NC(=O)c5ccc(Br)cc5)cc4)ccc3[nH]1)CC2,6.61261017366127,FWOSOYJIIQFXAP-UHFFFAOYSA-N
CHEMBL346292,COc1cc2c(cc1OC)CN(CCc1ccc(NC(=O)c3ccccc3NC(=O)c3ccccc3)cc1)CC2,250.0,COc1cc2c(cc1OC)CN(CCc1ccc(NC(=O)c3ccccc3NC(=O)c3ccccc3)cc1)CC2,6.6020599913279625,AEXVPZYELNSRFS-UHFFFAOYSA-N
CHEMBL258610,COc1cccc(CCc2ccccc2OCc2cccc(OC)c2OC)c1,250.0,COc1cccc(CCc2ccccc2OCc2cccc(OC)c2OC)c1,6.6020599913279625,SBJIBBIMIYBVRK-UHFFFAOYSA-N
CHEMBL4060820,COc1cc(Nc2cc(C)nc3nc(SCc4nc5ccccc5[nH]4)nn23)cc(OC)c1OC,250.0,COc1cc(Nc2cc(C)nc3nc(SCc4nc5ccccc5[nH]4)nn23)cc(OC)c1OC,6.6020599913279625,JWDOAGVEAWCPHG-UHFFFAOYSA-N
CHEMBL4798894,Cc1cc(Nc2cc(F)c(F)cc2F)n2nc(SCc3nc4ccccc4[nH]3)nc2n1,260.0,Cc1cc(Nc2cc(F)c(F)cc2F)n2nc(SCc3nc4ccccc4[nH]3)nc2n1,6.585026652029182,DVUFYZCWMBXROP-UHFFFAOYSA-N
CHEMBL4863230,CC(=O)OC[C@]12[C@H](OC(C)=O)C(=O)[C@@H]3[C@@H](O)[C@]1(OC3(C)C)[C@H](C)[C@@H](OC(C)=O)[C@H](OC(C)=O)[C@@H]2OC(C)=O,260.0,CC(=O)OC[C@]12[C@H](OC(C)=O)C(=O)[C@@H]3[C@@H](O)[C@]1(OC3(C)C)[C@H](C)[C@@H](OC(C)=O)[C@H](OC(C)=O)[C@@H]2OC(C)=O,6.585026652029182,WKKFHAVPUIRPMU-QOMLESTBSA-N
CHEMBL5078371,COc1cc([C@H]2c3ncccc3C(=O)N3C[C@H](Cc4ccccc4)N(C(C)=O)C[C@H]23)cc2c1OCO2,270.0,COc1cc([C@H]2c3ncccc3C(=O)N3C[C@H](Cc4ccccc4)N(C(C)=O)C[C@H]23)cc2c1OCO2,6.568636235841013,JSMHBJDTZOCMJO-NIRIFSCTSA-N
CHEMBL4099054,Cc1cc(Nc2ccc(Cl)cc2)n2nc(SCc3nc4ccccc4[nH]3)nc2n1,270.0,Cc1cc(Nc2ccc(Cl)cc2)n2nc(SCc3nc4ccccc4[nH]3)nc2n1,6.568636235841013,VZICKIIZVPCXRL-UHFFFAOYSA-N
CHEMBL488910,COc1ccc2c3c([nH]c2c1)[C@H](CC(C)C)N1C(=O)[C@H](CCC(=O)OC(C)(C)C)NC(=O)[C@@H]1C3,271.0,COc1ccc2c3c([nH]c2c1)[C@H](CC(C)C)N1C(=O)[C@H](CCC(=O)OC(C)(C)C)NC(=O)[C@@H]1C3,6.567030709125595,NXNRAECHCJZNRF-JBACZVJFSA-N
CHEMBL5069845,COc1cc([C@H]2c3cccnc3C(=O)N3C[C@@H](C(=O)c4ccccc4)N(C(C)=O)C[C@H]23)cc2c1OCO2,280.0,COc1cc([C@H]2c3cccnc3C(=O)N3C[C@@H](C(=O)c4ccccc4)N(C(C)=O)C[C@H]23)cc2c1OCO2,6.552841968657781,ZWCQDCLBSRYRRO-DPLHUUCSSA-N
CHEMBL5081790,COc1cc([C@H]2c3ncccc3C(=O)N3C[C@H](C(=O)c4ccccc4)N(C(C)=O)C[C@H]23)cc2c1OCO2,280.0,COc1cc([C@H]2c3ncccc3C(=O)N3C[C@H](C(=O)c4ccccc4)N(C(C)=O)C[C@H]23)cc2c1OCO2,6.552841968657781,YTRVQLIKOYPSDZ-PQNGQFLHSA-N
CHEMBL4474108,COc1cc2c(cc1OC)CN(CCCCCOc1ccc3c(C)c(Br)c(=O)oc3c1)CC2,280.0,COc1cc2c(cc1OC)CN(CCCCCOc1ccc3c(C)c(Br)c(=O)oc3c1)CC2,6.552841968657781,SVZFJRJPPXMZOB-UHFFFAOYSA-N
CHEMBL5436340,C#CCNc1cc(C)cc2c(=O)cc(-c3ccc(OCCOCCNCc4ccc(C5(C(F)(F)F)N=N5)cc4)cc3)oc12,280.0,C#CCNc1cc(C)cc2c(=O)cc(-c3ccc(OCCOCCNCc4ccc(C5(C(F)(F)F)N=N5)cc4)cc3)oc12,6.552841968657781,RZTAHPQKFPPUOL-UHFFFAOYSA-N
CHEMBL5086978,COc1cc([C@H]2c3cccnc3C(=O)N3C[C@H](C(=O)c4ccccc4)N(C(C)=O)C[C@H]23)cc2c1OCO2,280.0,COc1cc([C@H]2c3cccnc3C(=O)N3C[C@H](C(=O)c4ccccc4)N(C(C)=O)C[C@H]23)cc2c1OCO2,6.552841968657781,ZWCQDCLBSRYRRO-LGVFNWMJSA-N
CHEMBL5087474,COc1cc([C@H]2c3ccncc3C(=O)N3C[C@H](Cc4ccccc4)N(C(C)=O)C[C@H]23)cc2c1OCO2,290.0,COc1cc([C@H]2c3ccncc3C(=O)N3C[C@H](Cc4ccccc4)N(C(C)=O)C[C@H]23)cc2c1OCO2,6.5376020021010435,QBZFFXJETSYRQF-CLLDFNAGSA-N
CHEMBL2316444,COc1cc(C#CC(=O)O[C@H]2CC[C@H](N(C)[C@H]3CC[C@@H](OC(=O)C4c5ccccc5-c5ccccc54)CC3)CC2)cc(OC)c1OC,290.0,COc1cc(C#CC(=O)O[C@H]2CC[C@H](N(C)[C@H]3CC[C@@H](OC(=O)C4c5ccccc5-c5ccccc54)CC3)CC2)cc(OC)c1OC,6.5376020021010435,URRSSYRSFVEQPP-VGSBBYIWSA-N
CHEMBL502503,COC(=O)c1ccc(C(=O)Nc2ccc(CCN3CCc4cc(OC)c(OC)cc4C3)cc2)cc1NC(=O)c1ccc2ccccc2n1,294.0,COC(=O)c1ccc(C(=O)Nc2ccc(CCN3CCc4cc(OC)c(OC)cc4C3)cc2)cc1NC(=O)c1ccc2ccccc2n1,6.531652669587842,FCDNRJDHYPWDHC-UHFFFAOYSA-N
CHEMBL1298,COc1ccc(CCNCCCC(C#N)(c2ccc(OC)c(OC)c2)C(C)C)cc1OC,300.0,COc1ccc(CCNCCCC(C#N)(c2ccc(OC)c(OC)c2)C(C)C)cc1OC,6.522878745280337,UPKQNCPKPOLASS-UHFFFAOYSA-N
CHEMBL4474330,CCCN(C(=O)CCCCCCC(=O)N(CCC)[C@H]1CC2=CC(=O)O[C@]23C[C@H]1N1CCCC[C@H]13)[C@H]1CC2=CC(=O)O[C@]23C[C@H]1N1CCCC[C@H]13,300.0,CCCN(C(=O)CCCCCCC(=O)N(CCC)[C@H]1CC2=CC(=O)O[C@]23C[C@H]1N1CCCC[C@H]13)[C@H]1CC2=CC(=O)O[C@]23C[C@H]1N1CCCC[C@H]13,6.522878745280337,BEWQNSXDQMQWLG-PVNFQGFPSA-N
CHEMBL296419,COc1ccc(CCN2CCC(Nc3nc4ccccc4n3Cc3ccc(F)cc3)CC2)cc1,300.0,COc1ccc(CCN2CCC(Nc3nc4ccccc4n3Cc3ccc(F)cc3)CC2)cc1,6.522878745280337,GXDALQBWZGODGZ-UHFFFAOYSA-N
CHEMBL4865058,CC(=O)O[C@@H]1[C@H]2[C@H](O)[C@H](OC(=O)c3ccccc3)[C@]3(C)[C@@H](OC(C)=O)[C@H](O)C[C@@H](C)[C@@]13OC2(C)C,310.0,CC(=O)O[C@@H]1[C@H]2[C@H](O)[C@H](OC(=O)c3ccccc3)[C@]3(C)[C@@H](OC(C)=O)[C@H](O)C[C@@H](C)[C@@]13OC2(C)C,6.508638306165727,OADHMRCSACTLFY-RDBQYKJNSA-N
CHEMBL5078037,COc1cc([C@H]2c3ccccc3C(=O)N3C[C@H](Cc4ccccc4)N(C(C)=O)C[C@H]23)cc2c1OCO2,310.0,COc1cc([C@H]2c3ccccc3C(=O)N3C[C@H](Cc4ccccc4)N(C(C)=O)C[C@H]23)cc2c1OCO2,6.508638306165727,SLVWEXQROXQSAD-WBWMCNGVSA-N
CHEMBL3317932,COc1cc(OC)c(C(=O)Nc2ccc(-c3ccncc3)cc2F)cc1OC,310.0,COc1cc(OC)c(C(=O)Nc2ccc(-c3ccncc3)cc2F)cc1OC,6.508638306165727,HZAQMWWEOYQOMR-UHFFFAOYSA-N
CHEMBL148260,O=C(c1ccccc1)c1ccccc1OCC(O)CN1CCC(O)(c2ccccc2)CC1,310.0,O=C(c1ccccc1)c1ccccc1OCC(O)CN1CCC(O)(c2ccccc2)CC1,6.508638306165727,KNWQIFLHCZAXAN-UHFFFAOYSA-N
CHEMBL5437398,C#CCNc1cc(C)cc2c(=O)cc(-c3ccc(OCCOCCN(Cc4ccc(C5(C(F)(F)F)N=N5)cc4)Cc4ccc(C5(C(F)(F)F)N=N5)cc4)cc3)oc12,312.0,C#CCNc1cc(C)cc2c(=O)cc(-c3ccc(OCCOCCN(Cc4ccc(C5(C(F)(F)F)N=N5)cc4)Cc4ccc(C5(C(F)(F)F)N=N5)cc4)cc3)oc12,6.505845405981557,RVRVCSIZOXOSNT-UHFFFAOYSA-N
CHEMBL4741721,COc1ccc(Nc2cc(C)nc3nc(SCc4nc5ccccc5[nH]4)nn23)cc1,320.0,COc1ccc(Nc2cc(C)nc3nc(SCc4nc5ccccc5[nH]4)nn23)cc1,6.494850021680094,MLEDLOYCATXRAG-UHFFFAOYSA-N
CHEMBL2316160,COc1cc(/C=C/C(=O)O[C@H]2CC[C@H](N(C)[C@H]3CC[C@H](OC(=O)c4cc(OC)c(OC)c(OC)c4)CC3)CC2)cc(OC)c1OC,320.0,COc1cc(/C=C/C(=O)O[C@H]2CC[C@H](N(C)[C@H]3CC[C@H](OC(=O)c4cc(OC)c(OC)c(OC)c4)CC3)CC2)cc(OC)c1OC,6.494850021680094,GYWUGKYGQVCSEZ-JWDWKAQJSA-N
CHEMBL4849347,CC(=O)OC[C@]12[C@H](OC(C)=O)C(=O)[C@@H]3[C@@H](OC(C)=O)[C@]1(OC3(C)C)[C@H](C)C[C@H](O)[C@@H]2OC(C)=O,330.0,CC(=O)OC[C@]12[C@H](OC(C)=O)C(=O)[C@@H]3[C@@H](OC(C)=O)[C@]1(OC3(C)C)[C@H](C)C[C@H](O)[C@@H]2OC(C)=O,6.481486060122113,ZFNDZHVNJCYSEW-KYJRXYQZSA-N
CHEMBL5084637,COc1cc([C@H]2c3cccnc3C(=O)N3C=CN(C(C)=O)C[C@H]23)cc2c1OCO2,330.0,COc1cc([C@H]2c3cccnc3C(=O)N3C=CN(C(C)=O)C[C@H]23)cc2c1OCO2,6.481486060122113,BZQGDXTWEQIORD-QAPCUYQASA-N
CHEMBL4452234,COc1cc2c(cc1OC)CN(CCCCCOc1ccc3c(c1)oc(=O)c1ccccc13)CC2,330.0,COc1cc2c(cc1OC)CN(CCCCCOc1ccc3c(c1)oc(=O)c1ccccc13)CC2,6.481486060122113,BPLALYGKXIMETG-UHFFFAOYSA-N
CHEMBL247473,COc1ccc(C(=O)Nc2ccccc2C(=O)Nc2ccc(CCN3CCc4cc(OC)c(OC)cc4C3)cc2)cc1OC,331.13,COc1ccc(C(=O)Nc2ccccc2C(=O)Nc2ccc(CCN3CCc4cc(OC)c(OC)cc4C3)cc2)cc1OC,6.480001470881152,WKEBQZAUNGERGA-UHFFFAOYSA-N
CHEMBL631,CCCNCC(O)COc1ccccc1C(=O)CCc1ccccc1,331.13,CCCNCC(O)COc1ccccc1C(=O)CCc1ccccc1,6.480001470881152,JWHAUXFOSRPERK-UHFFFAOYSA-N
CHEMBL4099533,CC(C)(C)OC(=O)c1cccc(Nc2nc(-c3ccncc3)nc3ccccc23)c1,334.0,CC(C)(C)OC(=O)c1cccc(Nc2nc(-c3ccncc3)nc3ccccc23)c1,6.476253533188435,QKHVBGIOAYREBB-UHFFFAOYSA-N
CHEMBL5396336,COc1cc2c(cc1OC)CN(C(=O)c1cc3cc(-c4ccc(NC(=O)c5ccccc5)cc4)ccc3[nH]1)CC2,336.0,COc1cc2c(cc1OC)CN(C(=O)c1cc3cc(-c4ccc(NC(=O)c5ccccc5)cc4)ccc3[nH]1)CC2,6.4736607226101555,RFBUJPDLOIRFIB-UHFFFAOYSA-N
CHEMBL5089197,COc1cc(C[C@H]2CN3C(=O)[C@@H]4[C@@H](c5ccccc5)c5c(cc6c(c5OC)OCO6)[C@@H]4[C@H]3CN2C(C)=O)cc2c1OCO2,350.0,COc1cc(C[C@H]2CN3C(=O)[C@@H]4[C@@H](c5ccccc5)c5c(cc6c(c5OC)OCO6)[C@@H]4[C@H]3CN2C(C)=O)cc2c1OCO2,6.455931955649724,BYKOTIQEKORHBL-ORFWNXNQSA-N
CHEMBL5087484,COc1cc([C@H]2c3cccnc3C(=O)N3C[C@H](Cc4ccccc4)N(C(C)=O)C[C@H]23)cc2c1OCO2,350.0,COc1cc([C@H]2c3cccnc3C(=O)N3C[C@H](Cc4ccccc4)N(C(C)=O)C[C@H]23)cc2c1OCO2,6.455931955649724,SYHNLJTVDSEPFT-HOKHCIIBSA-N
CHEMBL584,Cc1c(O)cccc1C(=O)N[C@@H](CSc1ccccc1)[C@H](O)CN1C[C@H]2CCCC[C@H]2C[C@H]1C(=O)NC(C)(C)C,350.0,Cc1c(O)cccc1C(=O)N[C@@H](CSc1ccccc1)[C@H](O)CN1C[C@H]2CCCC[C@H]2C[C@H]1C(=O)NC(C)(C)C,6.455931955649724,QAGYKUNXZHXKMR-HKWSIXNMSA-N
CHEMBL1643343,COc1cc(CCC(=O)O[C@H]2CC[C@@H](N(C)[C@H]3CC[C@H](OC(=O)c4cc(OC)c(OC)c(OC)c4)CC3)CC2)cc(OC)c1OC,350.0,COc1cc(CCC(=O)O[C@H]2CC[C@@H](N(C)[C@H]3CC[C@H](OC(=O)c4cc(OC)c(OC)c(OC)c4)CC3)CC2)cc(OC)c1OC,6.455931955649724,JXCYICKXOWATCA-VWDNVJOOSA-N
CHEMBL4639635,COc1cc(C[C@H]2CN3C[C@@H]4[C@@H](c5ccccc5)c5c(cc6c(c5OC)OCO6)[C@@H]4[C@H]3CN2C(C)=O)cc2c1OCO2,350.0,COc1cc(C[C@H]2CN3C[C@@H]4[C@@H](c5ccccc5)c5c(cc6c(c5OC)OCO6)[C@@H]4[C@H]3CN2C(C)=O)cc2c1OCO2,6.455931955649724,TWWJMGZERGSHPD-QSXYMPNJSA-N
CHEMBL428402,O=C(Nc1ccccc1C(=O)Nc1ccc(CCN2CCc3ccccc3C2)cc1)c1cnc2ccccc2c1,354.81,O=C(Nc1ccccc1C(=O)Nc1ccc(CCN2CCc3ccccc3C2)cc1)c1cnc2ccccc2c1,6.450004148469349,JCKRZMGEVAGHHV-UHFFFAOYSA-N
CHEMBL5415709,COc1cc2c(cc1OC)CN(C(=O)c1cc3cc(-c4cc(OC)c(OC)c(OC)c4)ccc3[nH]1)CC2,358.0,COc1cc2c(cc1OC)CN(C(=O)c1cc3cc(-c4cc(OC)c(OC)c(OC)c4)ccc3[nH]1)CC2,6.446116973356125,UJZMEGCICCVIHR-UHFFFAOYSA-N
CHEMBL1790680,CC[C@H](C)[C@@H]1NC(=O)[C@@H]2CCCN2C(=O)[C@H](Cc2ccccc2)N(C)C(=O)[C@H](Cc2ccccc2)NC(=O)[C@H](C(C)C)N(C)C(=O)[C@@H]([C@@H](C)CC)OC(=O)C(C(C)(C)O)N(C)C(=O)[C@H](CC(C)C)NC(=O)[C@H](C(C)C)N(C)C1=O,360.0,CC[C@H](C)[C@@H]1NC(=O)[C@@H]2CCCN2C(=O)[C@H](Cc2ccccc2)N(C)C(=O)[C@H](Cc2ccccc2)NC(=O)[C@H](C(C)C)N(C)C(=O)[C@@H]([C@@H](C)CC)OC(=O)C(C(C)(C)O)N(C)C(=O)[C@H](CC(C)C)NC(=O)[C@H](C(C)C)N(C)C1=O,6.443697499232712,RLMLFADXHJLPSQ-XNNIJQTJSA-N
CHEMBL4436042,COc1cc2c(cc1OC)CN(CCOc1ccc3c(C)c(C)c(=O)oc3c1)CC2,380.0,COc1cc2c(cc1OC)CN(CCOc1ccc3c(C)c(C)c(=O)oc3c1)CC2,6.42021640338319,LVTKYEDEEITQKT-UHFFFAOYSA-N
CHEMBL2059235,Cc1ccc(NC(=S)N2CCN(CC(O)COc3ccccc3C(=O)c3ccccc3)CC2)cc1,380.0,Cc1ccc(NC(=S)N2CCN(CC(O)COc3ccccc3C(=O)c3ccccc3)CC2)cc1,6.42021640338319,BQPNIKUFINMHHB-UHFFFAOYSA-N
CHEMBL4648775,COc1cc2c(cc1OC)CN(CCc1ccc(NC(=O)/C=C/c3ccc(Oc4ccc(-c5cccnc5)cc4)nc3)cc1)CC2,390.0,COc1cc2c(cc1OC)CN(CCc1ccc(NC(=O)/C=C/c3ccc(Oc4ccc(-c5cccnc5)cc4)nc3)cc1)CC2,6.4089353929735005,LSHYTROHYLREBD-VIZOYTHASA-N
CHEMBL4563027,COc1cc2c(cc1OC)CN(CCCCCOc1ccc3cc(-c4ccccc4)c(=O)oc3c1)CC2,390.0,COc1cc2c(cc1OC)CN(CCCCCOc1ccc3cc(-c4ccccc4)c(=O)oc3c1)CC2,6.4089353929735005,ATJXBTDVXJXQOE-UHFFFAOYSA-N
CHEMBL4846394,CC(=O)OC[C@]12[C@H](OC(C)=O)C(=O)[C@@H]3[C@@H](OC(C)=O)[C@]1(OC3(C)C)[C@H](C)[C@@H](O)[C@H](OC(C)=O)[C@@H]2OC(C)=O,390.0,CC(=O)OC[C@]12[C@H](OC(C)=O)C(=O)[C@@H]3[C@@H](OC(C)=O)[C@]1(OC3(C)C)[C@H](C)[C@@H](O)[C@H](OC(C)=O)[C@@H]2OC(C)=O,6.4089353929735005,LXSRYAWLOUBGNL-DOQHQHIVSA-N
CHEMBL3593417,CCOC(=O)C1=CN(Cc2ccccc2)c2ccccc2C1c1ccc(OC)c(OC)c1,390.0,CCOC(=O)C1=CN(Cc2ccccc2)c2ccccc2C1c1ccc(OC)c(OC)c1,6.4089353929735005,JFLQYBGXCJOSFW-UHFFFAOYSA-N
CHEMBL1790681,CC[C@H](C)[C@@H]1NC(=O)[C@@H]2CCCN2C(=O)[C@H](Cc2ccccc2)N(C)C(=O)[C@H](Cc2ccccc2)NC(=O)[C@H](C(C)C)N(C)C(=O)[C@@H]([C@@H](C)CC)OC(=O)[C@@H](C(C)(C)O)N(C)C(=O)[C@H](CC(C)C)NC(=O)[C@H](C(C)C)N(C)C1=O,390.0,CC[C@H](C)[C@@H]1NC(=O)[C@@H]2CCCN2C(=O)[C@H](Cc2ccccc2)N(C)C(=O)[C@H](Cc2ccccc2)NC(=O)[C@H](C(C)C)N(C)C(=O)[C@@H]([C@@H](C)CC)OC(=O)[C@@H](C(C)(C)O)N(C)C(=O)[C@H](CC(C)C)NC(=O)[C@H](C(C)C)N(C)C1=O,6.4089353929735005,RLMLFADXHJLPSQ-UHDDLPQZSA-N
CHEMBL2074901,COc1cc(OC)c2c(=O)cc(-c3cc(OC)c(OC)c(OC)c3)oc2c1,400.0,COc1cc(OC)c2c(=O)cc(-c3cc(OC)c(OC)c(OC)c3)oc2c1,6.3979400086720375,GIKVSFNAEBQLGB-UHFFFAOYSA-N
CHEMBL2087786,O[C@@H](COc1cccc2ncccc12)CN1CCN([C@@H]2c3ccccc3[C@@H]3[C@H](c4ccccc42)C3(Cl)Cl)CC1,400.0,O[C@@H](COc1cccc2ncccc12)CN1CCN([C@@H]2c3ccccc3[C@@H]3[C@H](c4ccccc42)C3(Cl)Cl)CC1,6.3979400086720375,ISHQZWGKIWGKBX-DBEBIPAYSA-N
CHEMBL4451488,COc1cc2c(cc1OC)CN(CCCCOc1ccc3cc(-c4ccccc4)c(=O)oc3c1)CC2,410.0,COc1cc2c(cc1OC)CN(CCCCOc1ccc3cc(-c4ccccc4)c(=O)oc3c1)CC2,6.3872161432802645,GOCUBCJXKMNDTJ-UHFFFAOYSA-N
CHEMBL4591618,Cc1c(OC(=O)CCCSSCCCC(=O)OC[C@@H]2C=C[C@H](n3cnc4c(NC5CC5)nc(N)nc43)C2)cccc1C(=O)N[C@@H](CSc1ccccc1)[C@H](O)CN1C[C@H]2CCCC[C@H]2C[C@H]1C(=O)NC(C)(C)C,410.0,Cc1c(OC(=O)CCCSSCCCC(=O)OC[C@@H]2C=C[C@H](n3cnc4c(NC5CC5)nc(N)nc43)C2)cccc1C(=O)N[C@@H](CSc1ccccc1)[C@H](O)CN1C[C@H]2CCCC[C@H]2C[C@H]1C(=O)NC(C)(C)C,6.3872161432802645,UYDWUMXOVDVOOD-SPFYOKMPSA-N
CHEMBL5399662,COc1cc2c(cc1OC)CN(C(=O)c1cc3cc(-c4ccc(NC(=O)c5ccc(Cl)cc5)cc4)ccc3n1Cc1cccc(Br)c1)CC2,415.0,COc1cc2c(cc1OC)CN(C(=O)c1cc3cc(-c4ccc(NC(=O)c5ccc(Cl)cc5)cc4)ccc3n1Cc1cccc(Br)c1)CC2,6.3819519032879075,AJRMTEHSCKSHDD-UHFFFAOYSA-N
CHEMBL411951,O=C(Nc1ccc(CCN2CCc3ccccc3C2)cc1)c1cnc2ccccc2c1,416.87,O=C(Nc1ccc(CCN2CCc3ccccc3C2)cc1)c1cnc2ccccc2c1,6.3799993576999325,QEJZMMQJUXSSHX-UHFFFAOYSA-N
CHEMBL3809417,COc1ccc(/C=C/C(=O)c2cccc(Nc3ncnc4ccccc34)c2)cc1OC,420.0,COc1ccc(/C=C/C(=O)c2cccc(Nc3ncnc4ccccc34)c2)cc1OC,6.376750709602099,OICZLPMHMDETMI-ZRDIBKRKSA-N
CHEMBL3883590,CCCc1ccc(C(=O)Nc2ccccc2-c2nnn(-c3ccc(O)cc3)n2)cc1,434.0,CCCc1ccc(C(=O)Nc2ccccc2-c2nnn(-c3ccc(O)cc3)n2)cc1,6.36251027048749,VZJNOIQBYQXEEZ-UHFFFAOYSA-N
CHEMBL5424759,COc1ccc(-c2ccc3[nH]c(C(=O)N4CCc5cc(OC)c(OC)cc5C4)cc3c2)c(OC)c1,437.0,COc1ccc(-c2ccc3[nH]c(C(=O)N4CCc5cc(OC)c(OC)cc5C4)cc3c2)c(OC)c1,6.359518563029578,WXVDSVAMBGPONC-UHFFFAOYSA-N
CHEMBL4101488,Cc1cc(Nc2ccc(Br)cc2)n2nc(SCc3nc4ccccc4[nH]3)nc2n1,450.0,Cc1cc(Nc2ccc(Br)cc2)n2nc(SCc3nc4ccccc4[nH]3)nc2n1,6.346787486224656,PFCYJNGRIFXEJG-UHFFFAOYSA-N
CHEMBL5412611,COc1ccc(OC)c(-c2ccc3[nH]c(C(=O)N4CCc5cc(OC)c(OC)cc5C4)cc3c2)c1,453.0,COc1ccc(OC)c(-c2ccc3[nH]c(C(=O)N4CCc5cc(OC)c(OC)cc5C4)cc3c2)c1,6.343901797987168,VPRMYMUMZVYDDV-UHFFFAOYSA-N
CHEMBL4466035,COc1cc2c(cc1OC)CN(CCCCCOc1ccc3c(C)c(Cl)c(=O)oc3c1)CC2,460.0,COc1cc2c(cc1OC)CN(CCCCCOc1ccc3c(C)c(Cl)c(=O)oc3c1)CC2,6.337242168318426,NYPFUFIHNHZTTO-UHFFFAOYSA-N
CHEMBL5396962,COc1ccc(Cn2c(C(=O)N3CCc4cc(OC)c(OC)cc4C3)cc3cc(-c4ccc(NC(=O)c5ccc(Cl)cc5)cc4)ccc32)cc1,466.0,COc1ccc(Cn2c(C(=O)N3CCc4cc(OC)c(OC)cc4C3)cc3cc(-c4ccc(NC(=O)c5ccc(Cl)cc5)cc4)ccc32)cc1,6.33161408331,KQEBRBBYNXPRBF-UHFFFAOYSA-N
CHEMBL4790584,Cc1cc(Nc2ccc(F)c(C)c2)n2nc(SCc3nc4ccccc4[nH]3)nc2n1,470.0,Cc1cc(Nc2ccc(F)c(C)c2)n2nc(SCc3nc4ccccc4[nH]3)nc2n1,6.327902142064283,FRGGHWYQHXLFQP-UHFFFAOYSA-N
CHEMBL3809802,COc1ccc(/C=C/C(=O)c2cccc(Nc3nc(-c4ccc(OC)c(OC)c4)nc4ccccc34)c2)cc1OC,480.0,COc1ccc(/C=C/C(=O)c2cccc(Nc3nc(-c4ccc(OC)c(OC)c4)nc4ccccc34)c2)cc1OC,6.318758762624412,WMVUETDQMUIBJX-NTCAYCPXSA-N
CHEMBL2059234,Cc1ccc(NC(=O)N2CCN(CC(O)COc3ccccc3C(=O)c3ccccc3)CC2)cc1,480.0,Cc1ccc(NC(=O)N2CCN(CC(O)COc3ccccc3C(=O)c3ccccc3)CC2)cc1,6.318758762624412,AVKDUSUJEUTFIB-UHFFFAOYSA-N
CHEMBL4641044,COc1cc2c(cc1OC)CN(CCc1ccc(NC(=O)/C=C/c3ccc(Oc4ccc(-c5ccccn5)c(C)c4)nc3)cc1)CC2,490.0,COc1cc2c(cc1OC)CN(CCc1ccc(NC(=O)/C=C/c3ccc(Oc4ccc(-c5ccccn5)c(C)c4)nc3)cc1)CC2,6.309803919971486,RVKZILJYSBMFEK-OQLLNIDSSA-N
CHEMBL5425919,COc1cc2c(cc1OC)CN(C(=O)c1cc3cc(-c4ccc(Cl)cc4)ccc3[nH]1)CC2,491.0,COc1cc2c(cc1OC)CN(C(=O)c1cc3cc(-c4ccc(Cl)cc4)ccc3[nH]1)CC2,6.308918507877031,JHSJYYTYHORJJL-UHFFFAOYSA-N
CHEMBL5288378,COc1ccc(/C=C/C(=O)c2ccccc2NC(=O)c2cnc3ccccc3c2)cc1OC,494.0,COc1ccc(/C=C/C(=O)c2ccccc2NC(=O)c2cnc3ccccc3c2)cc1OC,6.306273051076353,HBGPQWXCRVPJIS-ACCUITESSA-N
CHEMBL5079066,COc1cc2c(cc1OC)CN(CCc1ccc(-n3nnc(-c4cc(OC)c(OC)cc4NC(=O)c4ccc(-n5ccnc5)cc4)n3)cc1)CC2,495.0,COc1cc2c(cc1OC)CN(CCc1ccc(-n3nnc(-c4cc(OC)c(OC)cc4NC(=O)c4ccc(-n5ccnc5)cc4)n3)cc1)CC2,6.305394801066432,DSUWWKJTWPTXFS-UHFFFAOYSA-N
CHEMBL5399386,COc1cc2c(cc1OC)CN(C(=O)c1cc3cc(-c4ccc(OC(F)(F)F)cc4)ccc3[nH]1)CC2,497.0,COc1cc2c(cc1OC)CN(C(=O)c1cc3cc(-c4ccc(OC(F)(F)F)cc4)ccc3[nH]1)CC2,6.303643611266668,KVCBJHPNYYHYQV-UHFFFAOYSA-N
CHEMBL2059232,Cc1ccccc1N1CCN(CC(O)COc2ccc(C(=O)c3ccccc3)cc2)CC1,500.0,Cc1ccccc1N1CCN(CC(O)COc2ccc(C(=O)c3ccccc3)cc2)CC1,6.301029995663981,MVWWYUZPHVDEHS-UHFFFAOYSA-N
CHEMBL347534,COC(=O)c1ccccc1-c1c2ccc(=N)cc-2oc2cc(N)ccc12,500.0,COC(=O)c1ccccc1-c1c2ccc(=N)cc-2oc2cc(N)ccc12,6.301029995663981,FCGVBHISQBBIQF-UHFFFAOYSA-N
CHEMBL4854286,CC(=O)OC[C@]12[C@H](OC(C)=O)C(=O)[C@@H]3[C@@H](O)[C@]1(OC3(C)C)[C@H](C)[C@@H](O)[C@H](OC(C)=O)[C@@H]2OC(C)=O,500.0,CC(=O)OC[C@]12[C@H](OC(C)=O)C(=O)[C@@H]3[C@@H](O)[C@]1(OC3(C)C)[C@H](C)[C@@H](O)[C@H](OC(C)=O)[C@@H]2OC(C)=O,6.301029995663981,RAQLJKDOWVEJCN-YPNSCLPHSA-N
CHEMBL485720,COc1cccc(CCc2ccccc2OCCCN2CCc3ccccc3C2)c1,500.0,COc1cccc(CCc2ccccc2OCCCN2CCc3ccccc3C2)c1,6.301029995663981,APPBBNWLWVQQTF-UHFFFAOYSA-N
CHEMBL2316442,COc1cc(C#CC(=O)O[C@H]2CC[C@H](N(C)[C@H]3CC[C@H](OC(=O)C4c5ccccc5-c5ccccc54)CC3)CC2)cc(OC)c1OC,500.0,COc1cc(C#CC(=O)O[C@H]2CC[C@H](N(C)[C@H]3CC[C@H](OC(=O)C4c5ccccc5-c5ccccc54)CC3)CC2)cc(OC)c1OC,6.301029995663981,URRSSYRSFVEQPP-XBZNQCHHSA-N
CHEMBL772,COC(=O)[C@H]1[C@H]2C[C@@H]3c4[nH]c5cc(OC)ccc5c4CCN3C[C@H]2C[C@@H](OC(=O)c2cc(OC)c(OC)c(OC)c2)[C@@H]1OC,500.0,COC(=O)[C@H]1[C@H]2C[C@@H]3c4[nH]c5cc(OC)ccc5c4CCN3C[C@H]2C[C@@H](OC(=O)c2cc(OC)c(OC)c(OC)c2)[C@@H]1OC,6.301029995663981,QEVHRUUCFGRFIF-MDEJGZGSSA-N
CHEMBL4060656,Cc1ccc(Nc2cc(C)nc3nc(SCc4nc5ccccc5[nH]4)nn23)cc1,500.0,Cc1ccc(Nc2cc(C)nc3nc(SCc4nc5ccccc5[nH]4)nn23)cc1,6.301029995663981,UKHSKMVFGGAFFY-UHFFFAOYSA-N
CHEMBL53463,COc1cccc2c1C(=O)c1c(O)c3c(c(O)c1C2=O)C[C@@](O)(C(=O)CO)C[C@@H]3O[C@H]1C[C@H](N)[C@H](O)[C@H](C)O1,504.0,COc1cccc2c1C(=O)c1c(O)c3c(c(O)c1C2=O)C[C@@](O)(C(=O)CO)C[C@@H]3O[C@H]1C[C@H](N)[C@H](O)[C@H](C)O1,6.297569463554475,AOJJSUZBOXZQNB-TZSSRYMLSA-N
CHEMBL5438795,COc1cc2c(cc1OC)CN(C(=O)c1cc3cc(-c4ccc(NC(=O)c5ccc(OC(C)(C)C)cc5)cc4)ccc3[nH]1)CC2,510.0,COc1cc2c(cc1OC)CN(C(=O)c1cc3cc(-c4ccc(NC(=O)c5ccc(OC(C)(C)C)cc5)cc4)ccc3[nH]1)CC2,6.292429823902063,KTGFOELYZZDOLL-UHFFFAOYSA-N
CHEMBL4074268,CCOC(=O)C1=C(C)NC(C)=C(C(=O)OCC)C1c1c(-c2cccc(Br)c2)noc1C,510.0,CCOC(=O)C1=C(C)NC(C)=C(C(=O)OCC)C1c1c(-c2cccc(Br)c2)noc1C,6.292429823902063,RJHIEGFHLJUYSA-UHFFFAOYSA-N
CHEMBL4784188,Cc1cc(Nc2cccc(F)c2)n2nc(SCc3nc4ccccc4[nH]3)nc2n1,520.0,Cc1cc(Nc2cccc(F)c2)n2nc(SCc3nc4ccccc4[nH]3)nc2n1,6.2839966563652006,XXLWXBUCDLJJRI-UHFFFAOYSA-N
CHEMBL258896,COc1cc2c(cc1OC)CN(CCc1ccc(NC(=O)c3ccccc3NC(=O)c3ccc(C)cc3)cc1)CC2,524.81,COc1cc2c(cc1OC)CN(CCc1ccc(NC(=O)c3ccccc3NC(=O)c3ccc(C)cc3)cc1)CC2,6.279997898282849,YKXTXQJFMGBJLD-UHFFFAOYSA-N
CHEMBL5441059,COc1cc2c(cc1OC)CN(C(=O)c1cc3cc(-c4ccc(NC(=O)c5cc(OC)c(OC)c(OC)c5)cc4)ccc3[nH]1)CC2,526.0,COc1cc2c(cc1OC)CN(C(=O)c1cc3cc(-c4ccc(NC(=O)c5cc(OC)c(OC)c(OC)c5)cc4)ccc3[nH]1)CC2,6.279014255846261,YEALKOZVNJWOFQ-UHFFFAOYSA-N
CHEMBL5411388,COc1cc2c(cc1OC)CN(C(=O)c1cc3cc(-c4ccc(NC(=O)c5ccc(Cl)cc5)cc4)ccc3n1Cc1ccccc1F)CC2,535.0,COc1cc2c(cc1OC)CN(C(=O)c1cc3cc(-c4ccc(NC(=O)c5ccc(Cl)cc5)cc4)ccc3n1Cc1ccccc1F)CC2,6.2716462179787715,WIUJNGFOBBIBQQ-UHFFFAOYSA-N
CHEMBL3317921,COc1cc(OC)c(C(=O)Nc2ccc(-c3cccnc3)cn2)cc1OC,540.0,COc1cc(OC)c(C(=O)Nc2ccc(-c3cccnc3)cn2)cc1OC,6.267606240177032,FXBDLRLOFDUIGF-UHFFFAOYSA-N
CHEMBL5085892,C=C(c1ccccc1)[C@H]1CN2C(=O)c3ncccc3[C@H](c3cc(OC)c4c(c3)OCO4)[C@H]2CN1,540.0,C=C(c1ccccc1)[C@H]1CN2C(=O)c3ncccc3[C@H](c3cc(OC)c4c(c3)OCO4)[C@H]2CN1,6.267606240177032,PEZYVERQODPIGD-LGVFNWMJSA-N
CHEMBL4514827,Cc1c(C)c2ccc(OCCCCCN3CCc4ccccc4C3)cc2oc1=O,550.0,Cc1c(C)c2ccc(OCCCCCN3CCc4ccccc4C3)cc2oc1=O,6.259637310505756,AORLPWHDMMBIES-UHFFFAOYSA-N
CHEMBL4634549,COc1cc2c(cc1OC)CN(CCc1ccc(NC(=O)/C=C/c3cc(-c4ccccn4)cc(C)c3Oc3ccccn3)cc1)CC2,550.0,COc1cc2c(cc1OC)CN(CCc1ccc(NC(=O)/C=C/c3cc(-c4ccccn4)cc(C)c3Oc3ccccn3)cc1)CC2,6.259637310505756,HLHAUNHFLVLUCN-NTCAYCPXSA-N
CHEMBL4637550,COc1cc2c(cc1OC)CN(CCc1ccc(NC(=O)C(c3c(-c4ccccc4)n(C)c4ccccc34)N3CCOCC3)cc1)CC2,550.0,COc1cc2c(cc1OC)CN(CCc1ccc(NC(=O)C(c3c(-c4ccccc4)n(C)c4ccccc34)N3CCOCC3)cc1)CC2,6.259637310505756,DYHAIEYEVQJLIV-UHFFFAOYSA-N
CHEMBL5432918,COc1cc2c(cc1OC)CN(C(=O)c1cc3cc(-c4cccc(OC)c4OC)ccc3[nH]1)CC2,558.0,COc1cc2c(cc1OC)CN(C(=O)c1cc3cc(-c4cccc(OC)c4OC)ccc3[nH]1)CC2,6.253365801062421,CPDUKBINRXWTRV-UHFFFAOYSA-N
CHEMBL4562150,COc1cc2c(cc1OC)CN(CCCCOc1ccc3c(C)c(Cl)c(=O)oc3c1)CC2,560.0,COc1cc2c(cc1OC)CN(CCCCOc1ccc3c(C)c(Cl)c(=O)oc3c1)CC2,6.251811972993799,LGEZUHPVGBOBKA-UHFFFAOYSA-N
CHEMBL4645086,COc1cc2c(cc1OC)CN(CCc1ccc(NC(=O)/C=C/c3ccc(Oc4ccc(-c5ccccn5)c(Cl)c4)nc3)cc1)CC2,560.0,COc1cc2c(cc1OC)CN(CCc1ccc(NC(=O)/C=C/c3ccc(Oc4ccc(-c5ccccn5)c(Cl)c4)nc3)cc1)CC2,6.251811972993799,OMIMHQKYQZZELH-RIYZIHGNSA-N
CHEMBL4289320,CC(C)C(=O)OC(C)(C)[C@@H]1Cc2c(ccc3ccc(=O)oc23)O1,560.0,CC(C)C(=O)OC(C)(C)[C@@H]1Cc2c(ccc3ccc(=O)oc23)O1,6.251811972993799,JBQHVGSHZLWWDC-AWEZNQCLSA-N
CHEMBL5400964,COc1cc(OC)cc(-c2ccc3[nH]c(C(=O)N4CCc5cc(OC)c(OC)cc5C4)cc3c2)c1,570.0,COc1cc(OC)cc(-c2ccc3[nH]c(C(=O)N4CCc5cc(OC)c(OC)cc5C4)cc3c2)c1,6.2441251443275085,FEFDSMCHRBFALI-UHFFFAOYSA-N
CHEMBL4762251,COc1cccc(Nc2cc(C)nc3nc(SCc4nc5ccccc5[nH]4)nn23)c1,570.0,COc1cccc(Nc2cc(C)nc3nc(SCc4nc5ccccc5[nH]4)nn23)c1,6.2441251443275085,XTTOGFYLWHCQHI-UHFFFAOYSA-N
CHEMBL5085105,COc1cc([C@H]2c3cccnc3C(=O)N3C[C@H](C(=O)c4ccccc4)NC[C@H]23)cc2c1OCO2,580.0,COc1cc([C@H]2c3cccnc3C(=O)N3C[C@H](C(=O)c4ccccc4)NC[C@H]23)cc2c1OCO2,6.236572006437063,ZBMKQSRDIGBNCO-KNKQGSTJSA-N
CHEMBL2058785,O=C(c1ccccc1)c1cccc(OCC(O)CN2CCN(c3ccc(F)cc3)CC2)c1,580.0,O=C(c1ccccc1)c1cccc(OCC(O)CN2CCN(c3ccc(F)cc3)CC2)c1,6.236572006437063,JLODMAOSNGLUJK-UHFFFAOYSA-N
CHEMBL5082959,COc1cc([C@H]2c3cccnc3C(=O)N3C[C@@H](C(=O)c4ccccc4)NC[C@H]23)cc2c1OCO2,580.0,COc1cc([C@H]2c3cccnc3C(=O)N3C[C@@H](C(=O)c4ccccc4)NC[C@H]23)cc2c1OCO2,6.236572006437063,ZBMKQSRDIGBNCO-JQVVWYNYSA-N
CHEMBL941,Cc1ccc(NC(=O)c2ccc(CN3CCN(C)CC3)cc2)cc1Nc1nccc(-c2cccnc2)n1,580.0,Cc1ccc(NC(=O)c2ccc(CN3CCN(C)CC3)cc2)cc1Nc1nccc(-c2cccnc2)n1,6.236572006437063,KTUFNOKKBVMGRW-UHFFFAOYSA-N
CHEMBL1651956,C/C=C/C[C@@H](C)[C@@H](O)[C@H]1C(=O)N[C@@H](CC)C(=O)N(C)[C@H](C)C(=O)N(CC)[C@@H](C(C)C)C(=O)N[C@@H](C(C)C)C(=O)N(C)[C@@H](CC(C)C)C(=O)N[C@@H](C)C(=O)N[C@H](C)C(=O)N(C)[C@@H](CC(C)C)C(=O)N(C)[C@@H](CC(C)C)C(=O)N(C)[C@@H](C(C)C)C(=O)N1C,590.0,C/C=C/C[C@@H](C)[C@@H](O)[C@H]1C(=O)N[C@@H](CC)C(=O)N(C)[C@H](C)C(=O)N(CC)[C@@H](C(C)C)C(=O)N[C@@H](C(C)C)C(=O)N(C)[C@@H](CC(C)C)C(=O)N[C@@H](C)C(=O)N[C@H](C)C(=O)N(C)[C@@H](CC(C)C)C(=O)N(C)[C@@H](CC(C)C)C(=O)N(C)[C@@H](C(C)C)C(=O)N1C,6.229147988357855,OLROWHGDTNFZBH-XEMWPYQTSA-N
CHEMBL4099168,Cc1cc(Nc2ccc(C#N)cc2)n2nc(SCc3nc4ccccc4[nH]3)nc2n1,590.0,Cc1cc(Nc2ccc(C#N)cc2)n2nc(SCc3nc4ccccc4[nH]3)nc2n1,6.229147988357855,OSXANEXPVMBTSQ-UHFFFAOYSA-N
CHEMBL5428669,COc1cc2c(cc1OC)CN(C(=O)c1cc3cc(-c4ccc(NC(=O)c5ccc(I)cc5)cc4)ccc3[nH]1)CC2,593.0,COc1cc2c(cc1OC)CN(C(=O)c1cc3cc(-c4ccc(NC(=O)c5ccc(I)cc5)cc4)ccc3[nH]1)CC2,6.226945306635737,YGVZQUSSABXDCM-UHFFFAOYSA-N
CHEMBL5085998,COc1cc([C@H]2c3ncccc3C(=O)N3C=CN(C(C)=O)C[C@H]23)cc2c1OCO2,600.0,COc1cc([C@H]2c3ncccc3C(=O)N3C=CN(C(C)=O)C[C@H]23)cc2c1OCO2,6.221848749616356,SCAMUIOJOQXVJF-CRAIPNDOSA-N
CHEMBL1292,CC(C)/N=c1\cc2n(-c3ccc(Cl)cc3)c3ccccc3nc-2cc1Nc1ccc(Cl)cc1,600.0,CC(C)/N=c1\cc2n(-c3ccc(Cl)cc3)c3ccccc3nc-2cc1Nc1ccc(Cl)cc1,6.221848749616356,WDQPAMHFFCXSNU-BGABXYSRSA-N
CHEMBL319952,O=C(CCc1ccccc1)c1ccccc1OCC(O)CN1CCCCC1,602.56,O=C(CCc1ccccc1)c1ccccc1OCC(O)CN1CCCCC1,6.219999701663429,DMYOHQBLOZMDLP-UHFFFAOYSA-N
CHEMBL1643341,COc1cc(CCC(=O)O[C@H]2CC[C@H](N(C)[C@H]3CC[C@H](OC(=O)c4cc(OC)c(OC)c(OC)c4)CC3)CC2)cc(OC)c1OC,610.0,COc1cc(CCC(=O)O[C@H]2CC[C@H](N(C)[C@H]3CC[C@H](OC(=O)c4cc(OC)c(OC)c(OC)c4)CC3)CC2)cc(OC)c1OC,6.214670164989233,JXCYICKXOWATCA-DUOCIXOMSA-N
CHEMBL4649501,COc1cc2c(cc1OC)CN(CCc1ccc(NC(=O)/C=C/c3ccc(Oc4ccc(-c5ccccn5)c(C#N)c4)nc3)cc1)CC2,610.0,COc1cc2c(cc1OC)CN(CCc1ccc(NC(=O)/C=C/c3ccc(Oc4ccc(-c5ccccn5)c(C#N)c4)nc3)cc1)CC2,6.214670164989233,YXRXEFGONUMTKW-RIYZIHGNSA-N
CHEMBL4442995,CCOc1cc(O)cc2c1C[C@@H](OC(=O)c1cc(OCC)c(OCC)c(OCC)c1)[C@@H](c1cc(O)c(OCC)c(OCC)c1)O2,620.0,CCOc1cc(O)cc2c1C[C@@H](OC(=O)c1cc(OCC)c(OCC)c(OCC)c1)[C@@H](c1cc(O)c(OCC)c(OCC)c1)O2,6.2076083105017466,QNYUPQMBRWBCFP-FIRIVFDPSA-N
CHEMBL260113,COc1cc2c(cc1OC)CN(CCc1ccc(NC(=O)c3ccc4ccccc4c3)cc1)CC2,630.0,COc1cc2c(cc1OC)CN(CCc1ccc(NC(=O)c3ccc4ccccc4c3)cc1)CC2,6.200659450546418,SNASXRQDKMDEGV-UHFFFAOYSA-N
CHEMBL1643340,COc1cc(CCC(=O)O[C@H]2CC[C@H](N(C)[C@H]3CC[C@@H](OC(=O)c4cc(OC)c(OC)c(OC)c4)CC3)CC2)cc(OC)c1OC,630.0,COc1cc(CCC(=O)O[C@H]2CC[C@H](N(C)[C@H]3CC[C@@H](OC(=O)c4cc(OC)c(OC)c(OC)c4)CC3)CC2)cc(OC)c1OC,6.200659450546418,JXCYICKXOWATCA-HDDLTCNGSA-N
CHEMBL4758557,Cc1ccc(Nc2cc(C)nc3nc(SCc4nc5ccccc5[nH]4)nn23)c(F)c1,630.0,Cc1ccc(Nc2cc(C)nc3nc(SCc4nc5ccccc5[nH]4)nn23)c(F)c1,6.200659450546418,DUXBLFFZWQFTIM-UHFFFAOYSA-N
CHEMBL5423562,COc1ccc(C(=O)Nc2ccc(-c3ccc4[nH]c(C(=O)N5CCc6cc(OC)c(OC)cc6C5)cc4c3)cc2)cc1,632.0,COc1ccc(C(=O)Nc2ccc(-c3ccc4[nH]c(C(=O)N5CCc6cc(OC)c(OC)cc6C5)cc4c3)cc2)cc1,6.199282921717615,ZXVZUFFWWHSEOB-UHFFFAOYSA-N
CHEMBL3233492,COc1cc(C(=O)/C=C/c2ccccc2SC)cc(OC)c1OC,645.65,COc1cc(C(=O)/C=C/c2ccccc2SC)cc(OC)c1OC,6.190002844637807,FJEPVWRSTPJHGA-MDZDMXLPSA-N
CHEMBL409234,COc1cc2c(cc1OC)CN(CCc1ccc(NC(=O)c3ccc4ncccc4c3)cc1)CC2,650.0,COc1cc2c(cc1OC)CN(CCc1ccc(NC(=O)c3ccc4ncccc4c3)cc1)CC2,6.187086643357144,CQDVKUSRUIHSQR-UHFFFAOYSA-N
CHEMBL2058784,Cc1cccc(N2CCN(CC(O)COc3ccc(C(=O)c4ccccc4)cc3)CC2)c1C,650.0,Cc1cccc(N2CCN(CC(O)COc3ccc(C(=O)c4ccccc4)cc3)CC2)c1C,6.187086643357144,MOPMTTNZFNAOHN-UHFFFAOYSA-N
CHEMBL272836,COc1cccc(CCc2ccccc2OCc2ccc(OC)c(OC)c2)c1,650.0,COc1cccc(CCc2ccccc2OCc2ccc(OC)c(OC)c2)c1,6.187086643357144,VGVVMHKOBMJFEB-UHFFFAOYSA-N
CHEMBL4437626,CC(=O)Nc1cccc(Nc2cc(-c3ccccc3)nc3ccccc23)c1,660.0,CC(=O)Nc1cccc(Nc2cc(-c3ccccc3)nc3ccccc23)c1,6.180456064458132,MNCWMFWUVKUNLT-UHFFFAOYSA-N
CHEMBL3317924,COc1ccc(C(=O)Nc2ccc(-c3cccnc3)cc2F)c(OC)c1OC,670.0,COc1ccc(C(=O)Nc2ccc(-c3cccnc3)cc2F)c(OC)c1OC,6.173925197299173,YUKAHJKGUHIFIQ-UHFFFAOYSA-N
CHEMBL473794,COc1cc2c(cc1OC)CN(CCc1ccc(NC(=O)/C=C/c3ccc(Cl)cc3)cc1)CC2,670.0,COc1cc2c(cc1OC)CN(CCc1ccc(NC(=O)/C=C/c3ccc(Cl)cc3)cc1)CC2,6.173925197299173,HPERWTYTDIGYGD-KPKJPENVSA-N
CHEMBL4642247,COc1cc2c(cc1OC)CN(CCc1ccc(NC(=O)/C=C/c3ccc(Oc4ccc(-c5ccccn5)cc4Br)nc3)cc1)CC2,700.0,COc1cc2c(cc1OC)CN(CCc1ccc(NC(=O)/C=C/c3ccc(Oc4ccc(-c5ccccn5)cc4Br)nc3)cc1)CC2,6.154901959985743,TWENHOBJZSCMJB-RIYZIHGNSA-N
CHEMBL4215931,CC(C)[C@H](NC(=O)[C@H](CO)NC(=O)[C@@H](N)Cc1ccc(O)cc1)C(=O)O,700.0,CC(C)[C@H](NC(=O)[C@H](CO)NC(=O)[C@@H](N)Cc1ccc(O)cc1)C(=O)O,6.154901959985743,TYFLVOUZHQUBGM-IHRRRGAJSA-N
CHEMBL4794029,Cc1cc(Nc2ccc(Cl)cc2Cl)n2nc(SCc3nc4ccccc4[nH]3)nc2n1,710.0,Cc1cc(Nc2ccc(Cl)cc2Cl)n2nc(SCc3nc4ccccc4[nH]3)nc2n1,6.1487416512809245,VHLFDZJCTDWECH-UHFFFAOYSA-N
CHEMBL3263842,COc1cc(C(=O)N[C@H](c2nc(C(=O)Nc3ccccc3C(=O)c3ccccc3)cs2)C(C)C)cc(OC)c1OC,720.0,COc1cc(C(=O)N[C@H](c2nc(C(=O)Nc3ccccc3C(=O)c3ccccc3)cs2)C(C)C)cc(OC)c1OC,6.142667503568731,VUSXKXGCZNKQFS-SANMLTNESA-N
CHEMBL4778534,Cc1cc(Nc2ccc(OC(F)(F)F)cc2)n2nc(SCc3nc4ccccc4[nH]3)nc2n1,720.0,Cc1cc(Nc2ccc(OC(F)(F)F)cc2)n2nc(SCc3nc4ccccc4[nH]3)nc2n1,6.142667503568731,PYFGOOUDDKHTTH-UHFFFAOYSA-N
CHEMBL3704745,C/C=C/CC(C)C(O)C1C(=O)NC(CC)C(=O)N(C)C(C)C(=O)N(CC)C(C(C)C)C(=O)NC(C(C)C)C(=O)N(C)C(CC(C)C)C(=O)NC(C)C(=O)NC(C)C(=O)N(C)C(CC(C)C)C(=O)N(C)C(CC(C)C)C(=O)N(C)C(C(C)C)C(=O)N1C,720.0,C/C=C/CC(C)C(O)C1C(=O)NC(CC)C(=O)N(C)C(C)C(=O)N(CC)C(C(C)C)C(=O)NC(C(C)C)C(=O)N(C)C(CC(C)C)C(=O)NC(C)C(=O)NC(C)C(=O)N(C)C(CC(C)C)C(=O)N(C)C(CC(C)C)C(=O)N(C)C(C(C)C)C(=O)N1C,6.142667503568731,OLROWHGDTNFZBH-PBBVDAKRSA-N
CHEMBL1253374,CC(C)(C)OC(=O)[C@H](CCCCNC(=O)OCc1ccccc1)NC(=O)[C@@H]1C[C@@H](OCc2ccccc2)CN1C(=O)OC(C)(C)C,730.0,CC(C)(C)OC(=O)[C@H](CCCCNC(=O)OCc1ccccc1)NC(=O)[C@@H]1C[C@@H](OCc2ccccc2)CN1C(=O)OC(C)(C)C,6.136677139879544,ZEIXRPVDVMJLIP-ULNSLHSMSA-N
CHEMBL4635941,COc1cc2c(cc1OC)CN(CCc1ccc(NC(=O)/C=C/c3ccc(Oc4ccc(-c5ccccn5)cc4C)nc3)cc1)CC2,740.0,COc1cc2c(cc1OC)CN(CCc1ccc(NC(=O)/C=C/c3ccc(Oc4ccc(-c5ccccn5)cc4C)nc3)cc1)CC2,6.130768280269024,ZPGLSAALAOSQLL-OQLLNIDSSA-N
CHEMBL2011288,COc1ccc2[nH]cc(CCNC(=O)c3cc(=O)c4c(OCc5ccc(Br)cc5)cccc4o3)c2c1,745.0,COc1ccc2[nH]cc(CCNC(=O)c3cc(=O)c4c(OCc5ccc(Br)cc5)cccc4o3)c2c1,6.127843727251707,YOURSKBAKQLDQW-UHFFFAOYSA-N
CHEMBL486336,COc1cccc(CCc2ccccc2OCCN2CCc3cc(OC)c(OC)cc3C2)c1,750.0,COc1cccc(CCc2ccccc2OCCN2CCc3cc(OC)c(OC)cc3C2)c1,6.1249387366083,FOYIKIOMXHXEQA-UHFFFAOYSA-N
CHEMBL4646045,COc1cc2c(cc1OC)CN(CCc1ccc(NC(=O)/C=C/c3ccc(Oc4cccc(-c5ccccn5)c4)nc3)cc1)CC2,750.0,COc1cc2c(cc1OC)CN(CCc1ccc(NC(=O)/C=C/c3ccc(Oc4cccc(-c5ccccn5)c4)nc3)cc1)CC2,6.1249387366083,AJGWAABNSFMUOW-RVDMUPIBSA-N
CHEMBL459158,COc1cccc(CCc2ccccc2OCCCCN2CCN(c3cccc(C(F)(F)F)c3)CC2)c1,750.0,COc1cccc(CCc2ccccc2OCCCCN2CCN(c3cccc(C(F)(F)F)c3)CC2)c1,6.1249387366083,JGSPPIYFQDHZNR-UHFFFAOYSA-N
CHEMBL4791602,CC(=O)c1ccc(Nc2cc(C)nc3nc(SCc4nc5ccccc5[nH]4)nn23)cc1,760.0,CC(=O)c1ccc(Nc2cc(C)nc3nc(SCc4nc5ccccc5[nH]4)nn23)cc1,6.119186407719209,XWHDKXWIFAFCRE-UHFFFAOYSA-N
CHEMBL4637515,COc1cc2c(cc1OC)CN(CCc1ccc(NC(=O)/C=C/c3ccc(Oc4ccc(-c5ccccn5)cc4I)nc3)cc1)CC2,760.0,COc1cc2c(cc1OC)CN(CCc1ccc(NC(=O)/C=C/c3ccc(Oc4ccc(-c5ccccn5)cc4I)nc3)cc1)CC2,6.119186407719209,QSHMQWFJAAJAKJ-RIYZIHGNSA-N
CHEMBL4634981,COc1cc2c(cc1OC)CN(CCc1ccc(NC(=O)C3CC3c3ccc(Oc4ccc(-c5ccccn5)cc4)nc3)cc1)CC2,760.0,COc1cc2c(cc1OC)CN(CCc1ccc(NC(=O)C3CC3c3ccc(Oc4ccc(-c5ccccn5)cc4)nc3)cc1)CC2,6.119186407719209,IAKQBYMBSKWIRL-UHFFFAOYSA-N
CHEMBL4089061,COc1cc(C(=O)NC(Cc2ccccc2)c2nc(C(=O)NC3CCC(F)(F)CC3)cs2)cc(OC)c1OC,760.0,COc1cc(C(=O)NC(Cc2ccccc2)c2nc(C(=O)NC3CCC(F)(F)CC3)cs2)cc(OC)c1OC,6.119186407719209,ZTTLKVKLPLIAMR-UHFFFAOYSA-N
CHEMBL4541580,COc1cc2c(cc1OC)CN(Cc1cccc(COc3ccc4ccc(=O)oc4c3)c1)CC2,770.0,COc1cc2c(cc1OC)CN(Cc1cccc(COc3ccc4ccc(=O)oc4c3)c1)CC2,6.113509274827518,QOKZZPBLVVZFTG-UHFFFAOYSA-N
CHEMBL5080016,COc1cc([C@H]2c3cnccc3C(=O)N3C[C@H](C(=O)c4ccccc4)NC[C@H]23)cc2c1OCO2,770.0,COc1cc([C@H]2c3cnccc3C(=O)N3C[C@H](C(=O)c4ccccc4)NC[C@H]23)cc2c1OCO2,6.113509274827518,DPBAYUINKCYTAM-VIZSFHNOSA-N
CHEMBL4795881,Cc1cc(Nc2ccc(F)c(Cl)c2)n2nc(SCc3nc4ccccc4[nH]3)nc2n1,770.0,Cc1cc(Nc2ccc(F)c(Cl)c2)n2nc(SCc3nc4ccccc4[nH]3)nc2n1,6.113509274827518,XSEFGOIPTZHCNL-UHFFFAOYSA-N
CHEMBL5088529,COc1cc([C@H]2c3cnccc3C(=O)N3C[C@@H](C(=O)c4ccccc4)NC[C@H]23)cc2c1OCO2,770.0,COc1cc([C@H]2c3cnccc3C(=O)N3C[C@@H](C(=O)c4ccccc4)NC[C@H]23)cc2c1OCO2,6.113509274827518,DPBAYUINKCYTAM-MZKRTTBSSA-N
CHEMBL5084699,COc1cc(C[C@H]2CN3C[C@@H]4[C@@H](c5ccccc5)c5c(cc6c(c5OC)OCO6)[C@@H]4[C@H]3CN2)cc2c1OCO2,770.0,COc1cc(C[C@H]2CN3C[C@@H]4[C@@H](c5ccccc5)c5c(cc6c(c5OC)OCO6)[C@@H]4[C@H]3CN2)cc2c1OCO2,6.113509274827518,WQECFXZCKUFACM-FERBAXHVSA-N
CHEMBL259690,COc1cc2c(cc1OC)CN(CCc1ccc(NC(=O)c3cc4ccccc4cn3)cc1)CC2,776.25,COc1cc2c(cc1OC)CN(CCc1ccc(NC(=O)c3cc4ccccc4cn3)cc1)CC2,6.109998386815364,RJSOUZKIJXBVSO-UHFFFAOYSA-N
CHEMBL4647036,COc1cc2c(cc1OC)CN(CCc1ccc(NC(=O)/C=C/c3ccc(Oc4cc(O)c(-c5ccccn5)c(O)c4)nc3)cc1)CC2,780.0,COc1cc2c(cc1OC)CN(CCc1ccc(NC(=O)/C=C/c3ccc(Oc4cc(O)c(-c5ccccn5)c(O)c4)nc3)cc1)CC2,6.107905397309519,DJLPXIBLGXRMRA-XYOKQWHBSA-N
CHEMBL1112,O=C1CCc2ccc(OCCCCN3CCN(c4cccc(Cl)c4Cl)CC3)cc2N1,780.0,O=C1CCc2ccc(OCCCCN3CCN(c4cccc(Cl)c4Cl)CC3)cc2N1,6.107905397309519,CEUORZQYGODEFX-UHFFFAOYSA-N
CHEMBL4751608,Cc1cc(Nc2c(F)cccc2F)n2nc(SCc3nc4ccccc4[nH]3)nc2n1,790.0,Cc1cc(Nc2c(F)cccc2F)n2nc(SCc3nc4ccccc4[nH]3)nc2n1,6.102372908709558,XNKBKBXPQZOMIJ-UHFFFAOYSA-N
CHEMBL5088766,COc1cc([C@H]2c3ccccc3C(=O)N3C=CN(C(C)=O)C[C@H]23)cc2c1OCO2,800.0,COc1cc([C@H]2c3ccccc3C(=O)N3C=CN(C(C)=O)C[C@H]23)cc2c1OCO2,6.096910013008056,XXMYEEZJCBJUQK-XLIONFOSSA-N
CHEMBL487960,COc1cccc(CCc2ccccc2OCCN2CCN(C)CC2)c1,800.0,COc1cccc(CCc2ccccc2OCCN2CCN(C)CC2)c1,6.096910013008056,QNUFXAULMIMQGB-UHFFFAOYSA-N
CHEMBL3808745,COc1ccc2c3c1O[C@H]1C[C@@H](OC(=O)CCCCCCCCC(=O)O[C@H]4C=C[C@@]56CN(C)CCc7ccc(OC)c(c75)O[C@H]6C4)C=C[C@@]31CN(C)CC2,800.0,COc1ccc2c3c1O[C@H]1C[C@@H](OC(=O)CCCCCCCCC(=O)O[C@H]4C=C[C@@]56CN(C)CCc7ccc(OC)c(c75)O[C@H]6C4)C=C[C@@]31CN(C)CC2,6.096910013008056,KFHVPQSLLUJBGB-RMZLRQEBSA-N
CHEMBL1423,O=c1[nH]c2ccccc2n1C1CCN(CCCC(c2ccc(F)cc2)c2ccc(F)cc2)CC1,800.0,O=c1[nH]c2ccccc2n1C1CCN(CCCC(c2ccc(F)cc2)c2ccc(F)cc2)CC1,6.096910013008056,YVUQSNJEYSNKRX-UHFFFAOYSA-N
CHEMBL248480,O=C(Nc1ccc(CCN2CCc3ccccc3C2)cc1)Nc1ccccc1NC(=O)c1cnc2ccccc2c1,812.83,O=C(Nc1ccc(CCN2CCc3ccccc3C2)cc1)Nc1ccccc1NC(=O)c1cnc2ccccc2c1,6.090000275786018,ZITINVMPJYNKEP-UHFFFAOYSA-N
CHEMBL4641108,COc1c2c(cc3c1[C@H](c1ccccc1)[C@@]1(O)C(=O)N4C[C@H](Cc5ccccc5)N(C(C)=O)C[C@@H]4[C@@H]31)OCO2,820.0,COc1c2c(cc3c1[C@H](c1ccccc1)[C@@]1(O)C(=O)N4C[C@H](Cc5ccccc5)N(C(C)=O)C[C@@H]4[C@@H]31)OCO2,6.086186147616283,HPVOHQVKBZIFOZ-MPPANQFJSA-N
CHEMBL4637809,COc1cc2c(cc1OC)CN(CCc1ccc(NC(=O)/C=C/c3ccc(Oc4ccc(-c5ccccn5)c(O)c4)nc3)cc1)CC2,820.0,COc1cc2c(cc1OC)CN(CCc1ccc(NC(=O)/C=C/c3ccc(Oc4ccc(-c5ccccn5)c(O)c4)nc3)cc1)CC2,6.086186147616283,HYNJRYIKCHORCU-RIYZIHGNSA-N
CHEMBL4643278,COc1cc2c(cc1OC)CN(CCc1ccc(NC(=O)/C=C/c3c(-c4ccccc4)n(C)c4ncccc34)cc1)CC2,820.0,COc1cc2c(cc1OC)CN(CCc1ccc(NC(=O)/C=C/c3c(-c4ccccc4)n(C)c4ncccc34)cc1)CC2,6.086186147616283,IWVRAZGXUGXZDE-FOCLMDBBSA-N
CHEMBL5087844,COc1cc([C@H]2c3ccncc3C(=O)N3C=CN(C(C)=O)C[C@H]23)cc2c1OCO2,840.0,COc1cc([C@H]2c3ccncc3C(=O)N3C=CN(C(C)=O)C[C@H]23)cc2c1OCO2,6.075720713938118,YQHWCEGBVLAGAR-APWZRJJASA-N
CHEMBL5394194,COc1cc2c(cc1OC)CN(C(=O)c1cc3cc(-c4cccc(C)c4)ccc3[nH]1)CC2,848.0,COc1cc2c(cc1OC)CN(C(=O)c1cc3cc(-c4cccc(C)c4)ccc3[nH]1)CC2,6.071604147743286,GNDFKCXTFSPXNY-UHFFFAOYSA-N
CHEMBL472761,COc1cc2c(cc1OC)CN(CCc1ccc(NC(=O)c3ccc4ccccc4n3)cc1)CC2,850.0,COc1cc2c(cc1OC)CN(CCc1ccc(NC(=O)c3ccc4ccccc4n3)cc1)CC2,6.070581074285707,SVOYOGJLJFYPQH-UHFFFAOYSA-N
CHEMBL4786182,Cc1cc(Nc2ccc(C(F)(F)F)cc2)n2nc(SCc3nc4ccccc4[nH]3)nc2n1,850.0,Cc1cc(Nc2ccc(C(F)(F)F)cc2)n2nc(SCc3nc4ccccc4[nH]3)nc2n1,6.070581074285707,AKLFYJQLYZYBEY-UHFFFAOYSA-N
CHEMBL3596501,CCOC(=O)C1=CN(Cc2ccccc2)c2ccccc2C1c1cccc(OC)c1,860.0,CCOC(=O)C1=CN(Cc2ccccc2)c2ccccc2C1c1cccc(OC)c1,6.0655015487564325,LCNHSIDFXWNVAK-UHFFFAOYSA-N
CHEMBL3809832,COc1ccc(/C=C/C(=O)c2cccc(Nc3ncnc4cc(OC)c(OC)cc34)c2)cc1OC,860.0,COc1ccc(/C=C/C(=O)c2cccc(Nc3ncnc4cc(OC)c(OC)cc34)c2)cc1OC,6.0655015487564325,ROCWBTOPJAVZHR-CSKARUKUSA-N
CHEMBL3233493,COc1cc(C(=O)/C=C/C=C/c2ccccc2SC)cc(OC)c1OC,870.0,COc1cc(C(=O)/C=C/C=C/c2ccccc2SC)cc(OC)c1OC,6.060480747381382,NXHTZUNYDKSVAF-TWHYHQCRSA-N
CHEMBL5407483,COc1ccc(-c2ccc3[nH]c(C(=O)N4CCc5cc(OC)c(OC)cc5C4)cc3c2)cc1OC,876.0,COc1ccc(-c2ccc3[nH]c(C(=O)N4CCc5cc(OC)c(OC)cc5C4)cc3c2)cc1OC,6.057495893831919,HQBKMRFWQCSEJP-UHFFFAOYSA-N
CHEMBL5079104,COc1cc(C[C@H]2CN3C(=O)[C@]4(O)[C@@H](c5ccccc5)c5c(cc6c(c5OC)OCO6)[C@@H]4[C@H]3CN2C(C)=O)cc2c1OCO2,880.0,COc1cc(C[C@H]2CN3C(=O)[C@]4(O)[C@@H](c5ccccc5)c5c(cc6c(c5OC)OCO6)[C@@H]4[C@H]3CN2C(C)=O)cc2c1OCO2,6.055517327849832,DUAOTFLIFONCQN-QGZVPWQWSA-N
CHEMBL4646781,COc1cc(C[C@H]2CN3C[C@]4(O)[C@@H](c5ccccc5)c5c(cc6c(c5OC)OCO6)[C@@H]4[C@H]3CN2C(C)=O)cc2c1OCO2,880.0,COc1cc(C[C@H]2CN3C[C@]4(O)[C@@H](c5ccccc5)c5c(cc6c(c5OC)OCO6)[C@@H]4[C@H]3CN2C(C)=O)cc2c1OCO2,6.055517327849832,AWGYFEUBGYGPIC-XYFQLPCYSA-N
CHEMBL5407159,COc1cc2c(cc1OC)CN(C(=O)c1cc3cc(-c4ccc(NC(=O)c5ccc(Cl)cc5)cc4)ccc3n1Cc1ccccc1)CC2,889.0,COc1cc2c(cc1OC)CN(C(=O)c1cc3cc(-c4ccc(NC(=O)c5ccc(Cl)cc5)cc4)ccc3n1Cc1ccccc1)CC2,6.051098239029786,YEJYLUGZGAQDHV-UHFFFAOYSA-N
CHEMBL1790684,CC[C@H](C)[C@@H]1NC(=O)[C@@H]2CCCN2C(=O)[C@H](Cc2ccccc2)N(C)C(=O)[C@H](Cc2ccccc2)NC(=O)[C@H](C(C)C)N(C)C(=O)[C@@H]([C@@H](C)CC)OC(=O)CN(C)C(=O)[C@H](CC(C)C)NC(=O)[C@H](C(C)C)N(C)C1=O,890.0,CC[C@H](C)[C@@H]1NC(=O)[C@@H]2CCCN2C(=O)[C@H](Cc2ccccc2)N(C)C(=O)[C@H](Cc2ccccc2)NC(=O)[C@H](C(C)C)N(C)C(=O)[C@@H]([C@@H](C)CC)OC(=O)CN(C)C(=O)[C@H](CC(C)C)NC(=O)[C@H](C(C)C)N(C)C1=O,6.050609993355087,RHWDFMQTQSGQIG-POGRDONZSA-N
CHEMBL370963,COc1cc(-c2cc(=O)c3c(OC)c(OC)c(OC)cc3o2)cc(OC)c1OC,900.0,COc1cc(-c2cc(=O)c3c(OC)c(OC)c(OC)cc3o2)cc(OC)c1OC,6.045757490560675,DYDFNKUHYXHWFM-UHFFFAOYSA-N
CHEMBL189669,CCCOc1cc2oc(-c3ccccc3)cc(=O)c2c(OC)c1OCCC,900.0,CCCOc1cc2oc(-c3ccccc3)cc(=O)c2c(OC)c1OCCC,6.045757490560675,GSOPTOPTGMYIOB-UHFFFAOYSA-N
CHEMBL4474386,Cc1c(C)c2ccc(OCCCCN3CCc4ccccc4C3)cc2oc1=O,910.0,Cc1c(C)c2ccc(OCCCCN3CCc4ccccc4C3)cc2oc1=O,6.040958607678906,FIZCTLFFIOOEEU-UHFFFAOYSA-N
CHEMBL5431081,COc1cc2c(cc1OC)CN(C(=O)c1cc3cc(-c4ccc(NC(=O)c5ccc(Cl)cc5)cc4)ccc3n1Cc1ccc(F)cc1)CC2,920.0,COc1cc2c(cc1OC)CN(C(=O)c1cc3cc(-c4ccc(NC(=O)c5ccc(Cl)cc5)cc4)ccc3n1Cc1ccc(F)cc1)CC2,6.036212172654444,VXUJIRNDYYCGPT-UHFFFAOYSA-N
CHEMBL4877841,COc1cc2c(cc1OC)CN(CCNC(=O)c1ccc(C)c(Nc3nccc(-c4ccccc4O)n3)c1)CC2,920.0,COc1cc2c(cc1OC)CN(CCNC(=O)c1ccc(C)c(Nc3nccc(-c4ccccc4O)n3)c1)CC2,6.036212172654444,FFPDKFRRKZGDQI-UHFFFAOYSA-N
CHEMBL5429916,COc1cc2c(cc1OC)CN(C(=O)c1cc3cc(-c4ccccc4Cl)ccc3[nH]1)CC2,933.0,COc1cc2c(cc1OC)CN(C(=O)c1cc3cc(-c4ccccc4Cl)ccc3[nH]1)CC2,6.0301183562535,RNTWNTDTKQJFFM-UHFFFAOYSA-N
CHEMBL4873838,COc1cc2c(cc1OC)CN(CCNC(=O)c1ccc(C)c(Nc3nccc(-c4cccs4)n3)c1)CC2,940.0,COc1cc2c(cc1OC)CN(CCNC(=O)c1ccc(C)c(Nc3nccc(-c4cccs4)n3)c1)CC2,6.026872146400302,ZBHYVGXHFABTBU-UHFFFAOYSA-N
CHEMBL5082328,COc1cc([C@H]2c3cnccc3C(=O)N3C[C@@H](C(=O)c4ccccc4)N(C(C)=O)C[C@H]23)cc2c1OCO2,940.0,COc1cc([C@H]2c3cnccc3C(=O)N3C[C@@H](C(=O)c4ccccc4)N(C(C)=O)C[C@H]23)cc2c1OCO2,6.026872146400302,QAQIXWAAUHTHBA-SLSDLSHTSA-N
CHEMBL5086802,COc1cc([C@H]2c3cnccc3C(=O)N3C[C@H](C(=O)c4ccccc4)N(C(C)=O)C[C@H]23)cc2c1OCO2,940.0,COc1cc([C@H]2c3cnccc3C(=O)N3C[C@H](C(=O)c4ccccc4)N(C(C)=O)C[C@H]23)cc2c1OCO2,6.026872146400302,QAQIXWAAUHTHBA-RQTOMXEWSA-N
CHEMBL5089749,COc1cc([C@H]2c3ccccc3C(=O)N3C[C@H](C(=O)c4ccccc4)NC[C@H]23)cc2c1OCO2,950.0,COc1cc([C@H]2c3ccccc3C(=O)N3C[C@H](C(=O)c4ccccc4)NC[C@H]23)cc2c1OCO2,6.022276394711152,MMBADSOVDPRXNV-LGVFNWMJSA-N
CHEMBL5402480,COc1cc2c(cc1OC)CN(C(=O)c1cc3cc(-c4ccc(F)cc4)ccc3[nH]1)CC2,959.0,COc1cc2c(cc1OC)CN(C(=O)c1cc3cc(-c4ccc(F)cc4)ccc3[nH]1)CC2,6.018181392829336,JUJRKSKALMDBTF-UHFFFAOYSA-N
CHEMBL5088832,C=C(c1ccccc1)[C@H]1CN2C(=O)c3ccncc3[C@H](c3cc(OC)c4c(c3)OCO4)[C@H]2CN1,970.0,C=C(c1ccccc1)[C@H]1CN2C(=O)c3ccncc3[C@H](c3cc(OC)c4c(c3)OCO4)[C@H]2CN1,6.013228265733755,MOWWAPPUHRKMJW-RQTOMXEWSA-N
CHEMBL3317919,COc1cc(OC)c(C(=O)Nc2ccc(-c3cc(F)cc(F)c3)cn2)cc1OC,970.0,COc1cc(OC)c(C(=O)Nc2ccc(-c3cc(F)cc(F)c3)cn2)cc1OC,6.013228265733755,UAVLUPLFJPDQJN-UHFFFAOYSA-N
CHEMBL2058786,O=C(c1ccccc1)c1ccc(OCC(O)CN2CCN(c3ccc(F)cc3)CC2)cc1,970.0,O=C(c1ccccc1)c1ccc(OCC(O)CN2CCN(c3ccc(F)cc3)CC2)cc1,6.013228265733755,HUVKXFPWQGYNJA-UHFFFAOYSA-N
CHEMBL5435709,COC(=O)/C(C#N)=C/c1cn(CC(=O)Nc2ccc(OC)cc2)c2ccccc12,983.0,COC(=O)/C(C#N)=C/c1cn(CC(=O)Nc2ccc(OC)cc2)c2ccccc12,6.007446482167865,RAJPEVIHJCKTGX-RVDMUPIBSA-N
CHEMBL4641589,COc1cc2c(cc1OC)CN(CCc1ccc(NC(=O)/C=C/c3cccc(Oc4ccc(-c5ccccn5)cc4)n3)cc1)CC2,990.0,COc1cc2c(cc1OC)CN(CCc1ccc(NC(=O)/C=C/c3cccc(Oc4ccc(-c5ccccn5)cc4)n3)cc1)CC2,6.00436480540245,DAFILJFYTCBHJA-OBGWFSINSA-N
CHEMBL5074563,COc1cc2c(cc1OC)CN(CCc1ccc(-n3nnc(-c4cc(Oc5ccncc5)ccc4NC(=O)c4cc(=O)c5ccccc5o4)n3)cc1)CC2,993.0,COc1cc2c(cc1OC)CN(CCc1ccc(-n3nnc(-c4cc(Oc5ccncc5)ccc4NC(=O)c4cc(=O)c5ccccc5o4)n3)cc1)CC2,6.0030507515046185,ZSZDLTGWRNLYQW-UHFFFAOYSA-N
CHEMBL1294,C=C[C@H]1CN2CC[C@H]1C[C@@H]2[C@@H](O)c1ccnc2ccc(OC)cc12,1000.0,C=C[C@H]1CN2CC[C@H]1C[C@@H]2[C@@H](O)c1ccnc2ccc(OC)cc12,6.0,LOUPRKONTZGTKE-LHHVKLHASA-N
CHEMBL1779519,COc1cc2c(cc1OC)CN(CCc1ccc(NC(=O)c3ccc(C(=O)O)c(NC(=O)c4ccc5ncccc5c4)c3)cc1)CC2.O=C(O)C(F)(F)F,1000.0,COc1cc2c(cc1OC)CN(CCc1ccc(NC(=O)c3ccc(C(=O)O)c(NC(=O)c4ccc5ncccc5c4)c3)cc1)CC2,6.0,FKSZETRAJNMSIC-UHFFFAOYSA-N
CHEMBL208204,O=C(Oc1ccccc1)N1C2C3C4N(C(=O)Oc5ccccc5)C5C(C1[C@]5(CO)[C@H]3c1ccccc1)[C@@H](c1ccccc1)[C@@]24CO,1000.0,O=C(Oc1ccccc1)N1C2C3C4N(C(=O)Oc5ccccc5)C5C(C1[C@]5(CO)[C@H]3c1ccccc1)[C@@H](c1ccccc1)[C@@]24CO,6.0,JOGUXZBUKZOXCC-LJZXZELSSA-N
CHEMBL379683,OC[C@]12C3C4C1N(Cc1ccccc1)C1C(C(N3Cc3ccccc3)[C@]1(CO)[C@H]4c1ccccc1)[C@H]2c1ccccc1,1000.0,OC[C@]12C3C4C1N(Cc1ccccc1)C1C(C(N3Cc3ccccc3)[C@]1(CO)[C@H]4c1ccccc1)[C@H]2c1ccccc1,6.0,PTAZQROEKWBGIK-WKJCGBECSA-N
CHEMBL4553878,COc1cc2c(cc1OC)CN(C/C=C/COc1ccc3c(C)c(C)c(=O)oc3c1)CC2,1000.0,COc1cc2c(cc1OC)CN(C/C=C/COc1ccc3c(C)c(C)c(=O)oc3c1)CC2,6.0,ANDDRXHQHKELJW-AATRIKPKSA-N
CHEMBL157101,CC(=O)N1CCN(c2ccc(OCC3COC(Cn4ccnc4)(c4ccc(Cl)cc4Cl)O3)cc2)CC1,1000.0,CC(=O)N1CCN(c2ccc(OCC3COC(Cn4ccnc4)(c4ccc(Cl)cc4Cl)O3)cc2)CC1,6.0,XMAYWYJOQHXEEK-UHFFFAOYSA-N
CHEMBL140,COc1cc(/C=C/C(=O)CC(=O)/C=C/c2ccc(O)c(OC)c2)ccc1O,1000.0,COc1cc(/C=C/C(=O)CC(=O)/C=C/c2ccc(O)c(OC)c2)ccc1O,6.0,VFLDPWHFBUODDF-FCXRPNKRSA-N
CHEMBL5193426,C[C@@H]1OC(CC(=O)O)=Cc2c1c(O)c1c3c(c4n(c23)[C@H]([C@@H](C)O)CC4)C=CC1=O,1010.0,C[C@@H]1OC(CC(=O)O)=Cc2c1c(O)c1c3c(c4n(c23)[C@H]([C@@H](C)O)CC4)C=CC1=O,5.995678626217358,OCIPLYCMVXSIDW-BFVZDQMLSA-N
CHEMBL5574078,CCOc1cc2c(cc1OCC)-c1c(-c3ccc(F)cc3)c(/C=N/c3ccc(O)cc3)c(-c3ccccc3)n1CC2,1010.0,CCOc1cc2c(cc1OCC)-c1c(-c3ccc(F)cc3)c(/C=N/c3ccc(O)cc3)c(-c3ccccc3)n1CC2,5.995678626217358,MZLFKKSHGUCZMK-SEBMTOOBSA-N
CHEMBL5088206,COc1cc([C@H]2c3cnccc3C(=O)N3C[C@H](Cc4ccccc4)N(C(C)=O)C[C@H]23)cc2c1OCO2,1010.0,COc1cc([C@H]2c3cnccc3C(=O)N3C[C@H](Cc4ccccc4)N(C(C)=O)C[C@H]23)cc2c1OCO2,5.995678626217358,AAAXQCAHTZSFCV-CLLDFNAGSA-N
CHEMBL260599,COc1cc2c(cc1OC)CN(CC/C=C1\CCCc3c(OC)cccc31)CC2,1020.0,COc1cc2c(cc1OC)CN(CC/C=C1\CCCc3c(OC)cccc31)CC2,5.991399828238082,QBMVDXXIQASRIE-QGMBQPNBSA-N
CHEMBL4568020,COc1cc(OC)c(C(=O)/C=C/c2cccc(N3CCNCC3)c2)c(O)c1CC=C(C)C,1020.0,COc1cc(OC)c(C(=O)/C=C/c2cccc(N3CCNCC3)c2)c(O)c1CC=C(C)C,5.991399828238082,VGGWXFSSGAQHBY-PKNBQFBNSA-N
CHEMBL5069922,COc1cc([C@H]2c3cnccc3C(=O)N3C=CN(C(C)=O)C[C@H]23)cc2c1OCO2,1030.0,COc1cc([C@H]2c3cnccc3C(=O)N3C=CN(C(C)=O)C[C@H]23)cc2c1OCO2,5.987162775294828,PNHBXIUXNVZFEN-APWZRJJASA-N
CHEMBL4851447,COc1cc2c(cc1OC)CN(CCc1ccc(NC(=O)c3ccc(C)c(Nc4nccc(-c5ccccc5)n4)c3)cc1)CC2,1030.0,COc1cc2c(cc1OC)CN(CCc1ccc(NC(=O)c3ccc(C)c(Nc4nccc(-c5ccccc5)n4)c3)cc1)CC2,5.987162775294828,VRTFKLRXTIGBHN-UHFFFAOYSA-N
CHEMBL5076013,COc1c2c(cc3c1[C@H](c1ccccc1)[C@H]1C(=O)N4C[C@H](Cc5ccccc5)NC[C@@H]4[C@@H]31)OCO2,1030.0,COc1c2c(cc3c1[C@H](c1ccccc1)[C@H]1C(=O)N4C[C@H](Cc5ccccc5)NC[C@@H]4[C@@H]31)OCO2,5.987162775294828,ZTZYEKPSSYGCJU-MVZYNSITSA-N
CHEMBL4171781,COc1cccc(Nc2nc(-c3ccc(OC)c(OC)c3)nc3ccccc23)c1,1040.0,COc1cccc(Nc2nc(-c3ccc(OC)c(OC)c3)nc3ccccc23)c1,5.982966660701219,KPNOBVTYTANSBF-UHFFFAOYSA-N
CHEMBL4083797,Cc1cc(Nc2ccc(F)cc2)n2nc(SCc3ccccc3)nc2n1,1040.0,Cc1cc(Nc2ccc(F)cc2)n2nc(SCc3ccccc3)nc2n1,5.982966660701219,NKBNWYFLECFJMN-UHFFFAOYSA-N
CHEMBL5089017,C=C(c1ccccc1)[C@H]1CN2C(=O)c3ccccc3[C@H](c3cc(OC)c4c(c3)OCO4)[C@H]2CN1,1050.0,C=C(c1ccccc1)[C@H]1CN2C(=O)c3ccccc3[C@H](c3cc(OC)c4c(c3)OCO4)[C@H]2CN1,5.978810700930062,YDOPEPYTRAZEFR-PLXFJCCSSA-N
CHEMBL4863144,COc1cc2c(cc1OC)CN(CCc1ccc(NC(=O)c3ccc(C)c(Nc4nccc(-c5cccc(O)c5)n4)c3)cc1)CC2,1050.0,COc1cc2c(cc1OC)CN(CCc1ccc(NC(=O)c3ccc(C)c(Nc4nccc(-c5cccc(O)c5)n4)c3)cc1)CC2,5.978810700930062,ZVDGJXQHBHXCRR-UHFFFAOYSA-N
CHEMBL5416557,COc1ccc(-c2ccc3[nH]c(C(=O)N4CCc5cc(OC)c(OC)cc5C4)cc3c2)cc1,1063.0,COc1ccc(-c2ccc3[nH]c(C(=O)N4CCc5cc(OC)c(OC)cc5C4)cc3c2)cc1,5.973466735476704,XIYBGJRACFZLIG-UHFFFAOYSA-N
CHEMBL2369619,CC[C@H](C)[C@@H]1NC(=O)[C@@H]2CCCN2C(=O)[C@H](Cc2ccccc2)N(C)C(=O)[C@H](Cc2ccccc2)NC(=O)[C@H](C(C)C)N(C)C(=O)[C@@H]([C@@H](C)CC)OC(=O)[C@H]([C@H](C)CO)N(C)C(=O)[C@H](CC(C)C)NC(=O)[C@H](C(C)C)N(C)C1=O,1090.0,CC[C@H](C)[C@@H]1NC(=O)[C@@H]2CCCN2C(=O)[C@H](Cc2ccccc2)N(C)C(=O)[C@H](Cc2ccccc2)NC(=O)[C@H](C(C)C)N(C)C(=O)[C@@H]([C@@H](C)CC)OC(=O)[C@H]([C@H](C)CO)N(C)C(=O)[C@H](CC(C)C)NC(=O)[C@H](C(C)C)N(C)C1=O,5.962573502059376,UYMZQZSAAAVOHF-SDVDAVRTSA-N
CHEMBL4641324,COc1cc2c(cc1OC)CN(CCc1ccc(NC(=O)C(O)c3c(-c4ccccc4)n(C)c4ccccc34)cc1)CC2,1100.0,COc1cc2c(cc1OC)CN(CCc1ccc(NC(=O)C(O)c3c(-c4ccccc4)n(C)c4ccccc34)cc1)CC2,5.958607314841775,KMFZXLMKEKPZFV-UHFFFAOYSA-N
CHEMBL4636390,COc1c2c(cc3c1[C@H](c1ccccc1)[C@H]1C(=O)N4C[C@H](Cc5ccccc5)N(C(C)=O)C[C@@H]4[C@@H]31)OCO2,1100.0,COc1c2c(cc3c1[C@H](c1ccccc1)[C@H]1C(=O)N4C[C@H](Cc5ccccc5)N(C(C)=O)C[C@@H]4[C@@H]31)OCO2,5.958607314841775,VTOITEGQWZFNRK-NCPBTPGXSA-N
CHEMBL3220346,Nc1nc(NC2CC2)c2ncn([C@H]3C=C[C@@H](COC(=O)CCCCCCCCCCC(=O)OC[C@@H]4C=C[C@H](n5cnc6c(NC7CC7)nc(N)nc65)C4)C3)c2n1,1100.0,Nc1nc(NC2CC2)c2ncn([C@H]3C=C[C@@H](COC(=O)CCCCCCCCCCC(=O)OC[C@@H]4C=C[C@H](n5cnc6c(NC7CC7)nc(N)nc65)C4)C3)c2n1,5.958607314841775,OBBWISLGLZRWIF-HHGOQMMWSA-N
CHEMBL1790690,CC[C@H](C)[C@@H]1NC(=O)[C@@H]2CCCN2C(=O)[C@H](Cc2ccccc2)N(C)C(=O)[C@H](Cc2ccccc2)NC(=O)[C@H](C(C)C)N(C)C(=O)[C@@H](C(C)C)OC(=O)[C@H](C(C)(C)O)N(C)C(=O)[C@H](CC(C)C)NC(=O)[C@H](C(C)C)N(C)C1=O,1100.0,CC[C@H](C)[C@@H]1NC(=O)[C@@H]2CCCN2C(=O)[C@H](Cc2ccccc2)N(C)C(=O)[C@H](Cc2ccccc2)NC(=O)[C@H](C(C)C)N(C)C(=O)[C@@H](C(C)C)OC(=O)[C@H](C(C)(C)O)N(C)C(=O)[C@H](CC(C)C)NC(=O)[C@H](C(C)C)N(C)C1=O,5.958607314841775,SCMFDLJANPJUPW-RQCIRJHXSA-N
CHEMBL17157,CC(C)(C)c1ccc(C(O)CCCN2CCC(C(O)(c3ccccc3)c3ccccc3)CC2)cc1,1100.0,CC(C)(C)c1ccc(C(O)CCCN2CCC(C(O)(c3ccccc3)c3ccccc3)CC2)cc1,5.958607314841775,GUGOEEXESWIERI-UHFFFAOYSA-N
CHEMBL4171304,COc1cccc(-c2nc(Nc3ccc(OC)c(OC)c3)c3ccccc3n2)c1,1100.0,COc1cccc(-c2nc(Nc3ccc(OC)c(OC)c3)c3ccccc3n2)c1,5.958607314841775,PKJKNHPJEVFATH-UHFFFAOYSA-N
CHEMBL1643342,COc1cc(CCC(=O)O[C@H]2CC[C@@H](N(C)[C@H]3CC[C@@H](OC(=O)c4cc(OC)c(OC)c(OC)c4)CC3)CC2)cc(OC)c1OC,1100.0,COc1cc(CCC(=O)O[C@H]2CC[C@@H](N(C)[C@H]3CC[C@@H](OC(=O)c4cc(OC)c(OC)c(OC)c4)CC3)CC2)cc(OC)c1OC,5.958607314841775,JXCYICKXOWATCA-PVCJUVKBSA-N
CHEMBL5279701,c1ccc(CCN2CCN(c3ncnc4c3[nH]c3ccccc34)CC2)cc1,1110.0,c1ccc(CCN2CCN(c3ncnc4c3[nH]c3ccccc34)CC2)cc1,5.954677021213342,WSQDGWOFRGACTF-UHFFFAOYSA-N
CHEMBL1253375,CC(C)(C)OC(=O)[C@H](CCCCNC(=O)OCc1ccccc1)NC(=O)[C@@H]1C[C@@H](OCC2CCCCC2)CN1C(=O)OC(C)(C)C,1130.0,CC(C)(C)OC(=O)[C@H](CCCCNC(=O)OCc1ccccc1)NC(=O)[C@@H]1C[C@@H](OCC2CCCCC2)CN1C(=O)OC(C)(C)C,5.94692155651658,PJBWRSPVKCDCKE-ULNSLHSMSA-N
CHEMBL4791933,Cc1cc(Nc2ccc3c(C)cc(=O)oc3c2)n2nc(SCc3nc4ccccc4[nH]3)nc2n1,1140.0,Cc1cc(Nc2ccc3c(C)cc(=O)oc3c2)n2nc(SCc3nc4ccccc4[nH]3)nc2n1,5.943095148663527,WABBRQRQLDZQOT-UHFFFAOYSA-N
CHEMBL3233497,COc1ccc2c(c1)C(=O)/C(=C/C=C/c1cc(OC)c(OC)c(OC)c1)C2,1148.15,COc1ccc2c(c1)C(=O)/C(=C/C=C/c1cc(OC)c(OC)c(OC)c1)C2,5.940001369850308,WPQGJVJQDBUWSD-OWRQJNCQSA-N
CHEMBL4634027,COc1cc2c(cc1OC)CN(CCc1ccc(NC(=O)/C=C/c3ccc(Oc4c(I)cc(-c5ccccn5)cc4I)nc3)cc1)CC2,1180.0,COc1cc2c(cc1OC)CN(CCc1ccc(NC(=O)/C=C/c3ccc(Oc4c(I)cc(-c5ccccn5)cc4I)nc3)cc1)CC2,5.928117992693875,DDFDEZGPWSNEIN-XYOKQWHBSA-N
CHEMBL4856328,COc1cc2c(cc1OC)CN(CCNC(=O)c1ccc(C)c(Nc3nccc(-c4ccc(C)cc4)n3)c1)CC2,1180.0,COc1cc2c(cc1OC)CN(CCNC(=O)c1ccc(C)c(Nc3nccc(-c4ccc(C)cc4)n3)c1)CC2,5.928117992693875,UGDLZGDJAJYKGS-UHFFFAOYSA-N
CHEMBL5417686,COc1cc(Cn2c(C(=O)N3CCc4cc(OC)c(OC)cc4C3)cc3cc(-c4ccc(NC(=O)c5ccc(Cl)cc5)cc4)ccc32)cc(OC)c1,1188.0,COc1cc(Cn2c(C(=O)N3CCc4cc(OC)c(OC)cc4C3)cc3cc(-c4ccc(NC(=O)c5ccc(Cl)cc5)cc4)ccc32)cc(OC)c1,5.925183559354825,KZCXKPNIJGNSPF-UHFFFAOYSA-N
CHEMBL5438538,COc1cc2c(cc1OC)CN(C(=O)c1cc3cc(-c4ccc(C)cc4)ccc3[nH]1)CC2,1190.0,COc1cc2c(cc1OC)CN(C(=O)c1cc3cc(-c4ccc(C)cc4)ccc3[nH]1)CC2,5.924453038607469,WTRPATFIZLCORA-UHFFFAOYSA-N
CHEMBL5439235,COC(=O)/C(C#N)=C/c1cn(CC(=O)Nc2ccc(Br)cn2)c2ccccc12,1190.0,COC(=O)/C(C#N)=C/c1cn(CC(=O)Nc2ccc(Br)cn2)c2ccccc12,5.924453038607469,UZDACVNULBHFBS-MDWZMJQESA-N
CHEMBL2059229,O=C(c1ccccc1)c1ccccc1OCC(O)CN1CCCCC1,1200.0,O=C(c1ccccc1)c1ccccc1OCC(O)CN1CCCCC1,5.920818753952375,LHQJUHBRBUFOBY-UHFFFAOYSA-N
CHEMBL45816,COCC(=O)O[C@]1(CCN(C)CCCc2nc3ccccc3[nH]2)CCc2cc(F)ccc2[C@@H]1C(C)C,1200.0,COCC(=O)O[C@]1(CCN(C)CCCc2nc3ccccc3[nH]2)CCc2cc(F)ccc2[C@@H]1C(C)C,5.920818753952375,HBNPJJILLOYFJU-VMPREFPWSA-N
CHEMBL13473,COc1ccc2c(=O)cc(-c3ccc(OC)c(OC)c3)oc2c1,1200.0,COc1ccc2c(=O)cc(-c3ccc(OC)c(OC)c3)oc2c1,5.920818753952375,VSFZYCDPDWSYSS-UHFFFAOYSA-N
CHEMBL456673,COc1cccc(CCc2ccccc2OCCCCN2CCN(c3ccc(F)cc3)CC2)c1,1200.0,COc1cccc(CCc2ccccc2OCCCCN2CCN(c3ccc(F)cc3)CC2)c1,5.920818753952375,DTCOBDNXWXNEKW-UHFFFAOYSA-N
CHEMBL5194241,COC(=O)C[C@H]1Cc2c(c(O)c3c4c(c5n(c24)[C@H]([C@@H](C)O)CC5)C=CC3=O)[C@H](C)O1,1200.0,COC(=O)C[C@H]1Cc2c(c(O)c3c4c(c5n(c24)[C@H]([C@@H](C)O)CC5)C=CC3=O)[C@H](C)O1,5.920818753952375,RMVZLVPYLMSGAY-ZAZJYDDPSA-N
CHEMBL456675,COc1cccc(CCc2ccccc2OCCCN2CCN(c3ncccn3)CC2)c1,1200.0,COc1cccc(CCc2ccccc2OCCCN2CCN(c3ncccn3)CC2)c1,5.920818753952375,CYDGNUMWYIAVLK-UHFFFAOYSA-N
CHEMBL91153,COc1ccc(-c2cc(=O)c3ccccc3o2)cc1OC,1200.0,COc1ccc(-c2cc(=O)c3ccccc3o2)cc1OC,5.920818753952375,ZGHORMOOTZTQFL-UHFFFAOYSA-N
CHEMBL5415893,COc1cc2c(cc1OC)CN(C(=O)c1cc3cc(-c4ccc(NC(=O)c5ccc(Cl)cc5)cc4)ccc3n1Cc1cc(C(F)(F)F)cc(C(F)(F)F)c1)CC2,1206.0,COc1cc2c(cc1OC)CN(C(=O)c1cc3cc(-c4ccc(NC(=O)c5ccc(Cl)cc5)cc4)ccc3n1Cc1cc(C(F)(F)F)cc(C(F)(F)F)c1)CC2,5.9186526921958675,YEWPTBGCBXUCQN-UHFFFAOYSA-N
CHEMBL2059233,CCCNCC(O)COc1ccccc1C(=O)c1ccc(C)cc1,1210.0,CCCNCC(O)COc1ccccc1C(=O)c1ccc(C)cc1,5.91721462968355,JASUGYSNIDYMAN-UHFFFAOYSA-N
CHEMBL4159635,COc1ccc(-c2nc(Nc3ccc(OC)c(OC)c3)c3ccccc3n2)cc1,1220.0,COc1ccc(-c2nc(Nc3ccc(OC)c(OC)c3)c3ccccc3n2)cc1,5.913640169325252,QMFOOTIKJFKPLV-UHFFFAOYSA-N
CHEMBL4876765,COc1cc2c(cc1OC)CN(CCc1ccc(NC(=O)c3ccc(C)c(Nc4nccc(-c5ccccn5)n4)c3)cc1)CC2,1220.0,COc1cc2c(cc1OC)CN(CCc1ccc(NC(=O)c3ccc(C)c(Nc4nccc(-c5ccccn5)n4)c3)cc1)CC2,5.913640169325252,DZYZUWFHTUOLPC-UHFFFAOYSA-N
CHEMBL2331721,COCCOCCOCCOc1cc2c(cc1OC)CCN(Cc1ccc(-c3ccc(C(=O)OC)c(NC(=O)c4ccc5ccccc5n4)c3)cc1)C2,1230.0,COCCOCCOCCOc1cc2c(cc1OC)CCN(Cc1ccc(-c3ccc(C(=O)OC)c(NC(=O)c4ccc5ccccc5n4)c3)cc1)C2,5.910094888560602,CQOXFZXXVWFHCB-UHFFFAOYSA-N
CHEMBL3317933,COc1ccc(-c2ccc(NC(=O)c3cc(OC)c(OC)cc3OC)c(F)c2)cc1,1230.0,COc1ccc(-c2ccc(NC(=O)c3cc(OC)c(OC)cc3OC)c(F)c2)cc1,5.910094888560602,GUCGQTYAGXQXON-UHFFFAOYSA-N
CHEMBL5426025,COc1cc2c(cc1OC)CN(C(=O)c1cc3cc(-c4ccc(NC(=O)c5ccc(Cl)cc5)cc4)ccc3n1Cc1cccc(C(F)(F)F)c1)CC2,1235.0,COc1cc2c(cc1OC)CN(C(=O)c1cc3cc(-c4ccc(NC(=O)c5ccc(Cl)cc5)cc4)ccc3n1Cc1cccc(C(F)(F)F)c1)CC2,5.9083330424043154,JIEOKCYZFQLPTC-UHFFFAOYSA-N
CHEMBL413,CO[C@H]1C[C@@H]2CC[C@@H](C)[C@@](O)(O2)C(=O)C(=O)N2CCCC[C@H]2C(=O)O[C@H]([C@H](C)C[C@@H]2CC[C@@H](O)[C@H](OC)C2)CC(=O)[C@H](C)/C=C(\C)[C@@H](O)[C@@H](OC)C(=O)[C@H](C)C[C@H](C)/C=C/C=C/C=C/1C,1250.0,CO[C@H]1C[C@@H]2CC[C@@H](C)[C@@](O)(O2)C(=O)C(=O)N2CCCC[C@H]2C(=O)O[C@H]([C@H](C)C[C@@H]2CC[C@@H](O)[C@H](OC)C2)CC(=O)[C@H](C)/C=C(\C)[C@@H](O)[C@@H](OC)C(=O)[C@H](C)C[C@H](C)/C=C/C=C/C=C/1C,5.903089986991944,QFJCIRLUMZQUOT-HPLJOQBZSA-N
CHEMBL5412607,COc1cc2c(cc1OC)CN(C(=O)c1cc3cc(-c4ccc(NC(=O)c5ccc(C#N)cc5)cc4)ccc3[nH]1)CC2,1259.0,COc1cc2c(cc1OC)CN(C(=O)c1cc3cc(-c4ccc(NC(=O)c5ccc(C#N)cc5)cc4)ccc3[nH]1)CC2,5.899974269892137,QMRNPVVDLZHCCV-UHFFFAOYSA-N
CHEMBL4745763,Cc1cc(Nc2ccc(F)cc2)n2nc(SCC(=O)c3ccccc3)nc2n1,1260.0,Cc1cc(Nc2ccc(F)cc2)n2nc(SCC(=O)c3ccccc3)nc2n1,5.8996294548824375,GBPQYHPPWLDXOH-UHFFFAOYSA-N
CHEMBL4093128,COc1cc2c(cc1OC)CN(CCn1cc(COc3ccccc3C(=O)Nc3ccc(C(C)(C)C)cc3)nn1)CC2,1260.0,COc1cc2c(cc1OC)CN(CCn1cc(COc3ccccc3C(=O)Nc3ccc(C(C)(C)C)cc3)nn1)CC2,5.8996294548824375,VWVGKMQPCSSADW-UHFFFAOYSA-N
CHEMBL4780702,Cc1cc(Nc2ccc(F)cc2)n2nc(SCc3ccc(F)cc3)nc2n1,1270.0,Cc1cc(Nc2ccc(F)cc2)n2nc(SCc3ccc(F)cc3)nc2n1,5.896196279044043,QNWVJFGBZGNIPC-UHFFFAOYSA-N
CHEMBL458991,COc1cccc(CCc2ccccc2OCCCCCN2CCN(c3ccccc3OC)CC2)c1,1270.0,COc1cccc(CCc2ccccc2OCCCCCN2CCN(c3ccccc3OC)CC2)c1,5.896196279044043,YGTRMXKFXMERRE-UHFFFAOYSA-N
CHEMBL5094781,COc1cc(NC(=O)c2cc(=O)c3ccccc3o2)c(-c2nnn(-c3ccc(CCN4CCc5cc(-n6ccnc6)ccc5C4)cc3)n2)cc1OC,1280.0,COc1cc(NC(=O)c2cc(=O)c3ccccc3o2)c(-c2nnn(-c3ccc(CCN4CCc5cc(-n6ccnc6)ccc5C4)cc3)n2)cc1OC,5.892790030352131,NHXOEDKYWHRXHY-UHFFFAOYSA-N
CHEMBL5426932,COc1cc([C@@H](CC(=O)NCCC(=O)Nc2ccccn2)C2=C(O)[C@@]3(Oc4c(Cl)c(OC)cc(OC)c4C3=O)[C@H](C)CC2=O)ccc1O,1280.0,COc1cc([C@@H](CC(=O)NCCC(=O)Nc2ccccn2)C2=C(O)[C@@]3(Oc4c(Cl)c(OC)cc(OC)c4C3=O)[C@H](C)CC2=O)ccc1O,5.892790030352131,WBZTZOUPFZNTRM-QONXBGTDSA-N
CHEMBL5275223,N#Cc1cn(-c2ccccc2)c2c(N3CCN(CCc4c[nH]c5ccccc45)CC3)ncnc12,1280.0,N#Cc1cn(-c2ccccc2)c2c(N3CCN(CCc4c[nH]c5ccccc45)CC3)ncnc12,5.892790030352131,AUYSDBKLMPCVQL-UHFFFAOYSA-N
CHEMBL5080434,COc1cc(NC(=O)c2cc(=O)c3ccccc3o2)c(-c2nnn(-c3ccc(CCN4CCc5ccc(-n6ccnc6)cc5C4)cc3)n2)cc1OC,1280.0,COc1cc(NC(=O)c2cc(=O)c3ccccc3o2)c(-c2nnn(-c3ccc(CCN4CCc5ccc(-n6ccnc6)cc5C4)cc3)n2)cc1OC,5.892790030352131,FEBMJDUYFJOCCF-UHFFFAOYSA-N
CHEMBL5074836,COc1cc2c(cc1OC)CN(CCc1ccc(-n3nnc(-c4cc(OC)c(OC)cc4NC(=O)c4cc(=O)c5cc(-c6ccncc6)ccc5o4)n3)cc1)CC2,1280.0,COc1cc2c(cc1OC)CN(CCc1ccc(-n3nnc(-c4cc(OC)c(OC)cc4NC(=O)c4cc(=O)c5cc(-c6ccncc6)ccc5o4)n3)cc1)CC2,5.892790030352131,QYQIEUASJLPQST-UHFFFAOYSA-N
CHEMBL5084749,COc1cc(NC(=O)c2cc(=O)c3ccccc3o2)c(-c2nnn(-c3ccc(CCN4CCn5cncc5C4)cc3)n2)cc1OC,1280.0,COc1cc(NC(=O)c2cc(=O)c3ccccc3o2)c(-c2nnn(-c3ccc(CCN4CCn5cncc5C4)cc3)n2)cc1OC,5.892790030352131,JUDGYJOURFAWRX-UHFFFAOYSA-N
CHEMBL5077301,COc1cc2c(cc1OC)CN(CCc1ccc(-n3nnc(-c4cc(OC)c(OC)cc4NC(=O)c4cc(=O)c5cc(-n6ccnc6)ccc5o4)n3)cc1)CC2,1280.0,COc1cc2c(cc1OC)CN(CCc1ccc(-n3nnc(-c4cc(OC)c(OC)cc4NC(=O)c4cc(=O)c5cc(-n6ccnc6)ccc5o4)n3)cc1)CC2,5.892790030352131,POILDAQOHMNGEW-UHFFFAOYSA-N
CHEMBL2369625,CC[C@H](C)[C@H]1OC(=O)[C@H](C(C)(C)O)N(C)C(=O)[C@H](CC(C)C)NC(=O)[C@H](C(C)C)N(C)C(=O)[C@H](C(C)C)NC(=O)[C@@H]2CCCN2C(=O)[C@H](Cc2ccccc2)N(C)C(=O)[C@H](Cc2ccccc2)NC(=O)[C@H](C(C)C)N(C)C1=O,1290.0,CC[C@H](C)[C@H]1OC(=O)[C@H](C(C)(C)O)N(C)C(=O)[C@H](CC(C)C)NC(=O)[C@H](C(C)C)N(C)C(=O)[C@H](C(C)C)NC(=O)[C@@H]2CCCN2C(=O)[C@H](Cc2ccccc2)N(C)C(=O)[C@H](Cc2ccccc2)NC(=O)[C@H](C(C)C)N(C)C1=O,5.889410289700751,VOHALDDSFQVBOL-RQCIRJHXSA-N
CHEMBL3809810,COc1ccc(/C=C/C(=O)c2cccc(Nc3nc(-c4ccc(OC)c(OC)c4)nc4ccccc34)c2)cc1,1290.0,COc1ccc(/C=C/C(=O)c2cccc(Nc3nc(-c4ccc(OC)c(OC)c4)nc4ccccc34)c2)cc1,5.889410289700751,JZXRSIOYCUFEOX-GHRIWEEISA-N
CHEMBL4092304,CCOC(=O)C1=C(C)NC(C)=C(C(=O)OCc2cn(CCOCCOCCOCCOCCOCCn3cc(COC(=O)C4=C(C)NC(C)=C(C(=O)OCC)C4c4c(-c5cccc(Br)c5)noc4C)nn3)nn2)C1c1c(-c2cccc(Br)c2)noc1C,1296.0,CCOC(=O)C1=C(C)NC(C)=C(C(=O)OCc2cn(CCOCCOCCOCCOCCOCCn3cc(COC(=O)C4=C(C)NC(C)=C(C(=O)OCC)C4c4c(-c5cccc(Br)c5)noc4C)nn3)nn2)C1c1c(-c2cccc(Br)c2)noc1C,5.8873949984654255,RARBNPQTVOKALU-UHFFFAOYSA-N
CHEMBL104,Clc1ccccc1C(c1ccccc1)(c1ccccc1)n1ccnc1,1300.0,Clc1ccccc1C(c1ccccc1)(c1ccccc1)n1ccnc1,5.886056647693163,VNFPBHJOKIVQEB-UHFFFAOYSA-N
CHEMBL2372456,C/C=C/C[C@@H](C)[C@@H](O)[C@H]1C(=O)N[C@@H](CCC)C(=O)N(C)CC(=O)N(C)[C@H](CC(C)C)C(=O)N[C@@H](CCC)C(=O)N(C)[C@H](CC(C)C)C(=O)NC(C)C(=O)N[C@H](C)C(=O)N(C)[C@@H](CC(C)C)C(=O)N(C)[C@@H](CC(C)C)C(=O)N(C)[C@@H](C(C)C)C(=O)N1C,1300.0,C/C=C/C[C@@H](C)[C@@H](O)[C@H]1C(=O)N[C@@H](CCC)C(=O)N(C)CC(=O)N(C)[C@H](CC(C)C)C(=O)N[C@@H](CCC)C(=O)N(C)[C@H](CC(C)C)C(=O)NC(C)C(=O)N[C@H](C)C(=O)N(C)[C@@H](CC(C)C)C(=O)N(C)[C@@H](CC(C)C)C(=O)N(C)[C@@H](C(C)C)C(=O)N1C,5.886056647693163,RXPSXDYPRNOFLI-BUOJKCARSA-N
CHEMBL3317918,COc1cc(C(=O)Nc2ccc(-c3cc(F)cc(F)c3)cn2)cc(OC)c1OC,1300.0,COc1cc(C(=O)Nc2ccc(-c3cc(F)cc(F)c3)cn2)cc(OC)c1OC,5.886056647693163,VABBGJQABQRWKU-UHFFFAOYSA-N
CHEMBL5407313,COc1cc2c(cc1OC)CN(C(=O)c1cc3cc(-c4ccc(NC(=O)c5ccc(Cl)cc5)cc4)ccc3n1Cc1cccc(F)c1)CC2,1311.0,COc1cc2c(cc1OC)CN(C(=O)c1cc3cc(-c4ccc(NC(=O)c5ccc(Cl)cc5)cc4)ccc3n1Cc1cccc(F)c1)CC2,5.8823973083099155,NFGPUEHUIRKLNY-UHFFFAOYSA-N
CHEMBL168831,COc1cc(N(C)C(=O)Cc2cccc(-n3c(=O)c4c(C)onc4c4c(Cl)cccc43)c2)cc(OC)c1OC,1330.0,COc1cc(N(C)C(=O)Cc2cccc(-n3c(=O)c4c(C)onc4c4c(Cl)cccc43)c2)cc(OC)c1OC,5.876148359032914,AFRUTEYMLMTACQ-UHFFFAOYSA-N
CHEMBL4793695,CCC(=O)c1ccc(-c2cn(CCN3CCOCC3)nn2)cc1NC(=O)c1cc(=O)c2ccccc2o1,1342.0,CCC(=O)c1ccc(-c2cn(CCN3CCOCC3)nn2)cc1NC(=O)c1cc(=O)c2ccccc2o1,5.872247484167027,BKFDXZRHUWJITL-UHFFFAOYSA-N
CHEMBL5407482,COc1cc2c(cc1OC)CN(C(=O)c1cc3cc(-c4ccc(NC(=O)c5ccc(Cl)cc5)cc4)ccc3n1Cc1ccc(C)cc1)CC2,1345.0,COc1cc2c(cc1OC)CN(C(=O)c1cc3cc(-c4ccc(NC(=O)c5ccc(Cl)cc5)cc4)ccc3n1Cc1ccc(C)cc1)CC2,5.871277715661574,CCMKXKOHCAFMAT-UHFFFAOYSA-N
CHEMBL4634838,COc1cc2c(cc1OC)CN(CCc1ccc(NC(=O)/C=C/c3c(-c4ccccc4)oc4ccccc4c3=O)cc1)CC2,1360.0,COc1cc2c(cc1OC)CN(CCc1ccc(NC(=O)/C=C/c3c(-c4ccccc4)oc4ccccc4c3=O)cc1)CC2,5.866461091629782,TXHJNUBOOAATIS-WUKNDPDISA-N
CHEMBL2369617,CC[C@H](C)[C@@H]1NC(=O)[C@@H]2CCCN2C(=O)[C@H]([C@H](O)c2ccccc2)N(C)C(=O)[C@H](Cc2ccccc2)NC(=O)[C@H](C(C)C)N(C)C(=O)[C@@H]([C@@H](C)CC)OC(=O)[C@H](C(C)C)N(C)C(=O)[C@H](CC(C)C)NC(=O)[C@H](C(C)C)N(C)C1=O,1360.0,CC[C@H](C)[C@@H]1NC(=O)[C@@H]2CCCN2C(=O)[C@H]([C@H](O)c2ccccc2)N(C)C(=O)[C@H](Cc2ccccc2)NC(=O)[C@H](C(C)C)N(C)C(=O)[C@@H]([C@@H](C)CC)OC(=O)[C@H](C(C)C)N(C)C(=O)[C@H](CC(C)C)NC(=O)[C@H](C(C)C)N(C)C1=O,5.866461091629782,FREXYXXOYJEUAY-NAXKUPTJSA-N
CHEMBL5421510,COc1cc2c(cc1OC)CN(C(=O)c1cc3cc(-c4ccc(NC(=O)c5ccc(Cl)cc5)cc4)ccc3n1Cc1ccccc1Br)CC2,1364.0,COc1cc2c(cc1OC)CN(C(=O)c1cc3cc(-c4ccc(NC(=O)c5ccc(Cl)cc5)cc4)ccc3n1Cc1ccccc1Br)CC2,5.86518562967954,JCDKNOJPPLMHDK-UHFFFAOYSA-N
CHEMBL4776961,Cc1cc(Nc2ccc(F)cc2)n2nc(SCc3ccc(Br)cc3)nc2n1,1370.0,Cc1cc(Nc2ccc(F)cc2)n2nc(SCc3ccc(Br)cc3)nc2n1,5.863279432843593,WFPDAIOQIWUJFZ-UHFFFAOYSA-N
CHEMBL3233220,COc1ccccc1/C=C/C=C/C(=O)c1cc(OC)c(OC)c(OC)c1,1380.0,COc1ccccc1/C=C/C=C/C(=O)c1cc(OC)c(OC)c(OC)c1,5.860120913598763,XVGBBYSFERYKMB-TWHYHQCRSA-N
CHEMBL4104354,CCOC(=O)C1=C(C)NC(C)=C(C(=O)OCc2cn(CCOCCOCCOCCOCCOCCn3cc(COC(=O)C4=C(C)NC(C)=C(C(=O)OCC)C4c4c(-c5ccc(Br)cc5)noc4C)nn3)nn2)C1c1c(-c2ccc(Br)cc2)noc1C,1394.0,CCOC(=O)C1=C(C)NC(C)=C(C(=O)OCc2cn(CCOCCOCCOCCOCCOCCn3cc(COC(=O)C4=C(C)NC(C)=C(C(=O)OCC)C4c4c(-c5ccc(Br)cc5)noc4C)nn3)nn2)C1c1c(-c2ccc(Br)cc2)noc1C,5.855737226238009,XZJALWZAKPYVSJ-UHFFFAOYSA-N
CHEMBL1944866,COc1cc(C(=O)Nc2ccc(-c3ccccc3)cc2F)cc(OC)c1OC,1400.0,COc1cc(C(=O)Nc2ccc(-c3ccccc3)cc2F)cc(OC)c1OC,5.853871964321762,ATXLFMCOYDBQKY-UHFFFAOYSA-N
CHEMBL1087720,COc1ccc(-c2cc(=O)c3c(OC)cc(OC)cc3o2)cc1,1400.0,COc1ccc(-c2cc(=O)c3c(OC)cc(OC)cc3o2)cc1,5.853871964321762,ZXJJBDHPUHUUHD-UHFFFAOYSA-N
CHEMBL259976,COc1cc2c(cc1OC)CN(CCc1ccc(NC(=O)c3cccc4ccccc34)cc1)CC2,1400.0,COc1cc2c(cc1OC)CN(CCc1ccc(NC(=O)c3cccc4ccccc34)cc1)CC2,5.853871964321762,IEXXWWLIVDRJDC-UHFFFAOYSA-N
CHEMBL1685073,COC1=C(OC)[C@]2(OC)c3c(OC)c(OC)c4c(c3O[C@@]23O[C@@H](c2ccccc2)CC=C3C1=O)[C@@H](OC)C[C@H](c1ccccc1)O4,1400.0,COC1=C(OC)[C@]2(OC)c3c(OC)c(OC)c4c(c3O[C@@]23O[C@@H](c2ccccc2)CC=C3C1=O)[C@@H](OC)C[C@H](c1ccccc1)O4,5.853871964321762,AOIFTQSYQCTSIR-ZWXIBEELSA-N
CHEMBL515579,COc1cc2c(cc1OC)CN(CCc1ccc(NC(=O)/C=C/c3ccccc3)cc1)CC2,1400.0,COc1cc2c(cc1OC)CN(CCc1ccc(NC(=O)/C=C/c3ccccc3)cc1)CC2,5.853871964321762,KMEUCDRCYYFJRQ-JLHYYAGUSA-N
CHEMBL221390,CC(C)(C)OC(=O)N[C@@H](CC(=O)OCc1ccccc1)C(=O)N[C@@H](CCCCNC(=O)OCc1ccccc1)C(=O)OC(C)(C)C,1410.0,CC(C)(C)OC(=O)N[C@@H](CC(=O)OCc1ccccc1)C(=O)N[C@@H](CCCCNC(=O)OCc1ccccc1)C(=O)OC(C)(C)C,5.85078088734462,SVNKEDMVAQBLLN-SVBPBHIXSA-N
CHEMBL4474709,COc1ccc(-c2c(OCC(=O)Nc3cccc4ccccc34)oc3ccccc3c2=O)cc1,1410.0,COc1ccc(-c2c(OCC(=O)Nc3cccc4ccccc34)oc3ccccc3c2=O)cc1,5.85078088734462,SXOSJLKWNDDRLF-UHFFFAOYSA-N
CHEMBL5418484,COc1cc2c(cc1OC)CN(C(=O)c1cc3cc(-c4ccc(N)cc4)ccc3[nH]1)CC2,1411.0,COc1cc2c(cc1OC)CN(C(=O)c1cc3cc(-c4ccc(N)cc4)ccc3[nH]1)CC2,5.850472986245652,FOBQUIJGWYLJGA-UHFFFAOYSA-N
CHEMBL518645,COc1cc2c(cc1OC)CN(CCc1ccc(NC(=O)C3Oc4ccccc4O3)cc1)CC2,1412.54,COc1cc2c(cc1OC)CN(CCc1ccc(NC(=O)C3Oc4ccccc4O3)cc1)CC2,5.849999245077862,MOPNQMNIILJCSL-UHFFFAOYSA-N
CHEMBL4462578,CSc1cccc(Nc2cc(-c3ccccc3)nc3ccccc23)c1,1420.0,CSc1cccc(Nc2cc(-c3ccccc3)nc3ccccc23)c1,5.847711655616943,LTDJZGASGBIVLZ-UHFFFAOYSA-N
CHEMBL4758019,C#Cc1cccc(Nc2cc(C)nc3nc(SCc4nc5ccccc5[nH]4)nn23)c1,1430.0,C#Cc1cccc(Nc2cc(C)nc3nc(SCc4nc5ccccc5[nH]4)nn23)c1,5.844663962534939,FTLWKGLSMVVVBL-UHFFFAOYSA-N
CHEMBL5205284,C[C@H]1OC(CC(=O)O)=Cc2c1c(O)c1c3c(c4n(c23)[C@H]([C@@H](C)O)CC4)C=CC1=O,1440.0,C[C@H]1OC(CC(=O)O)=Cc2c1c(O)c1c3c(c4n(c23)[C@H]([C@@H](C)O)CC4)C=CC1=O,5.841637507904751,OCIPLYCMVXSIDW-RULNRJAQSA-N
CHEMBL4753848,CC(C)c1cc(Nc2ccc(F)cc2)n2nc(SCc3ccccc3)nc2n1,1440.0,CC(C)c1cc(Nc2ccc(F)cc2)n2nc(SCc3ccccc3)nc2n1,5.841637507904751,SUNKJHCSPLQSGF-UHFFFAOYSA-N
CHEMBL4105000,CCOC(=O)C1=C(C)NC(C)=C(C(=O)OCc2cn(CCOCCOCCn3cc(COC(=O)C4=C(C)NC(C)=C(C(=O)OCC)C4c4c(-c5ccc(Br)cc5)noc4C)nn3)nn2)C1c1c(-c2ccc(Br)cc2)noc1C,1449.0,CCOC(=O)C1=C(C)NC(C)=C(C(=O)OCc2cn(CCOCCOCCn3cc(COC(=O)C4=C(C)NC(C)=C(C(=O)OCC)C4c4c(-c5ccc(Br)cc5)noc4C)nn3)nn2)C1c1c(-c2ccc(Br)cc2)noc1C,5.838931614528826,CGEFSAWBLMCMJR-UHFFFAOYSA-N
CHEMBL5290645,N#Cc1cn(CCCc2ccccc2)c2c(N3CCN(CCc4c[nH]c5ccccc45)CC3)ncnc12,1460.0,N#Cc1cn(CCCc2ccccc2)c2c(N3CCN(CCc4c[nH]c5ccccc45)CC3)ncnc12,5.835647144215563,YKKLHDHOUSXZOO-UHFFFAOYSA-N
CHEMBL5434737,CCOc1ccc(-c2ccc3[nH]c(C(=O)N4CCc5cc(OC)c(OC)cc5C4)cc3c2)cc1,1468.0,CCOc1ccc(-c2ccc3[nH]c(C(=O)N4CCc5cc(OC)c(OC)cc5C4)cc3c2)cc1,5.833273944419949,ZRWWXEIIILAJID-UHFFFAOYSA-N
CHEMBL5416906,COc1cc2c(cc1OC)CN(C(=O)c1cc3cc(-c4cccc(Cl)c4)ccc3[nH]1)CC2,1474.0,COc1cc2c(cc1OC)CN(C(=O)c1cc3cc(-c4cccc(Cl)c4)ccc3[nH]1)CC2,5.831502516476967,LVIWPIFDCNXKLS-UHFFFAOYSA-N
CHEMBL5434966,COc1cc2c(cc1OC)CN(C(=O)c1cc3cc(-c4ccc5c(c4)OCO5)ccc3[nH]1)CC2,1474.0,COc1cc2c(cc1OC)CN(C(=O)c1cc3cc(-c4ccc5c(c4)OCO5)ccc3[nH]1)CC2,5.831502516476967,FABMZOGYLKHVQP-UHFFFAOYSA-N
CHEMBL5175965,C[C@@H]1O[C@@H](CC(=O)O)C(=O)c2c1c(O)c1c3c(c4n(c23)[C@H]([C@@H](C)O)CC4)C=CC1=O,1480.0,C[C@@H]1O[C@@H](CC(=O)O)C(=O)c2c1c(O)c1c3c(c4n(c23)[C@H]([C@@H](C)O)CC4)C=CC1=O,5.8297382846050425,XQKQNMOKOZIAQO-DKZXUEBISA-N
CHEMBL3263844,CC(C)[C@@H]1NC(=O)c2csc(n2)[C@H](C(C)C)NC(=O)c2csc(n2)[C@H](C(C)C)NC(=O)c2csc1n2,1500.0,CC(C)[C@@H]1NC(=O)c2csc(n2)[C@H](C(C)C)NC(=O)c2csc(n2)[C@H](C(C)C)NC(=O)c2csc1n2,5.823908740944319,MCTYQNKZLHHNCP-BZSNNMDCSA-N
CHEMBL3263820,CCOC(=O)c1csc([C@@H](NC(=O)c2csc([C@@H](NC(=O)c3csc([C@@H](NC(=O)OC(C)(C)C)C(C)C)n3)C(C)C)n2)C(C)C)n1,1500.0,CCOC(=O)c1csc([C@@H](NC(=O)c2csc([C@@H](NC(=O)c3csc([C@@H](NC(=O)OC(C)(C)C)C(C)C)n3)C(C)C)n2)C(C)C)n1,5.823908740944319,CHRNOULDYAIFGT-VABKMULXSA-N
CHEMBL2372501,CC/C=C/C[C@@H](C)[C@@H](O)[C@H]1C(=O)N[C@@H](CC)C(=O)N(C)[C@@H](Cc2ccccc2)C(=O)N(C)[C@H](CC(C)C)C(=O)N[C@H](C(C)C)C(=O)N(C)[C@H](CC(C)C)C(=O)N[C@@H](C)C(=O)N[C@H](C)C(=O)N(C)[C@@H](CC(C)C)C(=O)N(C)[C@@H](CC(C)C)C(=O)N(C)[C@@H](C(C)C)C(=O)N1C,1500.0,CC/C=C/C[C@@H](C)[C@@H](O)[C@H]1C(=O)N[C@@H](CC)C(=O)N(C)[C@@H](Cc2ccccc2)C(=O)N(C)[C@H](CC(C)C)C(=O)N[C@H](C(C)C)C(=O)N(C)[C@H](CC(C)C)C(=O)N[C@@H](C)C(=O)N[C@H](C)C(=O)N(C)[C@@H](CC(C)C)C(=O)N(C)[C@@H](CC(C)C)C(=O)N(C)[C@@H](C(C)C)C(=O)N1C,5.823908740944319,JDQQPUAKPSNEMW-QHMVMBBESA-N
CHEMBL305660,CC(C)(C)c1ccc(C(=O)CCCN2CCC(OC(c3ccccc3)c3ccccc3)CC2)cc1,1500.0,CC(C)(C)c1ccc(C(=O)CCCN2CCC(OC(c3ccccc3)c3ccccc3)CC2)cc1,5.823908740944319,MJJALKDDGIKVBE-UHFFFAOYSA-N
CHEMBL163,CC(C)c1nc(CN(C)C(=O)N[C@H](C(=O)N[C@@H](Cc2ccccc2)C[C@H](O)[C@H](Cc2ccccc2)NC(=O)OCc2cncs2)C(C)C)cs1,1500.0,CC(C)c1nc(CN(C)C(=O)N[C@H](C(=O)N[C@@H](Cc2ccccc2)C[C@H](O)[C@H](Cc2ccccc2)NC(=O)OCc2cncs2)C(C)C)cs1,5.823908740944319,NCDNCNXCDXHOMX-XGKFQTDJSA-N
CHEMBL2372499,C/C=C/C[C@@H](C)[C@@H](O)[C@H]1C(=O)N[C@@H](CC)C(=O)N(C)CC(=O)N(C)[C@H](CC(C)C)C(=O)N[C@H](C(C)C)C(=O)N(C)[C@H](CC(C)C)C(=O)N[C@@H](C)C(=O)N[C@H](C)C(=O)N(C)[C@@H](CC(C)C)C(=O)N(C)[C@@H](CC(C)C)C(=O)N(C)[C@@H]([C@@H](C)CC)C(=O)N1C,1500.0,C/C=C/C[C@@H](C)[C@@H](O)[C@H]1C(=O)N[C@@H](CC)C(=O)N(C)CC(=O)N(C)[C@H](CC(C)C)C(=O)N[C@H](C(C)C)C(=O)N(C)[C@H](CC(C)C)C(=O)N[C@@H](C)C(=O)N[C@H](C)C(=O)N(C)[C@@H](CC(C)C)C(=O)N(C)[C@@H](CC(C)C)C(=O)N(C)[C@@H]([C@@H](C)CC)C(=O)N1C,5.823908740944319,IYEARVIIQYFJFO-DJBJBRADSA-N
CHEMBL58,O=C1c2c(O)ccc(O)c2C(=O)c2c(NCCNCCO)ccc(NCCNCCO)c21,1501.0,O=C1c2c(O)ccc(O)c2C(=O)c2c(NCCNCCO)ccc(NCCNCCO)c21,5.823619307756729,KKZJGLLVHKMTCM-UHFFFAOYSA-N
CHEMBL5419493,COC(=O)/C(C#N)=C/c1cn(CC(=O)Nc2ccc(C)cn2)c2ccccc12,1510.0,COC(=O)/C(C#N)=C/c1cn(CC(=O)Nc2ccc(C)cn2)c2ccccc12,5.82102305270683,BPQKPKUDTOROME-OQLLNIDSSA-N
CHEMBL5204503,C[C@H]1O[C@H](CC(=O)O)Cc2c1c(O)c1c3c(c4n(c23)[C@@H]([C@@H](C)O)CC4)C=CC1=O,1530.0,C[C@H]1O[C@H](CC(=O)O)Cc2c1c(O)c1c3c(c4n(c23)[C@@H]([C@@H](C)O)CC4)C=CC1=O,5.815308569182402,AWMWNWIBOOYESP-NJBDSQKTSA-N
CHEMBL1253897,CC(C)(C)OC(=O)CC(C(=O)[C@H](Cc1ccc(OC(C)(C)C)cc1)NC(=O)OC(C)(C)C)S(=O)(=O)c1ccccc1,1550.0,CC(C)(C)OC(=O)CC(C(=O)[C@H](Cc1ccc(OC(C)(C)C)cc1)NC(=O)OC(C)(C)C)S(=O)(=O)c1ccccc1,5.809668301829708,OVJBQQAXDIXIBU-SKCDSABHSA-N
CHEMBL4797215,Cc1cc(Nc2ccc(F)cc2)n2nc(SCCc3ccccc3)nc2n1,1550.0,Cc1cc(Nc2ccc(F)cc2)n2nc(SCCc3ccccc3)nc2n1,5.809668301829708,CTQBPHQGRJLGCP-UHFFFAOYSA-N
CHEMBL2369618,CC[C@H](C)[C@@H]1NC(=O)[C@@H]2CCCN2C(=O)[C@H](Cc2ccccc2)N(C)C(=O)[C@H](Cc2ccccc2)NC(=O)[C@H](C(C)C)N(C)C(=O)[C@@H]([C@@H](C)CC)OC(=O)[C@]2(OC2(C)C)N(C)C(=O)[C@H](CC(C)C)NC(=O)[C@H](C(C)C)N(C)C1=O,1550.0,CC[C@H](C)[C@@H]1NC(=O)[C@@H]2CCCN2C(=O)[C@H](Cc2ccccc2)N(C)C(=O)[C@H](Cc2ccccc2)NC(=O)[C@H](C(C)C)N(C)C(=O)[C@@H]([C@@H](C)CC)OC(=O)[C@]2(OC2(C)C)N(C)C(=O)[C@H](CC(C)C)NC(=O)[C@H](C(C)C)N(C)C1=O,5.809668301829708,LRSXSOZGLLCGJC-RZUPRHLQSA-N
CHEMBL105360,COc1cc(/C=C/C(=O)CC(=O)/C=C/c2ccc(O)cc2)ccc1O,1560.0,COc1cc(/C=C/C(=O)CC(=O)/C=C/c2ccc(O)cc2)ccc1O,5.806875401645538,HJTVQHVGMGKONQ-LUZURFALSA-N
CHEMBL4747771,Cc1cc(Nc2cc(C)[nH]n2)n2nc(SCc3nc4ccccc4[nH]3)nc2n1,1570.0,Cc1cc(Nc2cc(C)[nH]n2)n2nc(SCc3nc4ccccc4[nH]3)nc2n1,5.804100347590766,ISZRCJOELSXBGD-UHFFFAOYSA-N
CHEMBL5436448,COc1cc2c(cc1OC)CN(C(=O)c1cc3cc(-c4ccc(NC(=O)c5ccc(Cl)cc5)cc4)ccc3n1Cc1ccc(Br)cc1)CC2,1586.0,COc1cc2c(cc1OC)CN(C(=O)c1cc3cc(-c4ccc(NC(=O)c5ccc(Cl)cc5)cc4)ccc3n1Cc1ccc(Br)cc1)CC2,5.799696817018415,DRKOQBYUPYDLAS-UHFFFAOYSA-N
CHEMBL4475385,Cc1cc(Nc2ccc(N3CCN(C)CC3)cc2)n2nc(SCc3nc4ccccc4[nH]3)nc2n1,1590.0,Cc1cc(Nc2ccc(N3CCN(C)CC3)cc2)n2nc(SCc3nc4ccccc4[nH]3)nc2n1,5.798602875679548,YMPCSSJFKYSFEG-UHFFFAOYSA-N
CHEMBL4435412,CN(C)CCCOC(=O)[C@]12CCC(C)(C)C[C@H]1C1=CC[C@@H]3[C@@]4(C)Cc5nccnc5[C@@](C)(CO)[C@@H]4CC[C@@]3(C)[C@]1(C)CC2,1590.0,CN(C)CCCOC(=O)[C@]12CCC(C)(C)C[C@H]1C1=CC[C@@H]3[C@@]4(C)Cc5nccnc5[C@@](C)(CO)[C@@H]4CC[C@@]3(C)[C@]1(C)CC2,5.798602875679548,YQHYRNLWHCPXOV-YFAHWBCYSA-N
CHEMBL114,CC(C)(C)NC(=O)[C@@H]1C[C@@H]2CCCC[C@@H]2CN1C[C@@H](O)[C@H](Cc1ccccc1)NC(=O)[C@H](CC(N)=O)NC(=O)c1ccc2ccccc2n1,1600.0,CC(C)(C)NC(=O)[C@@H]1C[C@@H]2CCCC[C@@H]2CN1C[C@@H](O)[C@H](Cc1ccccc1)NC(=O)[C@H](CC(N)=O)NC(=O)c1ccc2ccccc2n1,5.795880017344075,QWAXKHKRTORLEM-UGJKXSETSA-N
CHEMBL2372487,C/C=C/C[C@@H](C)[C@@H](O)[C@H]1C(=O)N[C@@H]([C@@H](C)O)C(=O)N(C)CC(=O)N(C)[C@H](CC(C)C)C(=O)N[C@@H]([C@@H](C)CC)C(=O)N(C)[C@H](CC(C)C)C(=O)N[C@@H](C)C(=O)N[C@](O)(C(C)C)C(=O)N(C)[C@@H](CC(C)C)C(=O)N[C@@H](CC(C)C)C(=O)N(C)[C@@H](C(C)C)C(=O)N1C,1600.0,C/C=C/C[C@@H](C)[C@@H](O)[C@H]1C(=O)N[C@@H]([C@@H](C)O)C(=O)N(C)CC(=O)N(C)[C@H](CC(C)C)C(=O)N[C@@H]([C@@H](C)CC)C(=O)N(C)[C@H](CC(C)C)C(=O)N[C@@H](C)C(=O)N[C@](O)(C(C)C)C(=O)N(C)[C@@H](CC(C)C)C(=O)N[C@@H](CC(C)C)C(=O)N(C)[C@@H](C(C)C)C(=O)N1C,5.795880017344075,XSIQEPCWFLJMJV-NMXROHBYSA-N
CHEMBL2372507,C/C=C/C[C@@H](C)[C@@H](O)[C@H]1C(=O)N[C@@H]([C@@H](C)O)C(=O)N(C)CC(=O)N(C)[C@H](CC(C)C)C(=O)N[C@@H](CC(C)C)C(=O)N(C)[C@H](CC(C)C)C(=O)N[C@@H](C)C(=O)N[C@](O)(C(C)C)C(=O)N(C)[C@@H](CC(C)C)C(=O)N[C@@H](CC(C)C)C(=O)N(C)[C@@H](C(C)C)C(=O)N1C,1600.0,C/C=C/C[C@@H](C)[C@@H](O)[C@H]1C(=O)N[C@@H]([C@@H](C)O)C(=O)N(C)CC(=O)N(C)[C@H](CC(C)C)C(=O)N[C@@H](CC(C)C)C(=O)N(C)[C@H](CC(C)C)C(=O)N[C@@H](C)C(=O)N[C@](O)(C(C)C)C(=O)N(C)[C@@H](CC(C)C)C(=O)N[C@@H](CC(C)C)C(=O)N(C)[C@@H](C(C)C)C(=O)N1C,5.795880017344075,QBXPUUDIIPJIPE-LPGPGVKSSA-N
CHEMBL2074918,COc1ccc([C@@](C#N)(CCCN(C)CCc2ccc(OC)c(OC)c2)C(C)C)cc1O,1600.0,COc1ccc([C@@](C#N)(CCCN(C)CCc2ccc(OC)c(OC)c2)C(C)C)cc1O,5.795880017344075,UELXYBYWJJLULA-AREMUKBSSA-N
CHEMBL4743740,Cc1ccc(-c2cn(CCN3CCOCC3)nn2)c(NC(=O)c2cc(=O)c3ccccc3o2)c1,1601.0,Cc1ccc(-c2cn(CCN3CCOCC3)nn2)c(NC(=O)c2cc(=O)c3ccccc3o2)c1,5.795608668080701,QDMNYDIHPHLOQL-UHFFFAOYSA-N
CHEMBL4763786,CCc1cc(Nc2ccc(F)cc2)n2nc(SCc3ccccc3)nc2n1,1610.0,CCc1cc(Nc2ccc(F)cc2)n2nc(SCc3ccccc3)nc2n1,5.79317412396815,CDWNEVWOKIIVCJ-UHFFFAOYSA-N
CHEMBL4753800,COCCOCCOCCOc1cc2c(cc1OC)CCN(CCc1ccc(-n3cc(-c4ccc(C(=O)OC)c(NC(=O)c5ccc6ccccc6n5)c4)nn3)cc1)C2,1623.0,COCCOCCOCCOc1cc2c(cc1OC)CCN(CCc1ccc(-n3cc(-c4ccc(C(=O)OC)c(NC(=O)c5ccc6ccccc6n5)c4)nn3)cc1)C2,5.789681480173768,YIWXHIKHFPNMCO-UHFFFAOYSA-N
CHEMBL5416933,COc1cc2c(cc1OC)CN(C(=O)c1cc3cc(-c4ccc(NC(=O)c5ccc(Cl)cc5)cc4)ccc3n1Cc1ccccc1Cl)CC2,1629.0,COc1cc2c(cc1OC)CN(C(=O)c1cc3cc(-c4ccc(NC(=O)c5ccc(Cl)cc5)cc4)ccc3n1Cc1ccccc1Cl)CC2,5.78807891569149,ZGMIUBSRKQFEDA-UHFFFAOYSA-N
CHEMBL5275532,N#Cc1cn(CCc2ccccc2)c2c(N3CCN(CCc4c[nH]c5ccccc45)CC3)ncnc12,1640.0,N#Cc1cn(CCc2ccccc2)c2c(N3CCN(CCc4c[nH]c5ccccc45)CC3)ncnc12,5.785156151952302,MCALTFNNQVBTNB-UHFFFAOYSA-N
CHEMBL4741098,Cc1cc(Nc2ccc(F)cc2)n2nc(SCc3ccccc3Br)nc2n1,1640.0,Cc1cc(Nc2ccc(F)cc2)n2nc(SCc3ccccc3Br)nc2n1,5.785156151952302,WKHCLEJIHYNXGG-UHFFFAOYSA-N
CHEMBL5426234,COc1cc2c(cc1OC)CN(C(=O)c1cc3cc(-c4ccc(Oc5ccccc5)cc4)ccc3[nH]1)CC2,1642.0,COc1cc2c(cc1OC)CN(C(=O)c1cc3cc(-c4ccc(Oc5ccccc5)cc4)ccc3[nH]1)CC2,5.784626847216578,XMWVWWIHWAENOM-UHFFFAOYSA-N
CHEMBL4087156,CCOC(=O)C1=C(C)NC(C)=C(C(=O)OCc2cn(CCc3ccccc3)nn2)C1c1c(-c2ccc(Br)cc2)noc1C,1643.0,CCOC(=O)C1=C(C)NC(C)=C(C(=O)OCc2cn(CCc3ccccc3)nn2)C1c1c(-c2ccc(Br)cc2)noc1C,5.784362436564939,KFBQDAJEXXORSH-UHFFFAOYSA-N
CHEMBL1790698,CC[C@H](C)[C@@H]1NC(=O)[C@@H]2CCCN2C(=O)[C@H](Cc2ccccc2)N(C)C(=O)[C@H](Cc2ccccc2)NC(=O)[C@H](C(C)C)N(C)C(=O)[C@@H]([C@@H](C)CC)OC(=O)[C@H](C(C)(C)O)N(C)C(=O)[C@H](CC(C)C)NC(=O)C(C(C)C)OC1=O,1660.0,CC[C@H](C)[C@@H]1NC(=O)[C@@H]2CCCN2C(=O)[C@H](Cc2ccccc2)N(C)C(=O)[C@H](Cc2ccccc2)NC(=O)[C@H](C(C)C)N(C)C(=O)[C@@H]([C@@H](C)CC)OC(=O)[C@H](C(C)(C)O)N(C)C(=O)[C@H](CC(C)C)NC(=O)C(C(C)C)OC1=O,5.779891911959945,NBMYNKIXYQMJCL-NDXMGTNASA-N
CHEMBL4163917,COc1ccc(-c2nc(Nc3ccc(OC)c(C(F)(F)F)c3)c3ccccc3n2)cc1OC,1670.0,COc1ccc(-c2nc(Nc3ccc(OC)c(C(F)(F)F)c3)c3ccccc3n2)cc1OC,5.777283528852417,CVXOSAZUPUTDLY-UHFFFAOYSA-N
CHEMBL1253373,CC(C)(C)OC(=O)[C@H](CCCCNC(=O)OCc1ccccc1)NC(=O)[C@@H]1C[C@@H](OC(=O)C2CCCCC2)CN1C(=O)OC(C)(C)C,1680.0,CC(C)(C)OC(=O)[C@H](CCCCNC(=O)OCc1ccccc1)NC(=O)[C@@H]1C[C@@H](OC(=O)C2CCCCC2)CN1C(=O)OC(C)(C)C,5.774690718274137,WDOCXNOYIDBITG-PKTNWEFCSA-N
CHEMBL5412371,COc1cc2c(cc1OC)CN(C(=O)c1cc3cc(-c4ccc(NC(=O)c5ccc(Cl)cc5)cc4)ccc3n1Cc1ccc(OC(F)(F)F)cc1)CC2,1688.0,COc1cc2c(cc1OC)CN(C(=O)c1cc3cc(-c4ccc(NC(=O)c5ccc(Cl)cc5)cc4)ccc3n1Cc1ccc(OC(F)(F)F)cc1)CC2,5.772627557710364,GKDWHTVQRMOORS-UHFFFAOYSA-N
CHEMBL5396671,COc1cc2c(cc1OC)CN(C(=O)c1cc3cc(-c4ccc(NC(=O)c5ccc(Cl)cc5)cc4)ccc3n1Cc1ccc(C(F)(F)F)cc1)CC2,1697.0,COc1cc2c(cc1OC)CN(C(=O)c1cc3cc(-c4ccc(NC(=O)c5ccc(Cl)cc5)cc4)ccc3n1Cc1ccc(C(F)(F)F)cc1)CC2,5.770318157682325,GYLHWNXLDUCHKW-UHFFFAOYSA-N
CHEMBL170,C=C[C@H]1CN2CC[C@H]1C[C@H]2[C@H](O)c1ccnc2ccc(OC)cc12,1700.0,C=C[C@H]1CN2CC[C@H]1C[C@H]2[C@H](O)c1ccnc2ccc(OC)cc12,5.769551078621726,LOUPRKONTZGTKE-WZBLMQSHSA-N
CHEMBL729,Cc1cccc(C)c1OCC(=O)N[C@@H](Cc1ccccc1)[C@@H](O)C[C@H](Cc1ccccc1)NC(=O)[C@H](C(C)C)N1CCCNC1=O,1700.0,Cc1cccc(C)c1OCC(=O)N[C@@H](Cc1ccccc1)[C@@H](O)C[C@H](Cc1ccccc1)NC(=O)[C@H](C(C)C)N1CCCNC1=O,5.769551078621726,KJHKTHWMRKYKJE-SUGCFTRWSA-N
CHEMBL5289709,N#Cc1c2n(c3c(N4CCN(CCc5c[nH]c6ccccc56)CC4)ncnc13)CCCCC2,1710.0,N#Cc1c2n(c3c(N4CCN(CCc5c[nH]c6ccccc56)CC4)ncnc13)CCCCC2,5.767003889607846,DEPVENPHHIEFKS-UHFFFAOYSA-N
CHEMBL487761,COc1cccc(CCc2ccccc2OCCCCCN2CCN(c3ncccn3)CC2)c1,1720.0,COc1cccc(CCc2ccccc2OCCCCCN2CCN(c3ncccn3)CC2)c1,5.764471553092451,IWPZKLGRHSHYJD-UHFFFAOYSA-N
CHEMBL4519515,CC1CCc2c(sc3nc(-c4cccnc4)nc(N4CCN(C(C(N)=O)c5ccccc5)CC4)c23)C1,1730.0,CC1CCc2c(sc3nc(-c4cccnc4)nc(N4CCN(C(C(N)=O)c5ccccc5)CC4)c23)C1,5.761953896871205,QAWHHEOBNCCSJP-UHFFFAOYSA-N
CHEMBL3233017,COc1ccc2c(c1)CC/C(=C\C=C\c1cc(OC)c(OC)c(OC)c1)C2=O,1737.8,COc1ccc2c(c1)CC/C(=C\C=C\c1cc(OC)c(OC)c(OC)c1)C2=O,5.760000207113128,YHDGYMHUEVQMBD-OWRQJNCQSA-N
CHEMBL4757060,Cc1cc(Nc2ccc(F)cc2)n2nc(SCc3cccc4ccccc34)nc2n1,1740.0,Cc1cc(Nc2ccc(F)cc2)n2nc(SCc3cccc4ccccc34)nc2n1,5.7594507517174005,JZZHBGHMCIWGSE-UHFFFAOYSA-N
CHEMBL4863127,COc1ccc(-c2ccnc(Nc3cc(C(=O)NCCN4CCc5cc(OC)c(OC)cc5C4)ccc3C)n2)cc1,1770.0,COc1ccc(-c2ccnc(Nc3cc(C(=O)NCCN4CCc5cc(OC)c(OC)cc5C4)ccc3C)n2)cc1,5.752026733638194,CZKSLSZKOFYLMN-UHFFFAOYSA-N
CHEMBL5398052,COc1cc2c(cc1OC)CN(C(=O)c1cc3cc(-c4ccc(NC(=O)c5ccc(Cl)cc5)cc4)ccc3n1Cc1cccc(Cl)c1)CC2,1791.0,COc1cc2c(cc1OC)CN(C(=O)c1cc3cc(-c4ccc(NC(=O)c5ccc(Cl)cc5)cc4)ccc3n1Cc1cccc(Cl)c1)CC2,5.746904414150968,VSBHVBLQJVHBTD-UHFFFAOYSA-N
CHEMBL5422672,COc1cc2c(cc1OC)CN(C(=O)c1cc3cc(-c4ccc(OC(C)(C)C)cc4)ccc3[nH]1)CC2,1792.0,COc1cc2c(cc1OC)CN(C(=O)c1cc3cc(-c4ccc(OC(C)(C)C)cc4)ccc3[nH]1)CC2,5.746661994673894,VCMWRDBCTXVZPZ-UHFFFAOYSA-N
CHEMBL457889,COc1cccc(CCc2ccccc2OCCCCN2CCN(c3cccc(Cl)c3)CC2)c1,1800.0,COc1cccc(CCc2ccccc2OCCCCN2CCN(c3cccc(Cl)c3)CC2)c1,5.7447274948966935,RZUCSONCZIYHQH-UHFFFAOYSA-N
CHEMBL259789,COc1cc2c(cc1OC)CN(CCc1ccc(NC(=O)c3cccc(Br)c3)cc1)CC2,1800.0,COc1cc2c(cc1OC)CN(CCc1ccc(NC(=O)c3cccc(Br)c3)cc1)CC2,5.7447274948966935,MCBGDRCVFPXMCN-UHFFFAOYSA-N
CHEMBL410316,COc1ccc2c3c([nH]c2c1)[C@H](C=C(C)C)N1C(=O)[C@@H]2CCCN2C(=O)[C@@H]1C3,1808.0,COc1ccc2c3c([nH]c2c1)[C@H](C=C(C)C)N1C(=O)[C@@H]2CCCN2C(=O)[C@@H]1C3,5.742801573860655,DBEYVIGIPJSTOR-FHWLQOOXSA-N
CHEMBL4475108,COc1ccc(Nc2nc(-c3ccc[nH]3)nc3ccccc23)cc1OC,1810.0,COc1ccc(Nc2nc(-c3ccc[nH]3)nc3ccccc23)cc1OC,5.7423214251308154,NYRQNTJRMWEOOQ-UHFFFAOYSA-N
CHEMBL5438614,COc1cccc(Cn2c(C(=O)N3CCc4cc(OC)c(OC)cc4C3)cc3cc(-c4ccc(NC(=O)c5ccc(Cl)cc5)cc4)ccc32)c1,1858.0,COc1cccc(Cn2c(C(=O)N3CCc4cc(OC)c(OC)cc4C3)cc3cc(-c4ccc(NC(=O)c5ccc(Cl)cc5)cc4)ccc32)c1,5.730954290342377,SBLMCVHTIXHAJA-UHFFFAOYSA-N
CHEMBL2158554,COc1ccc(Nc2nc(-c3ccccc3)nc3ccccc23)cc1OC,1860.0,COc1ccc(Nc2nc(-c3ccccc3)nc3ccccc23)cc1OC,5.730487055782084,LUUUIUBMYQYODQ-UHFFFAOYSA-N
CHEMBL4161421,COc1cccc(Nc2nc(-c3cccc(OC)c3)nc3ccccc23)c1,1870.0,COc1cccc(Nc2nc(-c3cccc(OC)c3)nc3ccccc23)c1,5.728158393463501,NQCVYTWHAXYWQY-UHFFFAOYSA-N
CHEMBL5411739,COc1cc2c(cc1OC)CN(C(=O)c1cc3cc(-c4ccccc4C)ccc3[nH]1)CC2,1872.0,COc1cc2c(cc1OC)CN(C(=O)c1cc3cc(-c4ccccc4C)ccc3[nH]1)CC2,5.727694155597914,OIIQKTKEHHNEMF-UHFFFAOYSA-N
CHEMBL4446794,COc1ccc(Nc2nc(-c3cccs3)nc3ccccc23)cc1OC,1880.0,COc1ccc(Nc2nc(-c3cccs3)nc3ccccc23)cc1OC,5.72584215073632,DXSMVRTYTCGGBA-UHFFFAOYSA-N
CHEMBL4752025,Cc1cc(Nc2ccc(F)cc2)n2nc(SCc3ccc(Cl)cc3)nc2n1,1890.0,Cc1cc(Nc2ccc(F)cc2)n2nc(SCc3ccc(Cl)cc3)nc2n1,5.723538195826756,OYPPCZCSYOHOSF-UHFFFAOYSA-N
CHEMBL4462468,Cc1ccc(-c2c(OCC(=O)Nc3cccc4ccccc34)oc3ccccc3c2=O)cc1,1890.0,Cc1ccc(-c2c(OCC(=O)Nc3cccc4ccccc34)oc3ccccc3c2=O)cc1,5.723538195826756,HNMPJNVZPCCYIH-UHFFFAOYSA-N
CHEMBL5407412,COc1cc2c(cc1OC)CN(C(=O)c1cc3cc(-c4ccc(NC(=O)c5ccc(Cl)cc5)cc4)ccc3n1Cc1ccc(Cl)cc1)CC2,1900.0,COc1cc2c(cc1OC)CN(C(=O)c1cc3cc(-c4ccc(NC(=O)c5ccc(Cl)cc5)cc4)ccc3n1Cc1ccc(Cl)cc1)CC2,5.721246399047171,FSDDTTIZMYLYIT-UHFFFAOYSA-N
CHEMBL2074919,COc1ccc2oc(-c3ccc(OC)c(OC)c3)c(OC)c(=O)c2c1,1900.0,COc1ccc2oc(-c3ccc(OC)c(OC)c3)c(OC)c(=O)c2c1,5.721246399047171,IEWBNRYNNVFPME-UHFFFAOYSA-N
CHEMBL1944868,COc1cc(C(=O)Nc2ccc(-c3ccccc3)cc2NC(C)=O)cc(OC)c1OC,1900.0,COc1cc(C(=O)Nc2ccc(-c3ccccc3)cc2NC(C)=O)cc(OC)c1OC,5.721246399047171,MPUIGRGISVRBNT-UHFFFAOYSA-N
CHEMBL2372503,CC/C=C/C[C@@H](C)[C@@H](O)[C@H]1C(=O)N[C@@H](CCC)C(=O)N(C)CC(=O)N(C)[C@H](CC(C)C)C(=O)N[C@H](C(C)C)C(=O)N(C)[C@H](CC(C)C)C(=O)N[C@@H](C)C(=O)N[C@H](C)C(=O)N(C)[C@@H](CC(C)C)C(=O)N(C)[C@@H](CC(C)C)C(=O)N(C)[C@@H](C(C)C)C(=O)N1C,1900.0,CC/C=C/C[C@@H](C)[C@@H](O)[C@H]1C(=O)N[C@@H](CCC)C(=O)N(C)CC(=O)N(C)[C@H](CC(C)C)C(=O)N[C@H](C(C)C)C(=O)N(C)[C@H](CC(C)C)C(=O)N[C@@H](C)C(=O)N[C@H](C)C(=O)N(C)[C@@H](CC(C)C)C(=O)N(C)[C@@H](CC(C)C)C(=O)N(C)[C@@H](C(C)C)C(=O)N1C,5.721246399047171,NAVAKVLMYNSJOZ-QHFDVDKMSA-N
CHEMBL4753334,COc1ccc(CSc2nc3nc(C)cc(Nc4ccc(F)cc4)n3n2)cc1,1930.0,COc1ccc(CSc2nc3nc(C)cc(Nc4ccc(F)cc4)n3n2)cc1,5.714442690992226,AXUONLCNUVGQER-UHFFFAOYSA-N
CHEMBL4798374,Cc1cc(Nc2ccc(F)cc2)n2nc(SCc3c(Cl)cccc3Cl)nc2n1,1930.0,Cc1cc(Nc2ccc(F)cc2)n2nc(SCc3c(Cl)cccc3Cl)nc2n1,5.714442690992226,GQKTXDHAFLMRDM-UHFFFAOYSA-N
CHEMBL4866124,COc1cc2c(cc1OC)CN(CCc1ccc(NC(=O)c3ccc(C)c(Nc4nccc(-c5ccc(C)cc5)n4)c3)cc1)CC2,1950.0,COc1cc2c(cc1OC)CN(CCc1ccc(NC(=O)c3ccc(C)c(Nc4nccc(-c5ccc(C)cc5)n4)c3)cc1)CC2,5.709965388637482,KEAKPCOAAUGNAK-UHFFFAOYSA-N
CHEMBL4642196,COc1ccc2c(C)c(CC(=O)Nc3ccc(CCN4CCc5cc(OC)c(OC)cc5C4)cc3)c(=O)oc2c1,1970.0,COc1ccc2c(C)c(CC(=O)Nc3ccc(CCN4CCc5cc(OC)c(OC)cc5C4)cc3)c(=O)oc2c1,5.705533773838407,BBXYUCIYJIJLCB-UHFFFAOYSA-N
CHEMBL4872789,COc1cc2c(cc1OC)CN(CCc1ccc(NC(=O)c3ccc(C)c(Nc4nccc(-c5ccccc5O)n4)c3)cc1)CC2,1980.0,COc1cc2c(cc1OC)CN(CCc1ccc(NC(=O)c3ccc(C)c(Nc4nccc(-c5ccccc5O)n4)c3)cc1)CC2,5.703334809738469,OFKHLRHBXHXTQK-UHFFFAOYSA-N
CHEMBL91,Clc1ccc(COC(Cn2ccnc2)c2ccc(Cl)cc2Cl)c(Cl)c1,2000.0,Clc1ccc(COC(Cn2ccnc2)c2ccc(Cl)cc2Cl)c(Cl)c1,5.698970004336019,BYBLEWFAAKGYCD-UHFFFAOYSA-N
CHEMBL2372462,C/C=C/C[C@@H](C)[C@@H](O)[C@H]1C(=O)N[C@@H](CCC)C(=O)N(C)CC(=O)N(C)[C@H](CC(C)C)C(=O)N[C@@H](CC(C)C)C(=O)N(C)[C@H](CC(C)C)C(=O)N[C@@H](C)C(=O)N[C@H](C)C(=O)N(C)[C@@H](CC(C)C)C(=O)N(C)[C@@H](CC(C)C)C(=O)N(C)[C@@H](C(C)C)C(=O)N1C,2000.0,C/C=C/C[C@@H](C)[C@@H](O)[C@H]1C(=O)N[C@@H](CCC)C(=O)N(C)CC(=O)N(C)[C@H](CC(C)C)C(=O)N[C@@H](CC(C)C)C(=O)N(C)[C@H](CC(C)C)C(=O)N[C@@H](C)C(=O)N[C@H](C)C(=O)N(C)[C@@H](CC(C)C)C(=O)N(C)[C@@H](CC(C)C)C(=O)N(C)[C@@H](C(C)C)C(=O)N1C,5.698970004336019,SBCFFJUDXVVUOV-WVXREOFKSA-N
CHEMBL159,CC[C@]1(O)C[C@@H]2CN(CCc3c([nH]c4ccccc34)[C@@](C(=O)OC)(c3cc4c(cc3OC)N(C)[C@H]3[C@@](O)(C(=O)OC)[C@H](OC(C)=O)[C@]5(CC)C=CCN6CC[C@]43[C@@H]65)C2)C1,2000.0,CC[C@]1(O)C[C@@H]2CN(CCc3c([nH]c4ccccc34)[C@@](C(=O)OC)(c3cc4c(cc3OC)N(C)[C@H]3[C@@](O)(C(=O)OC)[C@H](OC(C)=O)[C@]5(CC)C=CCN6CC[C@]43[C@@H]65)C2)C1,5.698970004336019,JXLYSJRDGCGARV-CFWMRBGOSA-N
CHEMBL4848125,COc1ccc2ncc(C#N)c(N3CCC(Cc4nc(C(C)C)no4)CC3)c2c1,2000.0,COc1ccc2ncc(C#N)c(N3CCC(Cc4nc(C(C)C)no4)CC3)c2c1,5.698970004336019,OIKGUIRGSMTFAP-UHFFFAOYSA-N
CHEMBL456674,COc1cccc(CCc2ccccc2OCCN2CCN(c3ncccn3)CC2)c1,2000.0,COc1cccc(CCc2ccccc2OCCN2CCN(c3ncccn3)CC2)c1,5.698970004336019,NSDKGKOFRPAZQR-UHFFFAOYSA-N
CHEMBL3263821,COc1ccc(C(C)NC(=O)c2csc([C@@H](NC(=O)c3csc([C@@H](NC(=O)OC(C)(C)C)C(C)C)n3)C(C)C)n2)cc1,2000.0,COc1ccc(C(C)NC(=O)c2csc([C@@H](NC(=O)c3csc([C@@H](NC(=O)OC(C)(C)C)C(C)C)n3)C(C)C)n2)cc1,5.698970004336019,VYMGRTVYMLFJRF-JUQRWGLSSA-N
CHEMBL2372470,CC/C=C/C[C@@H](C)[C@@H](O)[C@H]1C(=O)N[C@@H](C(C)C)C(=O)N(C)CC(=O)N(C)[C@H](CC(C)C)C(=O)N[C@H](C(C)C)C(=O)N(C)[C@H](CC(C)C)C(=O)N[C@@H](C)C(=O)N[C@H](C)C(=O)N(C)[C@@H](CC(C)C)C(=O)N(C)[C@@H](CC(C)C)C(=O)N(C)[C@@H](C(C)C)C(=O)N1C,2000.0,CC/C=C/C[C@@H](C)[C@@H](O)[C@H]1C(=O)N[C@@H](C(C)C)C(=O)N(C)CC(=O)N(C)[C@H](CC(C)C)C(=O)N[C@H](C(C)C)C(=O)N(C)[C@H](CC(C)C)C(=O)N[C@@H](C)C(=O)N[C@H](C)C(=O)N(C)[C@@H](CC(C)C)C(=O)N(C)[C@@H](CC(C)C)C(=O)N(C)[C@@H](C(C)C)C(=O)N1C,5.698970004336019,VJXNTPUOJCCJNZ-BUHIAEPTSA-N
CHEMBL3263822,COc1ccc(CNC(=O)c2csc([C@@H](NC(=O)c3csc([C@@H](NC(=O)OC(C)(C)C)C(C)C)n3)C(C)C)n2)c(OC)c1,2000.0,COc1ccc(CNC(=O)c2csc([C@@H](NC(=O)c3csc([C@@H](NC(=O)OC(C)(C)C)C(C)C)n3)C(C)C)n2)c(OC)c1,5.698970004336019,VRRVKYGPIOCODO-ZEQRLZLVSA-N
CHEMBL4746918,Cc1ccc(CSc2nc3nc(C)cc(Nc4ccc(F)cc4)n3n2)cc1,2040.0,Cc1ccc(CSc2nc3nc(C)cc(Nc4ccc(F)cc4)n3n2)cc1,5.690369832574101,RPASNPKYDLMMPU-UHFFFAOYSA-N
CHEMBL4752139,Cc1cc(Nc2ccc(F)cc2)n2nc(SCc3cccc(Br)c3)nc2n1,2040.0,Cc1cc(Nc2ccc(F)cc2)n2nc(SCc3cccc(Br)c3)nc2n1,5.690369832574101,DRXBIMLJCGZBBW-UHFFFAOYSA-N
CHEMBL5436137,COc1cc2c(cc1OC)CN(C(=O)c1cc3cc(-c4ccc(OC(C)C)cc4)ccc3[nH]1)CC2,2050.0,COc1cc2c(cc1OC)CN(C(=O)c1cc3cc(-c4ccc(OC(C)C)cc4)ccc3[nH]1)CC2,5.688246138944246,JWKHJPVTKGUFEJ-UHFFFAOYSA-N
CHEMBL2074948,COc1ccc2cc1Oc1cccc(c1)C[C@H]1c3c(cc4c(c3Oc3cc5c(cc3OC)CCN(C)[C@@H]5C2)OCO4)CCN1C,2060.0,COc1ccc2cc1Oc1cccc(c1)C[C@H]1c3c(cc4c(c3Oc3cc5c(cc3OC)CCN(C)[C@@H]5C2)OCO4)CCN1C,5.686132779630847,HSVFYEXGVUYSRN-WDYNHAJCSA-N
CHEMBL4082355,COc1ccc(Nc2nc(-c3ccncc3)nc3ccccc23)cc1OC,2080.0,COc1ccc(Nc2nc(-c3ccncc3)nc3ccccc23)cc1OC,5.681936665037238,NBGGDMPCFUFWLU-UHFFFAOYSA-N
CHEMBL36148,COc1ccc(CCN(C)CCC[C@@](C#N)(c2ccc(OC)c(OC)c2)C(C)C)cc1OC,2090.0,COc1ccc(CCN(C)CCC[C@@](C#N)(c2ccc(OC)c(OC)c2)C(C)C)cc1OC,5.679853713888946,SGTNSNPWRIOYBX-MHZLTWQESA-N
CHEMBL2370884,C/C=C/C[C@@H](C)[C@@H](O)C1NC(=O)[C@H](C(C)C)N(C)C(=O)[C@H](CC(C)C)N(C)C(=O)[C@H](CC(C)C)N(C)C(=O)[C@@H](C)NC(=O)[C@H](C)NC(=O)[C@@H](CC(C)C)N(C)C(=O)[C@@H](C(C)C)NC(=O)[C@@H](CC(C)C)N(C)C(=O)CN(C)C(=O)[C@H](C(C)C)NC1=O,2100.0,C/C=C/C[C@@H](C)[C@@H](O)C1NC(=O)[C@H](C(C)C)N(C)C(=O)[C@H](CC(C)C)N(C)C(=O)[C@H](CC(C)C)N(C)C(=O)[C@@H](C)NC(=O)[C@H](C)NC(=O)[C@@H](CC(C)C)N(C)C(=O)[C@@H](C(C)C)NC(=O)[C@@H](CC(C)C)N(C)C(=O)CN(C)C(=O)[C@H](C(C)C)NC1=O,5.6777807052660805,WRWNSMAXKRRZGB-PQTSBPMESA-N
CHEMBL2372504,C/C=C/C[C@@H](C)[C@@H](O)[C@H]1C(=O)N[C@@H]([C@@H](C)O)C(=O)N(C)CC(=O)N(C)[C@H](CC(C)C)C(=O)N[C@@H](C(C)C)C(=O)N(C)[C@H](CC(C)C)C(=O)N[C@@H](C)C(=O)N[C@](O)(C(C)C)C(=O)N(C)[C@@H](CC(C)C)C(=O)N[C@@H](CC(C)C)C(=O)N(C)[C@@H](C(C)C)C(=O)N1C,2100.0,C/C=C/C[C@@H](C)[C@@H](O)[C@H]1C(=O)N[C@@H]([C@@H](C)O)C(=O)N(C)CC(=O)N(C)[C@H](CC(C)C)C(=O)N[C@@H](C(C)C)C(=O)N(C)[C@H](CC(C)C)C(=O)N[C@@H](C)C(=O)N[C@](O)(C(C)C)C(=O)N(C)[C@@H](CC(C)C)C(=O)N[C@@H](CC(C)C)C(=O)N(C)[C@@H](C(C)C)C(=O)N1C,5.6777807052660805,QYYQJUYLBAYZPI-LJXAFGLHSA-N
CHEMBL474179,COc1cc2c(cc1OC)CN(CCc1ccc(NC(=O)c3ccc4c(c3)OCO4)cc1)CC2,2100.0,COc1cc2c(cc1OC)CN(CCc1ccc(NC(=O)c3ccc4c(c3)OCO4)cc1)CC2,5.6777807052660805,QNSFKMNBRGMLDG-UHFFFAOYSA-N
CHEMBL1790696,CC[C@H](C)[C@@H]1NC(=O)[C@@H]2CCCN2C(=O)[C@@H](C)N(C)C(=O)[C@H](Cc2ccc(OCC3CCCCC3)cc2)NC(=O)[C@H](C(C)C)N(C)C(=O)[C@@H]([C@@H](C)CC)OC(=O)[C@H](C(C)(C)O)N(C)C(=O)[C@H](CC(C)C)NC(=O)[C@H](C(C)C)N(C)C1=O,2110.0,CC[C@H](C)[C@@H]1NC(=O)[C@@H]2CCCN2C(=O)[C@@H](C)N(C)C(=O)[C@H](Cc2ccc(OCC3CCCCC3)cc2)NC(=O)[C@H](C(C)C)N(C)C(=O)[C@@H]([C@@H](C)CC)OC(=O)[C@H](C(C)(C)O)N(C)C(=O)[C@H](CC(C)C)NC(=O)[C@H](C(C)C)N(C)C1=O,5.675717544702307,GIGJYVWJODXLEM-HWTKNHNFSA-N
CHEMBL514098,COc1cccc(CCc2ccccc2OCCCCCN2CCN(c3ccc(F)cc3)CC2)c1,2120.0,COc1cccc(CCc2ccccc2OCCCCCN2CCN(c3ccc(F)cc3)CC2)c1,5.673664139071248,BYCPKSCWJFHLHN-UHFFFAOYSA-N
CHEMBL5418459,COc1cc2c(cc1OC)CN(C(=O)c1cc3cc(-c4ccc(NC(=O)c5ccc(Oc6ccccc6)cc5)cc4)ccc3[nH]1)CC2,2143.0,COc1cc2c(cc1OC)CN(C(=O)c1cc3cc(-c4ccc(NC(=O)c5ccc(Oc6ccccc6)cc5)cc4)ccc3[nH]1)CC2,5.668977828958171,VTEOTYSQVUWMFF-UHFFFAOYSA-N
CHEMBL2369622,CC[C@H](C)[C@@H]1NC(=O)[C@@H]2CCCN2C(=O)[C@H]([C@H](O)c2ccccc2)N(C)C(=O)[C@H](Cc2ccccc2)NC(=O)[C@H](C(C)C)N(C)C(=O)[C@@H]([C@@H](C)CC)OC(=O)[C@H](C(C)(C)O)N(C)C(=O)[C@H](CC(C)C)NC(=O)[C@H](C(C)C)N(C)C1=O,2150.0,CC[C@H](C)[C@@H]1NC(=O)[C@@H]2CCCN2C(=O)[C@H]([C@H](O)c2ccccc2)N(C)C(=O)[C@H](Cc2ccccc2)NC(=O)[C@H](C(C)C)N(C)C(=O)[C@@H]([C@@H](C)CC)OC(=O)[C@H](C(C)(C)O)N(C)C(=O)[C@H](CC(C)C)NC(=O)[C@H](C(C)C)N(C)C1=O,5.667561540084395,CCOLHNQBJDUNIC-ZTQNXGPISA-N
CHEMBL5277917,COc1ccc(C(=O)/C=C/c2ccc(OC)c(OC)c2)c(OC(=O)c2ccccc2OC)c1,2160.0,COc1ccc(C(=O)/C=C/c2ccc(OC)c(OC)c2)c(OC(=O)c2ccccc2OC)c1,5.665546248849069,FJNYTYLIQLWGIO-UKTHLTGXSA-N
CHEMBL1895098,O=C(c1ccccc1)c1ccc(OCC(O)CN2CCCCC2)cc1,2180.0,O=C(c1ccccc1)c1ccc(OCC(O)CN2CCCCC2)cc1,5.661543506395395,QAGYZDAQFJOVLF-UHFFFAOYSA-N
CHEMBL2372480,C/C=C/C[C@@H](C)C[C@H]1C(=O)N[C@@H](CC)C(=O)N(C)CC(=O)N(C)[C@H](CC(C)C)C(=O)N[C@H](C(C)C)C(=O)N(C)[C@H](CC(C)C)C(=O)N[C@@H](C)C(=O)N[C@H](C)C(=O)N(C)[C@@H](CC(C)C)C(=O)N(C)[C@@H](CC(C)C)C(=O)N(C)[C@@H](C(C)C)C(=O)N1C,2200.0,C/C=C/C[C@@H](C)C[C@H]1C(=O)N[C@@H](CC)C(=O)N(C)CC(=O)N(C)[C@H](CC(C)C)C(=O)N[C@H](C(C)C)C(=O)N(C)[C@H](CC(C)C)C(=O)N[C@@H](C)C(=O)N[C@H](C)C(=O)N(C)[C@@H](CC(C)C)C(=O)N(C)[C@@H](CC(C)C)C(=O)N(C)[C@@H](C(C)C)C(=O)N1C,5.657577319177793,GNGBSKIQPUCELM-QWDAXFGRSA-N
CHEMBL258575,COc1cc2c(cc1OC)CN(CCc1ccc(NC(=O)c3ccnc4ccccc34)cc1)CC2,2238.72,COc1cc2c(cc1OC)CN(CCc1ccc(NC(=O)c3ccnc4ccccc34)cc1)CC2,5.650000220873455,IXNDLQJURAGSQH-UHFFFAOYSA-N
CHEMBL1790689,CC[C@H](C)[C@@H]1NC(=O)[C@@H]2CCCN2C(=O)[C@H](Cc2ccccc2)N(C)C(=O)[C@H](Cc2ccccc2)NC(=O)[C@H](C(C)C)N(C)C(=O)[C@@H]([C@@H](C)CC)OC(=O)[C@H](C(C)(C)O)N(C)C(=O)[C@H](CC(C)C)NC(=O)[C@H](C(C)C)N(C)C1=O,2270.0,CC[C@H](C)[C@@H]1NC(=O)[C@@H]2CCCN2C(=O)[C@H](Cc2ccccc2)N(C)C(=O)[C@H](Cc2ccccc2)NC(=O)[C@H](C(C)C)N(C)C(=O)[C@@H]([C@@H](C)CC)OC(=O)[C@H](C(C)(C)O)N(C)C(=O)[C@H](CC(C)C)NC(=O)[C@H](C(C)C)N(C)C1=O,5.6439741428068775,RLMLFADXHJLPSQ-GKUVLGOWSA-N
CHEMBL1793802,CC[C@@H](C)[C@@H]1NC(=O)[C@@H]2CCCN2C(=O)[C@H](Cc2ccccc2)N(C)C(=O)[C@H](Cc2ccccc2)NC(=O)[C@H](C(C)C)N(C)C(=O)[C@@H]([C@H](C)CC)OC(=O)[C@H](C(C)(C)O)N(C)C(=O)[C@H](CC(C)C)NC(=O)[C@H](C(C)C)N(C)C1=O,2270.0,CC[C@@H](C)[C@@H]1NC(=O)[C@@H]2CCCN2C(=O)[C@H](Cc2ccccc2)N(C)C(=O)[C@H](Cc2ccccc2)NC(=O)[C@H](C(C)C)N(C)C(=O)[C@@H]([C@H](C)CC)OC(=O)[C@H](C(C)(C)O)N(C)C(=O)[C@H](CC(C)C)NC(=O)[C@H](C(C)C)N(C)C1=O,5.6439741428068775,RLMLFADXHJLPSQ-QKCBWMAHSA-N
CHEMBL4779349,CCC(=O)c1ccc(-c2cn(CCO)nn2)cc1NC(=O)c1cc(=O)c2ccccc2o1,2285.0,CCC(=O)c1ccc(-c2cn(CCO)nn2)cc1NC(=O)c1cc(=O)c2ccccc2o1,5.641113795594131,UMEYJHWTIJSWLP-UHFFFAOYSA-N
CHEMBL2074949,COc1ccc(CCCN2CCC(Cc3ccccc3)CC2)cc1OC,2300.0,COc1ccc(CCCN2CCC(Cc3ccccc3)CC2)cc1OC,5.638272163982407,UWXCCZITYWUQSN-UHFFFAOYSA-N
CHEMBL39858,CCCCCCC[C@H]1OC(=O)C[C@@H](OCOC)[C@H](Cc2ccccc2)N(C)C(=O)COC(=O)[C@H]1C,2300.0,CCCCCCC[C@H]1OC(=O)C[C@@H](OCOC)[C@H](Cc2ccccc2)N(C)C(=O)COC(=O)[C@H]1C,5.638272163982407,UCCMWXLZDDHCOI-IQFVJIFQSA-N
CHEMBL2370885,C/C=C/C[C@@H](C)[C@@H](O)C1NC(=O)[C@H](C(C)C)N(C)C(=O)[C@H](CC(C)C)N(C)C(=O)[C@H](CC(C)C)N(C)C(=O)[C@@H](C)NC(=O)[C@H](C)NC(=O)[C@@H](CC(C)C)N(C)C(=O)[C@@H](C(C)C)NC(=O)[C@@H](CC(C)C)N(C)C(=O)CN(C)C(=O)[C@H](CC)NC1=O,2300.0,C/C=C/C[C@@H](C)[C@@H](O)C1NC(=O)[C@H](C(C)C)N(C)C(=O)[C@H](CC(C)C)N(C)C(=O)[C@H](CC(C)C)N(C)C(=O)[C@@H](C)NC(=O)[C@H](C)NC(=O)[C@@H](CC(C)C)N(C)C(=O)[C@@H](C(C)C)NC(=O)[C@@H](CC(C)C)N(C)C(=O)CN(C)C(=O)[C@H](CC)NC1=O,5.638272163982407,ZSNYYEIGOZADKA-ZKBJLZNZSA-N
CHEMBL4850619,COc1cc2c(cc1OC)CN(CCc1ccc(NC(=O)c3ccc(C)c(Nc4nccc(-c5cccs5)n4)c3)cc1)CC2,2310.0,COc1cc2c(cc1OC)CN(CCc1ccc(NC(=O)c3ccc(C)c(Nc4nccc(-c5cccs5)n4)c3)cc1)CC2,5.636388020107856,ZMPWGQIXLRCHKJ-UHFFFAOYSA-N
CHEMBL3233499,COc1cc(/C=C/C=C2\Cc3ccc(OC)c(OC)c3C2=O)ccc1O,2330.0,COc1cc(/C=C/C=C2\Cc3ccc(OC)c(OC)c3C2=O)ccc1O,5.632644078973981,YJOUZPVOEJJPEN-VCXFDYNHSA-N
CHEMBL5287959,c1ccc(C(c2ccccc2)N2CCN(c3ncnc4c3[nH]c3ccccc34)CC2)cc1,2330.0,c1ccc(C(c2ccccc2)N2CCN(c3ncnc4c3[nH]c3ccccc34)CC2)cc1,5.632644078973981,DDSNVSFUIHQPOI-UHFFFAOYSA-N
CHEMBL3809167,COc1ccc(/C=C/C(=O)c2ccc(Nc3ncnc4ccccc34)cc2)cc1OC,2340.0,COc1ccc(/C=C/C(=O)c2ccc(Nc3ncnc4ccccc34)cc2)cc1OC,5.6307841425898575,YRPMJULDYABSPQ-NTUHNPAUSA-N
CHEMBL197,COc1ccc(CCN(C)CCC[C@](C#N)(c2ccc(OC)c(OC)c2)C(C)C)cc1OC,2370.0,COc1ccc(CCN(C)CCC[C@](C#N)(c2ccc(OC)c(OC)c2)C(C)C)cc1OC,5.6252516539898965,SGTNSNPWRIOYBX-HHHXNRCGSA-N
CHEMBL4748128,Cc1cc(Nc2ccc(O)cc2)n2nc(SCc3nc4ccccc4[nH]3)nc2n1,2380.0,Cc1cc(Nc2ccc(O)cc2)n2nc(SCc3nc4ccccc4[nH]3)nc2n1,5.623423042943488,FQQYXXRFIFCLBB-UHFFFAOYSA-N
CHEMBL261857,COc1cc2c(cc1OC)CN(CCc1ccc(NC(=O)c3ccc(Br)cc3)cc1)CC2,2400.0,COc1cc2c(cc1OC)CN(CCc1ccc(NC(=O)c3ccc(Br)cc3)cc1)CC2,5.619788758288394,ITBQIBAPDGJXGN-UHFFFAOYSA-N
CHEMBL50588,CC[C@H]1CN2CCc3cc(OC)c(OC)cc3[C@@H]2C[C@@H]1C[C@H]1NCCc2cc(OC)c(OC)cc21,2400.0,CC[C@H]1CN2CCc3cc(OC)c(OC)cc3[C@@H]2C[C@@H]1C[C@H]1NCCc2cc(OC)c(OC)cc21,5.619788758288394,AUVVAXYIELKVAI-CKBKHPSWSA-N
CHEMBL2372484,CC/C=C/C[C@@H](C)[C@@H](O)[C@H]1C(=O)N[C@@H](CC)C(=O)N(C)CC(=O)N(C)[C@@H](Cc2ccccc2)C(=O)N[C@H](C(C)C)C(=O)N(C)[C@H](CC(C)C)C(=O)N[C@@H](C)C(=O)N[C@H](C)C(=O)N(C)[C@@H](CC(C)C)C(=O)N(C)[C@@H](CC(C)C)C(=O)N(C)[C@@H](C(C)C)C(=O)N1C,2400.0,CC/C=C/C[C@@H](C)[C@@H](O)[C@H]1C(=O)N[C@@H](CC)C(=O)N(C)CC(=O)N(C)[C@@H](Cc2ccccc2)C(=O)N[C@H](C(C)C)C(=O)N(C)[C@H](CC(C)C)C(=O)N[C@@H](C)C(=O)N[C@H](C)C(=O)N(C)[C@@H](CC(C)C)C(=O)N(C)[C@@H](CC(C)C)C(=O)N(C)[C@@H](C(C)C)C(=O)N1C,5.619788758288394,QFBHUTLKESKPGE-WZULUUDFSA-N
CHEMBL5189718,O=C(Nc1ccc(CCN2CCOCC2)cc1)c1nn(-c2ccc(Cl)cc2)c(=O)c2ccccc12,2410.0,O=C(Nc1ccc(CCN2CCOCC2)cc1)c1nn(-c2ccc(Cl)cc2)c(=O)c2ccccc12,5.617982957425132,XFURMSAITSZFAY-UHFFFAOYSA-N
CHEMBL4863195,COc1cc2c(cc1OC)CN(CCNC(=O)c1ccc(C)c(Nc3nccc(-c4ccccc4)n3)c1)CC2,2470.0,COc1cc2c(cc1OC)CN(CCNC(=O)c1ccc(C)c(Nc3nccc(-c4ccccc4)n3)c1)CC2,5.607303046740334,BLZPFPHYWPQEKO-UHFFFAOYSA-N
CHEMBL5407375,COc1cc2c(cc1OC)CN(C(=O)c1cc3cc(-c4cccc(F)c4)ccc3[nH]1)CC2,2472.0,COc1cc2c(cc1OC)CN(C(=O)c1cc3cc(-c4cccc(F)c4)ccc3[nH]1)CC2,5.606951533583222,SNDCRTIYECIRPU-UHFFFAOYSA-N
CHEMBL3263827,COc1ccc(NC(=O)c2csc([C@@H](NC(=O)c3csc([C@@H](NC(=O)OC(C)(C)C)C(C)C)n3)C(C)C)n2)c(OC)c1,2500.0,COc1ccc(NC(=O)c2csc([C@@H](NC(=O)c3csc([C@@H](NC(=O)OC(C)(C)C)C(C)C)n3)C(C)C)n2)c(OC)c1,5.6020599913279625,CAYVPUSHFHKNMI-GOTSBHOMSA-N
CHEMBL458792,COc1cccc(CCc2ccccc2OCCCN2CCN(c3cccc(Cl)c3)CC2)c1,2500.0,COc1cccc(CCc2ccccc2OCCCN2CCN(c3cccc(Cl)c3)CC2)c1,5.6020599913279625,PDJGHIHQAXZDDF-UHFFFAOYSA-N
CHEMBL518931,COc1cccc(CCc2ccccc2OCCCN2CCN(C)CC2)c1,2500.0,COc1cccc(CCc2ccccc2OCCCN2CCN(C)CC2)c1,5.6020599913279625,QKYNUPXNXUUVHU-UHFFFAOYSA-N
CHEMBL841,CN(C)C(=O)C(CCN1CCC(O)(c2ccc(Cl)cc2)CC1)(c1ccccc1)c1ccccc1,2500.0,CN(C)C(=O)C(CCN1CCC(O)(c2ccc(Cl)cc2)CC1)(c1ccccc1)c1ccccc1,5.6020599913279625,RDOIQAHITMMDAJ-UHFFFAOYSA-N
CHEMBL4872987,CC(C)c1ccc2ncc(C#N)c(N3CCCN(c4nnc(C(F)(F)F)s4)CC3)c2c1,2530.0,CC(C)c1ccc2ncc(C#N)c(N3CCCN(c4nnc(C(F)(F)F)s4)CC3)c2c1,5.596879478824182,LQNAYPDQZDOUEJ-UHFFFAOYSA-N
CHEMBL209247,COc1ccc(CCN(C)CC#CCN2C(=O)C3C4c5ccccc5C(c5ccccc54)C3C2=O)cc1OC,2550.0,COc1ccc(CCN(C)CC#CCN2C(=O)C3C4c5ccccc5C(c5ccccc54)C3C2=O)cc1OC,5.5934598195660445,MYBVXVGZZUPTPK-UHFFFAOYSA-N
CHEMBL4749489,Cc1cc(Nc2ccc(F)cc2)n2nc(SCc3ccc(C(F)(F)F)cc3)nc2n1,2570.0,Cc1cc(Nc2ccc(F)cc2)n2nc(SCc3ccc(C(F)(F)F)cc3)nc2n1,5.590066876668706,HXOCSRDEISMEMM-UHFFFAOYSA-N
CHEMBL428647,CC(=O)O[C@H]1C(=O)[C@@]2(C)[C@H]([C@H](OC(=O)c3ccccc3)[C@]3(O)C[C@H](OC(=O)[C@H](O)[C@@H](NC(=O)c4ccccc4)c4ccccc4)C(C)=C1C3(C)C)[C@]1(OC(C)=O)CO[C@@H]1C[C@@H]2O,2596.0,CC(=O)O[C@H]1C(=O)[C@@]2(C)[C@H]([C@H](OC(=O)c3ccccc3)[C@]3(O)C[C@H](OC(=O)[C@H](O)[C@@H](NC(=O)c4ccccc4)c4ccccc4)C(C)=C1C3(C)C)[C@]1(OC(C)=O)CO[C@@H]1C[C@@H]2O,5.585695311871668,RCINICONZNJXQF-MZXODVADSA-N
CHEMBL3220344,Nc1nc(NC2CC2)c2ncn([C@H]3C=C[C@@H](COC(=O)CCCCCCCC(=O)OC[C@@H]4C=C[C@H](n5cnc6c(NC7CC7)nc(N)nc65)C4)C3)c2n1,2600.0,Nc1nc(NC2CC2)c2ncn([C@H]3C=C[C@@H](COC(=O)CCCCCCCC(=O)OC[C@@H]4C=C[C@H](n5cnc6c(NC7CC7)nc(N)nc65)C4)C3)c2n1,5.585026652029182,PWPAWKDESHZZDQ-YWUUFRFPSA-N
CHEMBL3233498,COc1cc(/C=C/C=C2\Cc3ccc(OC)c(OC)c3C2=O)cc(OC)c1OC,2630.0,COc1cc(/C=C/C=C2\Cc3ccc(OC)c(OC)c3C2=O)cc(OC)c1OC,5.580044251510242,ARBYXYDVSVWCQD-QICXOPSUSA-N
CHEMBL4465191,COc1cc(O)c(C(=O)/C=C/c2cccc(N3CCNCC3)c2)c(OC)c1,2630.0,COc1cc(O)c(C(=O)/C=C/c2cccc(N3CCNCC3)c2)c(OC)c1,5.580044251510242,QTQFHRQICMVGDY-VOTSOKGWSA-N
CHEMBL4870580,COc1ccc2nc(C(F)(F)F)nc(N(Cc3nc(-c4cccnc4)no3)C(C)C)c2c1,2640.0,COc1ccc2nc(C(F)(F)F)nc(N(Cc3nc(-c4cccnc4)no3)C(C)C)c2c1,5.578396073130169,IBWVIJNKEWTBMH-UHFFFAOYSA-N
CHEMBL457890,COc1cccc(CCc2ccccc2OCCCCCN2CCN(c3cccc(Cl)c3)CC2)c1,2650.0,COc1cccc(CCc2ccccc2OCCCCCN2CCN(c3cccc(Cl)c3)CC2)c1,5.576754126063192,RRFOHVSSMLSIPZ-UHFFFAOYSA-N
CHEMBL2369620,CC[C@H](C)[C@@H]1NC(=O)[C@@H]2CCCN2C(=O)[C@H](Cc2ccccc2)N(C)C(=O)[C@H](Cc2ccccc2)NC(=O)[C@H](C(C)C)N(C)C(=O)[C@@H]([C@@H](C)CC)OC(=O)[C@H](C(C)C)N(C)C(=O)[C@H](CC(C)C)NC(=O)[C@H](C(C)C)NC1=O,2680.0,CC[C@H](C)[C@@H]1NC(=O)[C@@H]2CCCN2C(=O)[C@H](Cc2ccccc2)N(C)C(=O)[C@H](Cc2ccccc2)NC(=O)[C@H](C(C)C)N(C)C(=O)[C@@H]([C@@H](C)CC)OC(=O)[C@H](C(C)C)N(C)C(=O)[C@H](CC(C)C)NC(=O)[C@H](C(C)C)NC1=O,5.5718652059712115,QNUNLUGOYVFWOP-QROBVOSWSA-N
CHEMBL5430468,CCCCOc1ccc(-c2ccc3[nH]c(C(=O)N4CCc5cc(OC)c(OC)cc5C4)cc3c2)cc1,2697.0,CCCCOc1ccc(-c2ccc3[nH]c(C(=O)N4CCc5cc(OC)c(OC)cc5C4)cc3c2)cc1,5.569119053547109,KKVDAHBPMITGRH-UHFFFAOYSA-N
CHEMBL2372475,CC/C=C/C[C@@H](C)C[C@H]1C(=O)N[C@@H](C(C)C)C(=O)N(C)CC(=O)N(C)[C@H](CC(C)C)C(=O)N[C@@H](C(C)C)C(=O)N(C)[C@H](CC(C)C)C(=O)N[C@@H](C)C(=O)N[C@H](C)C(=O)N(C)[C@@H](CC(C)C)C(=O)N(C)[C@@H](CC(C)C)C(=O)N(C)[C@@H](C(C)C)C(=O)N1C,2700.0,CC/C=C/C[C@@H](C)C[C@H]1C(=O)N[C@@H](C(C)C)C(=O)N(C)CC(=O)N(C)[C@H](CC(C)C)C(=O)N[C@@H](C(C)C)C(=O)N(C)[C@H](CC(C)C)C(=O)N[C@@H](C)C(=O)N[C@H](C)C(=O)N(C)[C@@H](CC(C)C)C(=O)N(C)[C@@H](CC(C)C)C(=O)N(C)[C@@H](C(C)C)C(=O)N1C,5.568636235841013,LHXYOCTZTJOKRR-AGIXPFNGSA-N
CHEMBL1790695,CC[C@H](C)[C@@H]1NC(=O)[C@H]2CCCN2C(=O)[C@H](Cc2ccccc2)N(C)C(=O)[C@H](Cc2ccccc2)NC(=O)[C@H](C(C)C)N(C)C(=O)[C@@H]([C@@H](C)CC)OC(=O)[C@H](C(C)(C)O)N(C)C(=O)[C@H](CC(C)C)NC(=O)[C@H](C(C)C)N(C)C1=O,2700.0,CC[C@H](C)[C@@H]1NC(=O)[C@H]2CCCN2C(=O)[C@H](Cc2ccccc2)N(C)C(=O)[C@H](Cc2ccccc2)NC(=O)[C@H](C(C)C)N(C)C(=O)[C@@H]([C@@H](C)CC)OC(=O)[C@H](C(C)(C)O)N(C)C(=O)[C@H](CC(C)C)NC(=O)[C@H](C(C)C)N(C)C1=O,5.568636235841013,RLMLFADXHJLPSQ-SUPROSMQSA-N
CHEMBL298734,NC(=O)N1CCC(CC(=O)N2CCC([C@H]3c4ncc(Br)cc4CCc4cc(Cl)cc(Br)c43)CC2)CC1,2700.0,NC(=O)N1CCC(CC(=O)N2CCC([C@H]3c4ncc(Br)cc4CCc4cc(Cl)cc(Br)c43)CC2)CC1,5.568636235841013,DHMTURDWPRKSOA-RUZDIDTESA-N
CHEMBL2042913,C=C[C@H]1CN2CC[C@H]1C[C@H]2[C@H](OC(=O)CCCCCCc1cn(CCCCCCC(=O)O[C@H](c2ccnc3ccc(OC)cc23)[C@@H]2C[C@@H]3CCN2C[C@@H]3C=C)nn1)c1ccnc2ccc(OC)cc12,2700.0,C=C[C@H]1CN2CC[C@H]1C[C@H]2[C@H](OC(=O)CCCCCCc1cn(CCCCCCC(=O)O[C@H](c2ccnc3ccc(OC)cc23)[C@@H]2C[C@@H]3CCN2C[C@@H]3C=C)nn1)c1ccnc2ccc(OC)cc12,5.568636235841013,WVEOBPSYAJIWOE-LQRBVVCKSA-N
CHEMBL4574355,Cc1c(C)c2ccc(OCCCN3CCc4ccccc4C3)cc2oc1=O,2700.0,Cc1c(C)c2ccc(OCCCN3CCc4ccccc4C3)cc2oc1=O,5.568636235841013,CACNJUZLFSDMHF-UHFFFAOYSA-N
CHEMBL1790693,CC[C@H](C)[C@@H]1NC(=O)[C@@H]2CCCN2C(=O)[C@@H](Cc2ccccc2)N(C)C(=O)[C@H](Cc2ccccc2)NC(=O)[C@H](C(C)C)N(C)C(=O)[C@@H]([C@@H](C)CC)OC(=O)[C@H](C(C)(C)O)N(C)C(=O)[C@H](CC(C)C)NC(=O)[C@H](C(C)C)N(C)C1=O,2730.0,CC[C@H](C)[C@@H]1NC(=O)[C@@H]2CCCN2C(=O)[C@@H](Cc2ccccc2)N(C)C(=O)[C@H](Cc2ccccc2)NC(=O)[C@H](C(C)C)N(C)C(=O)[C@@H]([C@@H](C)CC)OC(=O)[C@H](C(C)(C)O)N(C)C(=O)[C@H](CC(C)C)NC(=O)[C@H](C(C)C)N(C)C1=O,5.5638373529592435,RLMLFADXHJLPSQ-BRIONJOASA-N
CHEMBL1790694,CC[C@H](C)[C@@H]1NC(=O)[C@@H]2CCCN2C(=O)[C@H](Cc2ccccc2)N(C)C(=O)[C@H](Cc2ccccc2)NC(=O)[C@H](C(C)C)N(C)C(=O)[C@@H]([C@@H](C)CC)OC(=O)[C@H](C(C)(C)O)N(C)C(=O)[C@H](CC(C)C)NC(=O)[C@@H](C(C)C)N(C)C1=O,2730.0,CC[C@H](C)[C@@H]1NC(=O)[C@@H]2CCCN2C(=O)[C@H](Cc2ccccc2)N(C)C(=O)[C@H](Cc2ccccc2)NC(=O)[C@H](C(C)C)N(C)C(=O)[C@@H]([C@@H](C)CC)OC(=O)[C@H](C(C)(C)O)N(C)C(=O)[C@H](CC(C)C)NC(=O)[C@@H](C(C)C)N(C)C1=O,5.5638373529592435,RLMLFADXHJLPSQ-IZQZXGLPSA-N
CHEMBL4856409,COc1cc2c(cc1OC)CN(CCc1ccc(NC(=O)c3cc(=O)c4c(O)cccc4o3)cc1)CC2,2750.0,COc1cc2c(cc1OC)CN(CCc1ccc(NC(=O)c3cc(=O)c4c(O)cccc4o3)cc1)CC2,5.560667306169737,ZSRZDTZHVDGDDZ-UHFFFAOYSA-N
CHEMBL3233219,COc1ccc(C(=O)/C=C/c2ccc(OC)c3ccccc23)cc1OC,2750.0,COc1ccc(C(=O)/C=C/c2ccc(OC)c3ccccc23)cc1OC,5.560667306169737,XNGWAHYIPSOQKY-DHZHZOJOSA-N
CHEMBL3317935,COc1cc(C(=O)Nc2ccc(-c3cc(F)cc(F)c3)cc2N)cc(OC)c1OC,2760.0,COc1cc(C(=O)Nc2ccc(-c3cc(F)cc(F)c3)cc2N)cc(OC)c1OC,5.559090917934782,NNUDZSBFWBBRKN-UHFFFAOYSA-N
CHEMBL5094661,COc1cc(C[C@H]2CN(C(C)=O)[C@@H](Cc3ccccc3)CN2C(=O)c2ccccn2)cc2c1OCO2,2770.0,COc1cc(C[C@H]2CN(C(C)=O)[C@@H](Cc3ccccc3)CN2C(=O)c2ccccn2)cc2c1OCO2,5.557520230935552,INVAHXWVBPONKY-GOTSBHOMSA-N
CHEMBL4748629,CCC(=O)c1ccc(-c2cn(-c3ccc(CCN4CCc5cc(OC)c(OC)cc5C4)cc3)nn2)cc1NC(=O)c1ccc(OC)cn1,2775.0,CCC(=O)c1ccc(-c2cn(-c3ccc(CCN4CCc5cc(OC)c(OC)cc5C4)cc3)nn2)cc1NC(=O)c1ccc(OC)cn1,5.556737012541305,UYGRWURGLTYOSJ-UHFFFAOYSA-N
CHEMBL4060577,COc1ccc(Nc2nc(-c3ccncc3)nc3ccccc23)cc1C(F)(F)F,2780.0,COc1ccc(Nc2nc(-c3ccncc3)nc3ccccc23)cc1C(F)(F)F,5.555955204081924,TWQHWJBUHDBUTM-UHFFFAOYSA-N
CHEMBL2042912,C=C[C@H]1CN2CC[C@H]1C[C@H]2[C@H](OC(=O)CCCCCCc1cn(CCCCC(=O)O[C@H](c2ccnc3ccc(OC)cc23)[C@@H]2C[C@@H]3CCN2C[C@@H]3C=C)nn1)c1ccnc2ccc(OC)cc12,2800.0,C=C[C@H]1CN2CC[C@H]1C[C@H]2[C@H](OC(=O)CCCCCCc1cn(CCCCC(=O)O[C@H](c2ccnc3ccc(OC)cc23)[C@@H]2C[C@@H]3CCN2C[C@@H]3C=C)nn1)c1ccnc2ccc(OC)cc12,5.552841968657781,KIFIPJRMORLGDJ-CDHSKXSJSA-N
CHEMBL4518044,Cc1cc(C)c2c(n1)sc1c(N3CCN(Cc4ccccc4Cl)CC3)ncnc12,2810.0,Cc1cc(C)c2c(n1)sc1c(N3CCN(Cc4ccccc4Cl)CC3)ncnc12,5.55129368009492,DPWHWIYFNKEXGB-UHFFFAOYSA-N
CHEMBL4742947,Cc1cc(Nc2ccc(F)cc2)n2nc(SCc3csc4ccc(Cl)cc34)nc2n1,2840.0,Cc1cc(Nc2ccc(F)cc2)n2nc(SCc3csc4ccc(Cl)cc34)nc2n1,5.546681659952962,RFGWGWQXPLGJHN-UHFFFAOYSA-N
CHEMBL4578134,COc1ccc(C(=O)N2CCc3c([nH]c4ccccc34)C2c2ccc(F)c(F)c2)cc1OC,2860.0,COc1ccc(C(=O)N2CCc3c([nH]c4ccccc34)C2c2ccc(F)c(F)c2)cc1OC,5.543633966870957,WLRAQTWZGSZEJX-UHFFFAOYSA-N
CHEMBL4071511,CCOC(=O)C1=C(C)NC(C)=C(C(=O)OCc2cn(CCOCCOCCOCCOCCOCCn3cc(COC(=O)C4=C(C)NC(C)=C(C(=O)OCC)C4c4c(-c5ccccc5Br)noc4C)nn3)nn2)C1c1c(-c2ccccc2Br)noc1C,2862.0,CCOC(=O)C1=C(C)NC(C)=C(C(=O)OCc2cn(CCOCCOCCOCCOCCOCCn3cc(COC(=O)C4=C(C)NC(C)=C(C(=O)OCC)C4c4c(-c5ccccc5Br)noc4C)nn3)nn2)C1c1c(-c2ccccc2Br)noc1C,5.543330370576243,BZIQEKUXLTYGGM-UHFFFAOYSA-N
CHEMBL4455303,COc1cccc(Nc2cc(-c3ccccc3)nc3ccccc23)c1,2870.0,COc1cccc(Nc2cc(-c3ccccc3)nc3ccccc23)c1,5.542118103266008,WROGXTDUYKIWNZ-UHFFFAOYSA-N
CHEMBL3885456,COc1ccc(C(=O)Nc2ccccc2-c2nnn(-c3ccc(OC)cc3)n2)cc1,2880.0,COc1ccc(C(=O)Nc2ccccc2-c2nnn(-c3ccc(OC)cc3)n2)cc1,5.540607512240769,SXABNFMIJZBSPG-UHFFFAOYSA-N
CHEMBL2042911,C=C[C@H]1CN2CC[C@H]1C[C@H]2[C@H](OC(=O)CCCCCCn1cc(CCCCC(=O)O[C@H](c2ccnc3ccc(OC)cc23)[C@@H]2C[C@@H]3CCN2C[C@@H]3C=C)nn1)c1ccnc2ccc(OC)cc12,2900.0,C=C[C@H]1CN2CC[C@H]1C[C@H]2[C@H](OC(=O)CCCCCCn1cc(CCCCC(=O)O[C@H](c2ccnc3ccc(OC)cc23)[C@@H]2C[C@@H]3CCN2C[C@@H]3C=C)nn1)c1ccnc2ccc(OC)cc12,5.5376020021010435,DPAQOEWKCXIZPF-CDHSKXSJSA-N
CHEMBL5401629,COc1cc2c(cc1OC)CN(C(=O)c1cc3cc(-c4ccccc4F)ccc3[nH]1)CC2,2904.0,COc1cc2c(cc1OC)CN(C(=O)c1cc3cc(-c4ccccc4F)ccc3[nH]1)CC2,5.537003387971944,ZNUKNLRYHLCINU-UHFFFAOYSA-N
CHEMBL2369621,CC[C@H](C)[C@@H]1NC(=O)[C@@H]2CCCN2C(=O)[C@@H](C)N(C)C(=O)[C@H](C2CCCCC2)NC(=O)[C@H](C(C)C)N(C)C(=O)[C@@H]([C@@H](C)CC)OC(=O)[C@H](C(C)(C)O)N(C)C(=O)[C@H](CC(C)C)NC(=O)[C@H](C(C)C)N(C)C1=O,2910.0,CC[C@H](C)[C@@H]1NC(=O)[C@@H]2CCCN2C(=O)[C@@H](C)N(C)C(=O)[C@H](C2CCCCC2)NC(=O)[C@H](C(C)C)N(C)C(=O)[C@@H]([C@@H](C)CC)OC(=O)[C@H](C(C)(C)O)N(C)C(=O)[C@H](CC(C)C)NC(=O)[C@H](C(C)C)N(C)C1=O,5.536107011014093,LUHVMRPDAAASAC-GSHCQLSTSA-N
CHEMBL3317925,COc1cc(OC)c(C(=O)Nc2ccc(-c3cccnc3)cc2F)c(OC)c1,2930.0,COc1cc(OC)c(C(=O)Nc2ccc(-c3cccnc3)cc2F)c(OC)c1,5.533132379645891,KZIMTHXEZLWUNM-UHFFFAOYSA-N
CHEMBL4858070,COc1cc2c(cc1OC)CN(CCNC(=O)c1ccc(C)c(Nc3nccc(-c4ccc(F)cc4)n3)c1)CC2,2950.0,COc1cc2c(cc1OC)CN(CCNC(=O)c1ccc(C)c(Nc3nccc(-c4ccc(F)cc4)n3)c1)CC2,5.530177984021837,ZXUKLUWGZSWYAT-UHFFFAOYSA-N
CHEMBL5413805,CCCOc1ccc(-c2ccc3[nH]c(C(=O)N4CCc5cc(OC)c(OC)cc5C4)cc3c2)cc1,2978.0,CCCOc1ccc(-c2ccc3[nH]c(C(=O)N4CCc5cc(OC)c(OC)cc5C4)cc3c2)cc1,5.526075306583842,CZIUSHLATXYWIA-UHFFFAOYSA-N
CHEMBL4798521,N#Cc1ccc(Nc2cc(Nc3ccccc3O)nc(-c3ccccc3)n2)cc1,2980.0,N#Cc1ccc(Nc2cc(Nc3ccccc3O)nc(-c3ccccc3)n2)cc1,5.525783735923745,YNKPNPQRZWSNLA-UHFFFAOYSA-N
CHEMBL2372474,C/C=C/C[C@@H](C)[C@@H](O)[C@H]1C(=O)N[C@@H](C)C(=O)N(C)CC(=O)N(C)[C@H](CC(C)C)C(=O)N[C@H](C(C)C)C(=O)N(C)[C@H](CC(C)C)C(=O)N[C@@H](C)C(=O)N[C@H](C)C(=O)N(C)[C@@H](CC(C)C)C(=O)N[C@@H](CC(C)C)C(=O)N(C)[C@@H](C(C)C)C(=O)N1C,3000.0,C/C=C/C[C@@H](C)[C@@H](O)[C@H]1C(=O)N[C@@H](C)C(=O)N(C)CC(=O)N(C)[C@H](CC(C)C)C(=O)N[C@H](C(C)C)C(=O)N(C)[C@H](CC(C)C)C(=O)N[C@@H](C)C(=O)N[C@H](C)C(=O)N(C)[C@@H](CC(C)C)C(=O)N[C@@H](CC(C)C)C(=O)N(C)[C@@H](C(C)C)C(=O)N1C,5.522878745280337,CQAFKYAZKRDXKE-KCJSDLITSA-N
CHEMBL1474597,Cc1cccc(Nc2nc(-c3ccccc3)nc3ccccc23)c1,3000.0,Cc1cccc(Nc2nc(-c3ccccc3)nc3ccccc23)c1,5.522878745280337,UMWJNQQMJJGINS-UHFFFAOYSA-N
CHEMBL4862544,COc1cc2c(cc1OC)CN(CCNC(=O)c1ccc(C)c(Nc3nccc(-c4cccc(O)c4)n3)c1)CC2,3010.0,COc1cc2c(cc1OC)CN(CCNC(=O)c1ccc(C)c(Nc3nccc(-c4cccc(O)c4)n3)c1)CC2,5.521433504406157,ONVUQZXBGONGOR-UHFFFAOYSA-N
CHEMBL2074950,COc1ccc(CCN(C)CCC[C@@]2(C#N)CCc3c2ccc(OC)c3OC)cc1OC,3040.0,COc1ccc(CCN(C)CCC[C@@]2(C#N)CCc3c2ccc(OC)c3OC)cc1OC,5.517126416391246,VLSLFQMGJUJBQJ-SANMLTNESA-N
CHEMBL5423555,COc1cc2c(cc1OC)CN(C(=O)c1cc3cc(-c4ccc(NC(=O)c5ccccc5OC)cc4)ccc3[nH]1)CC2,3060.0,COc1cc2c(cc1OC)CN(C(=O)c1cc3cc(-c4ccc(NC(=O)c5ccccc5OC)cc4)ccc3[nH]1)CC2,5.51427857351842,KLAHUOBBJVISNR-UHFFFAOYSA-N
CHEMBL4062893,CCOC(=O)C1=C(C)NC(C)=C(C(=O)OCC)C1c1c(-c2ccc(Br)cc2)noc1C,3096.0,CCOC(=O)C1=C(C)NC(C)=C(C(=O)OCC)C1c1c(-c2ccc(Br)cc2)noc1C,5.509199047989145,IYDRYGWSROLZSY-UHFFFAOYSA-N
CHEMBL473795,COc1cc2c(cc1OC)CN(CCc1ccc(NC(=O)COc3ccccc3)cc1)CC2,3100.0,COc1cc2c(cc1OC)CN(CCc1ccc(NC(=O)COc3ccccc3)cc1)CC2,5.508638306165727,GBYDFXOHYQLWKK-UHFFFAOYSA-N
CHEMBL2074951,COc1ccc(CCN(C)CCC[C@]2(C#N)CCc3c2ccc(OC)c3OC)cc1OC,3110.0,COc1ccc(CCN(C)CCC[C@]2(C#N)CCc3c2ccc(OC)c3OC)cc1OC,5.507239610973162,VLSLFQMGJUJBQJ-AREMUKBSSA-N
CHEMBL4100665,COc1ccc(Nc2nc(-c3cccnc3)nc3ccccc23)cc1OC,3110.0,COc1ccc(Nc2nc(-c3cccnc3)nc3ccccc23)cc1OC,5.507239610973162,SNJHGKXCZUYMSO-UHFFFAOYSA-N
CHEMBL5172522,N#Cc1ccc(CNC(=O)c2nn(-c3ccc(Cl)cc3)c(=O)c3ccccc23)cc1,3120.0,N#Cc1ccc(CNC(=O)c2nn(-c3ccc(Cl)cc3)c(=O)c3ccccc23)cc1,5.505845405981558,RYXPSMVJXCUXHW-UHFFFAOYSA-N
CHEMBL5087079,CC(=O)N1C[C@H](Cc2cc(O)c3c(c2)OCO3)N(C(=O)c2ccccc2)C[C@@H]1Cc1ccccc1,3130.0,CC(=O)N1C[C@H](Cc2cc(O)c3c(c2)OCO3)N(C(=O)c2ccccc2)C[C@@H]1Cc1ccccc1,5.504455662453552,JDHFJTGFKAYMMX-ZEQRLZLVSA-N
CHEMBL4160529,COc1cc(Nc2nc(-c3ccc(OC)c(OC)c3)nc3ccccc23)ccc1Br,3150.0,COc1cc(Nc2nc(-c3ccc(OC)c(OC)c3)nc3ccccc23)ccc1Br,5.501689446210399,XIOGIHBUIABXJF-UHFFFAOYSA-N
CHEMBL409480,COc1cc2c(cc1OC)CN(CCc1ccc(NC(=O)c3cccnc3)cc1)CC2,3162.28,COc1cc2c(cc1OC)CN(CCc1ccc(NC(=O)c3cccnc3)cc1)CC2,5.499999678657065,MDBYETDBYDWXIF-UHFFFAOYSA-N
CHEMBL5409299,CC(=O)c1c(O)c(C)c(O)c2c1OC1=CC(=O)/C(=C(/C)Nc3cc(-c4nnn(CC(=O)O)n4)ccc3O)C(=O)[C@@]12C,3170.0,CC(=O)c1c(O)c(C)c(O)c2c1OC1=CC(=O)/C(=C(/C)Nc3cc(-c4nnn(CC(=O)O)n4)ccc3O)C(=O)[C@@]12C,5.498940737782249,XIQQKPPVMPKSFE-ZGKYRPLCSA-N
CHEMBL519228,COc1cccc(CCc2ccccc2OCCCCCN2CCc3ccccc3C2)c1,3170.0,COc1cccc(CCc2ccccc2OCCCCCN2CCc3ccccc3C2)c1,5.498940737782249,NEQJFIXEALLTIV-UHFFFAOYSA-N
CHEMBL379211,CC(C)(C)OC(=O)N1C2C3C4N(C(=O)OC(C)(C)C)C5C(C1[C@]5(CO)[C@H]3c1ccccc1)[C@@H](c1ccccc1)[C@@]24CO,3200.0,CC(C)(C)OC(=O)N1C2C3C4N(C(=O)OC(C)(C)C)C5C(C1[C@]5(CO)[C@H]3c1ccccc1)[C@@H](c1ccccc1)[C@@]24CO,5.494850021680094,KBWWJFSRNXHQCU-DCDQSRNYSA-N
CHEMBL223643,CC(C)[C@@H]1NC(=O)[C@H](C)OC(=O)[C@@H](C(C)C)NC(=O)[C@@H](C(C)C)OC(=O)[C@H](C(C)C)NC(=O)[C@H](C)OC(=O)[C@@H](C(C)C)NC(=O)[C@@H](C(C)C)OC(=O)[C@H](C(C)C)NC(=O)[C@H](C)OC(=O)[C@@H](C(C)C)NC(=O)[C@@H](C(C)C)OC1=O,3200.0,CC(C)[C@@H]1NC(=O)[C@H](C)OC(=O)[C@@H](C(C)C)NC(=O)[C@@H](C(C)C)OC(=O)[C@H](C(C)C)NC(=O)[C@H](C)OC(=O)[C@@H](C(C)C)NC(=O)[C@@H](C(C)C)OC(=O)[C@H](C(C)C)NC(=O)[C@H](C)OC(=O)[C@@H](C(C)C)NC(=O)[C@@H](C(C)C)OC1=O,5.494850021680094,FCFNRCROJUBPLU-DNDCDFAISA-N
CHEMBL2074952,COc1ccc(CCN(C)CCCC2(C#N)CCc3c2ccc(OC)c3OC)cc1OC,3200.0,COc1ccc(CCN(C)CCCC2(C#N)CCc3c2ccc(OC)c3OC)cc1OC,5.494850021680094,VLSLFQMGJUJBQJ-UHFFFAOYSA-N
CHEMBL51149,COc1ccc(CCN(C)CCCC(C#N)(c2cc(OC)c(OC)c(OC)c2)C(C)C)cc1OC,3200.0,COc1ccc(CCN(C)CCCC(C#N)(c2cc(OC)c(OC)c(OC)c2)C(C)C)cc1OC,5.494850021680094,XQLWNAFCTODIRK-UHFFFAOYSA-N
CHEMBL3883362,COc1ccc(C(=O)Nc2ccccc2-c2nnn(-c3ccc(OC)c(OC)c3)n2)cc1,3200.0,COc1ccc(C(=O)Nc2ccccc2-c2nnn(-c3ccc(OC)c(OC)c3)n2)cc1,5.494850021680094,KWDBAVJBAYGIMP-UHFFFAOYSA-N
CHEMBL3317931,COc1cc(C(=O)Nc2ccc(-c3ccncc3)cc2F)cc(OC)c1OC,3200.0,COc1cc(C(=O)Nc2ccc(-c3ccncc3)cc2F)cc(OC)c1OC,5.494850021680094,XDRPQSCPDYGCSM-UHFFFAOYSA-N
CHEMBL515853,COc1cccc(CCc2ccccc2OCCN2CCN(c3cccc(Cl)c3)CC2)c1,3200.0,COc1cccc(CCc2ccccc2OCCN2CCN(c3cccc(Cl)c3)CC2)c1,5.494850021680094,WJOBMOSDDUOLKK-UHFFFAOYSA-N
CHEMBL226507,COc1ccc(-c2cc(=O)c3c(OC)c(OC)c(OC)cc3o2)cc1OC,3200.0,COc1ccc(-c2cc(=O)c3c(OC)c(OC)c(OC)cc3o2)cc1OC,5.494850021680094,LKMNXYDUQXAUCZ-UHFFFAOYSA-N
CHEMBL75258,COc1cc(-c2oc3cc(O)cc(O)c3c(=O)c2O)cc(OC)c1OC,3200.0,COc1cc(-c2oc3cc(O)cc(O)c3c(=O)c2O)cc(OC)c1OC,5.494850021680094,LHNLHJJGLDWGFS-UHFFFAOYSA-N
CHEMBL4752207,Cc1cc(Nc2ccc(O)c(Cl)c2)n2nc(SCc3nc4ccccc4[nH]3)nc2n1,3220.0,Cc1cc(Nc2ccc(O)c(Cl)c2)n2nc(SCc3nc4ccccc4[nH]3)nc2n1,5.492144128304169,AIVQCDQSLKJSGK-UHFFFAOYSA-N
CHEMBL4080120,CCOC(=O)C1=C(C)NC(C)=C(C(=O)OCc2cn(CCOCCOCCOCCn3cc(COC(=O)C4=C(C)NC(C)=C(C(=O)OCC)C4c4c(-c5ccc(Br)cc5)noc4C)nn3)nn2)C1c1c(-c2ccc(Br)cc2)noc1C,3231.0,CCOC(=O)C1=C(C)NC(C)=C(C(=O)OCc2cn(CCOCCOCCOCCn3cc(COC(=O)C4=C(C)NC(C)=C(C(=O)OCC)C4c4c(-c5ccc(Br)cc5)noc4C)nn3)nn2)C1c1c(-c2ccc(Br)cc2)noc1C,5.490663041982356,HKKFCFIFPDLOKD-UHFFFAOYSA-N
CHEMBL5409465,COc1cc2c(cc1OC)CN(C(=O)c1cc3cc(-c4ccccc4OC)ccc3[nH]1)CC2,3254.0,COc1cc2c(cc1OC)CN(C(=O)c1cc3cc(-c4ccccc4OC)ccc3[nH]1)CC2,5.48758245139916,IWXPIUFLTHLEQC-UHFFFAOYSA-N
CHEMBL4161988,COc1ccc(-c2nc(Nc3cccc(S(=O)(=O)F)c3)c3ccccc3n2)cc1OC,3260.0,COc1ccc(-c2nc(Nc3cccc(S(=O)(=O)F)c3)c3ccccc3n2)cc1OC,5.486782399932061,TVLUSQOSWMGZFO-UHFFFAOYSA-N
CHEMBL3317927,COc1cc(OC)cc(C(=O)Nc2ccc(-c3cccnc3)cc2F)c1,3300.0,COc1cc(OC)cc(C(=O)Nc2ccc(-c3cccnc3)cc2F)c1,5.481486060122113,NBXJITLZOSCWAI-UHFFFAOYSA-N
CHEMBL408709,COc1cc2c(cc1OC)CN(CCc1ccc(NC(=O)c3ccccc3Br)cc1)CC2,3300.0,COc1cc2c(cc1OC)CN(CCc1ccc(NC(=O)c3ccccc3Br)cc1)CC2,5.481486060122113,IOPDQFLTYUGXTO-UHFFFAOYSA-N
CHEMBL5274754,O=S(=O)(c1ccc2[nH]c3c(N4CCN(CCc5ccc(F)c(F)c5)CC4)ncnc3c2c1)N1CCCC1,3310.0,O=S(=O)(c1ccc2[nH]c3c(N4CCN(CCc5ccc(F)c(F)c5)CC4)ncnc3c2c1)N1CCCC1,5.480172006224281,YYLHEIDJNAZEPK-UHFFFAOYSA-N
CHEMBL5437506,COc1cc([C@@H](CC(=O)NCCCN2CCOCC2)C2=C(O)[C@@]3(Oc4c(Cl)c(OC)cc(OC)c4C3=O)[C@H](C)CC2=O)ccc1O,3310.0,COc1cc([C@@H](CC(=O)NCCCN2CCOCC2)C2=C(O)[C@@]3(Oc4c(Cl)c(OC)cc(OC)c4C3=O)[C@H](C)CC2=O)ccc1O,5.480172006224281,BGABUBAWANOYSE-QZNUFANNSA-N
CHEMBL4789417,C#CCSc1nc2nc(C)cc(Nc3ccc(F)cc3)n2n1,3360.0,C#CCSc1nc2nc(C)cc(Nc3ccc(F)cc3)n2n1,5.473660722610156,WYFOUTWILOEPNR-UHFFFAOYSA-N
CHEMBL4592538,COc1ccc(C(=O)N2CCc3c([nH]c4ccccc34)C2c2cccc(OC)c2)cc1,3380.0,COc1ccc(C(=O)N2CCc3c([nH]c4ccccc34)C2c2cccc(OC)c2)cc1,5.471083299722345,HQMNMYXRCMXMRT-UHFFFAOYSA-N
CHEMBL4750965,N#Cc1ccc(Nc2cc(NCc3ccccn3)nc(-c3ccccc3)n2)cc1,3400.0,N#Cc1ccc(Nc2cc(NCc3ccccn3)nc(-c3ccccc3)n2)cc1,5.468521082957745,ILLUYMMJHZMCTR-UHFFFAOYSA-N
CHEMBL2372494,C/C=C/C[C@@H](C)[C@@H](O)[C@H]1C(=O)N[C@@H](CC)C(=O)N(C)CC(=O)N(C)[C@H](CC(C)C)C(=O)N[C@H](C(C)C)C(=O)N(C)[C@H](CC(C)C)C(=O)N[C@@H](C)C(=O)N[C@H](C)C(=O)N(C)[C@@H](CC(C)C)C(=O)N(C)[C@@H](CC(C)C)C(=O)N[C@@H](C(C)C)C(=O)N1C,3400.0,C/C=C/C[C@@H](C)[C@@H](O)[C@H]1C(=O)N[C@@H](CC)C(=O)N(C)CC(=O)N(C)[C@H](CC(C)C)C(=O)N[C@H](C(C)C)C(=O)N(C)[C@H](CC(C)C)C(=O)N[C@@H](C)C(=O)N[C@H](C)C(=O)N(C)[C@@H](CC(C)C)C(=O)N(C)[C@@H](CC(C)C)C(=O)N[C@@H](C(C)C)C(=O)N1C,5.468521082957745,SYXYUKMELXLDBD-PLFKCFKRSA-N
CHEMBL473198,COc1cc2c(cc1OC)CN(CCc1ccc(NC(=O)COc3ccccc3N)cc1)CC2,3400.0,COc1cc2c(cc1OC)CN(CCc1ccc(NC(=O)COc3ccccc3N)cc1)CC2,5.468521082957745,KNULEDDEHVTHRS-UHFFFAOYSA-N
CHEMBL2372497,C=C[C@H](C)[C@H]1C(=O)N(C)[C@@H]([C@H](O)[C@H](C)C/C=C/C)C(=O)N[C@@H](CC)C(=O)N(C)CC(=O)N(C)[C@H](CC(C)C)C(=O)N[C@H](C(C)C)C(=O)N(C)[C@H](CC(C)C)C(=O)N[C@@H](C)C(=O)N[C@H](C)C(=O)N(C)[C@@H](CC(C)C)C(=O)N(C)[C@@H](CC(C)C)C(=O)N1C,3400.0,C=C[C@H](C)[C@H]1C(=O)N(C)[C@@H]([C@H](O)[C@H](C)C/C=C/C)C(=O)N[C@@H](CC)C(=O)N(C)CC(=O)N(C)[C@H](CC(C)C)C(=O)N[C@H](C(C)C)C(=O)N(C)[C@H](CC(C)C)C(=O)N[C@@H](C)C(=O)N[C@H](C)C(=O)N(C)[C@@H](CC(C)C)C(=O)N(C)[C@@H](CC(C)C)C(=O)N1C,5.468521082957745,FVUWRGZYTYVJIV-DJBJBRADSA-N
CHEMBL3356782,COc1cc2c(cc1OC)CN(CCn1cc(COc3ccccc3NC(=O)c3ccc(C(C)(C)C)cc3)nn1)CC2,3420.0,COc1cc2c(cc1OC)CN(CCn1cc(COc3ccccc3NC(=O)c3ccc(C(C)(C)C)cc3)nn1)CC2,5.465973893943865,ZFUDOZQPYNMBCQ-UHFFFAOYSA-N
CHEMBL3092483,COc1ccc(Nc2nc(-c3ccc(OC)c(OC)c3)nc3ccccc23)cc1OC,3490.0,COc1ccc(Nc2nc(-c3ccc(OC)c(OC)c3)nc3ccccc23)cc1OC,5.45717457304082,NPEXIJINZNZJDD-UHFFFAOYSA-N
CHEMBL5286694,c1ccc2c(CCN3CCN(c4ncnc5c4[nH]c4ccccc45)CC3)c[nH]c2c1,3500.0,c1ccc2c(CCN3CCN(c4ncnc5c4[nH]c4ccccc45)CC3)c[nH]c2c1,5.455931955649724,CJTXQTCYOKSTKS-UHFFFAOYSA-N
CHEMBL2369932,CC/C=C/C[C@@H](C)[C@@H](O)[C@H](NC(=O)[C@@H](NC(=O)[C@H](CC(C)C)N(C)C(=O)[C@H](CC(C)C)NC(=O)[C@@H](C)NC(=O)[C@H](C)NC(=O)[C@@H](CC(C)C)NC(=O)[C@H](NC(=O)[C@@H](CC(C)C)N(C)C=O)C(C)C)C(C)C)C(=O)N[C@@H](CC)C(=O)N1CCC[C@@H]1C,3500.0,CC/C=C/C[C@@H](C)[C@@H](O)[C@H](NC(=O)[C@@H](NC(=O)[C@H](CC(C)C)N(C)C(=O)[C@H](CC(C)C)NC(=O)[C@@H](C)NC(=O)[C@H](C)NC(=O)[C@@H](CC(C)C)NC(=O)[C@H](NC(=O)[C@@H](CC(C)C)N(C)C=O)C(C)C)C(C)C)C(=O)N[C@@H](CC)C(=O)N1CCC[C@@H]1C,5.455931955649724,QEZQYLMWZKPKLK-AGBNYYFQSA-N
CHEMBL4754067,N#Cc1ccc(Nc2cc(Nc3cccc(O)c3)nc(-c3ccccc3)n2)cc1,3520.0,N#Cc1ccc(Nc2cc(Nc3cccc(O)c3)nc(-c3ccccc3)n2)cc1,5.453457336521869,VMGPVNFOVJEIAF-UHFFFAOYSA-N
CHEMBL4765209,CCCSc1nc2nc(C)cc(Nc3ccc(F)cc3)n2n1,3540.0,CCCSc1nc2nc(C)cc(Nc3ccc(F)cc3)n2n1,5.450996737974212,BPWYBJXBLUUWJK-UHFFFAOYSA-N
CHEMBL3233495,COc1ccc2c(c1)CC/C(=C\c1ccc3ccccc3c1)C2=O,3548.13,COc1ccc2c(c1)CC/C(=C\c1ccc3ccccc3c1)C2=O,5.450000476425332,LKPWFNAURUXANK-CPNJWEJPSA-N
CHEMBL5084681,COc1cc(C[C@H]2CN(C(C)=O)[C@@H](Cc3ccccc3)CN2C(=O)c2cccnc2)cc2c1OCO2,3550.0,COc1cc(C[C@H]2CN(C(C)=O)[C@@H](Cc3ccccc3)CN2C(=O)c2cccnc2)cc2c1OCO2,5.449771646944906,QCRVISUPKSBBMR-ZEQRLZLVSA-N
CHEMBL2059230,O=C(c1ccccc1)c1cccc(OCC(O)CN2CCCCC2)c1,3550.0,O=C(c1ccccc1)c1cccc(OCC(O)CN2CCCCC2)c1,5.449771646944906,MPTXJQOIMPAXMB-UHFFFAOYSA-N
CHEMBL4539310,CCCCc1c(OC)cc(OC)c(C(=O)/C=C/c2cccc(N3CCNCC3)c2)c1O,3570.0,CCCCc1c(OC)cc(OC)c(C(=O)/C=C/c2cccc(N3CCNCC3)c2)c1O,5.447331783887806,YGIMGQXXPNYGDY-ZHACJKMWSA-N
CHEMBL2074971,COc1ccc(CCNCCCC(C#N)(c2cc(OC)c(OC)c(OC)c2)C(C)C)cc1OC,3600.0,COc1ccc(CCNCCCC(C#N)(c2cc(OC)c(OC)c(OC)c2)C(C)C)cc1OC,5.443697499232712,JBERDSXBGRTWOG-UHFFFAOYSA-N
CHEMBL2042909,C=C[C@H]1CN2CC[C@H]1C[C@H]2[C@H](OC(=O)CCCCCCn1cc(CCC(=O)O[C@H](c2ccnc3ccc(OC)cc23)[C@@H]2C[C@@H]3CCN2C[C@@H]3C=C)nn1)c1ccnc2ccc(OC)cc12,3600.0,C=C[C@H]1CN2CC[C@H]1C[C@H]2[C@H](OC(=O)CCCCCCn1cc(CCC(=O)O[C@H](c2ccnc3ccc(OC)cc23)[C@@H]2C[C@@H]3CCN2C[C@@H]3C=C)nn1)c1ccnc2ccc(OC)cc12,5.443697499232712,UWMQUOWEVSCPFB-YCMCBJCHSA-N
CHEMBL4876875,COc1cc2ncnc(-c3c(-c4ccccc4)n(Cc4ccccc4Br)c4ccccc34)c2cc1OCCCN1CCOCC1,3600.0,COc1cc2ncnc(-c3c(-c4ccccc4)n(Cc4ccccc4Br)c4ccccc34)c2cc1OCCCN1CCOCC1,5.443697499232712,WSOJDUFWINGDJI-UHFFFAOYSA-N
CHEMBL5285476,COc1ccc2c3c([nH]c2c1)C(CC(C)C)N1C(=O)C(CCC(=O)OC(C)(C)C)NC(=O)C1C3,3630.0,COc1ccc2c3c([nH]c2c1)C(CC(C)C)N1C(=O)C(CCC(=O)OC(C)(C)C)NC(=O)C1C3,5.440093374963888,NXNRAECHCJZNRF-UHFFFAOYSA-N
CHEMBL4860718,Cc1ccc2cccc(S(=O)(=O)N3CCN(c4nccc5sccc45)CC3)c2n1,3640.0,Cc1ccc2cccc(S(=O)(=O)N3CCN(c4nccc5sccc45)CC3)c2n1,5.438898616350944,KLZSXJJLMWSGOR-UHFFFAOYSA-N
CHEMBL3770841,O=C(O)c1ccc(Nc2nc(-c3ccncc3)nc3ccccc23)cc1,3670.0,O=C(O)c1ccc(Nc2nc(-c3ccncc3)nc3ccccc23)cc1,5.43533393574791,QYJWXOYAPRIBLA-UHFFFAOYSA-N
CHEMBL207637,COC(=O)N1C2C3C4N(C(=O)OC)C5C(C1[C@]5(CO)[C@H]3c1ccccc1)[C@@H](c1ccccc1)[C@@]24CO,3800.0,COC(=O)N1C2C3C4N(C(=O)OC)C5C(C1[C@]5(CO)[C@H]3c1ccccc1)[C@@H](c1ccccc1)[C@@]24CO,5.42021640338319,AGQNXHHKILGVSY-WDBWVQEKSA-N
CHEMBL1741,CC[C@H]1OC(=O)[C@H](C)[C@@H](O[C@H]2C[C@@](C)(OC)[C@@H](O)[C@H](C)O2)[C@H](C)[C@@H](O[C@@H]2O[C@H](C)C[C@H](N(C)C)[C@H]2O)[C@](C)(OC)C[C@@H](C)C(=O)[C@H](C)[C@@H](O)[C@]1(C)O,3800.0,CC[C@H]1OC(=O)[C@H](C)[C@@H](O[C@H]2C[C@@](C)(OC)[C@@H](O)[C@H](C)O2)[C@H](C)[C@@H](O[C@@H]2O[C@H](C)C[C@H](N(C)C)[C@H]2O)[C@](C)(OC)C[C@@H](C)C(=O)[C@H](C)[C@@H](O)[C@]1(C)O,5.42021640338319,AGOYDEPGAOXOCK-KCBOHYOISA-N
CHEMBL5291355,N#Cc1cn(C2CC2)c2c(N3CCN(CCc4c[nH]c5ccccc45)CC3)ncnc12,3850.0,N#Cc1cn(C2CC2)c2c(N3CCN(CCc4c[nH]c5ccccc45)CC3)ncnc12,5.414539270491499,PHGFMAYCTYWBIS-UHFFFAOYSA-N
CHEMBL3233500,COc1ccc2c(c1)C/C(=C\C=C\c1ccccc1OC)C2=O,3890.0,COc1ccc2c(c1)C/C(=C\C=C\c1ccccc1OC)C2=O,5.410050398674292,IKVGNOHVTJJKPX-TWPHAGSYSA-N
CHEMBL5284786,c1ccc2c(c1)[nH]c1c(N3CCN(Cc4ccc5c(c4)OCO5)CC3)ncnc12,3920.0,c1ccc2c(c1)[nH]c1c(N3CCN(Cc4ccc5c(c4)OCO5)CC3)ncnc12,5.406713932979542,LIZUKPPSELEOKS-UHFFFAOYSA-N
CHEMBL4456657,COc1cc(OC)c(C(=O)/C=C/c2cccc(N3CCNCC3)c2)c(O)c1C,4000.0,COc1cc(OC)c(C(=O)/C=C/c2cccc(N3CCNCC3)c2)c(O)c1C,5.3979400086720375,HZYIXHJGPMSMAU-BQYQJAHWSA-N
CHEMBL2420083,COc1ccc(-c2cc(=O)c3ccc4ccccc4c3o2)cc1OC,4000.0,COc1ccc(-c2cc(=O)c3ccc4ccccc4c3o2)cc1OC,5.3979400086720375,QDZQDIUUJDAORK-UHFFFAOYSA-N
CHEMBL2372500,CCCCCC[C@H]1C(=O)N[C@@H](CC)C(=O)N(C)CC(=O)N(C)[C@H](CC(C)C)C(=O)N[C@H](C(C)C)C(=O)N(C)[C@H](CC(C)C)C(=O)N[C@@H](C)C(=O)N[C@H](C)C(=O)N(C)[C@@H](CC(C)C)C(=O)N(C)[C@@H](CC(C)C)C(=O)N(C)[C@@H](C(C)C)C(=O)N1C,4000.0,CCCCCC[C@H]1C(=O)N[C@@H](CC)C(=O)N(C)CC(=O)N(C)[C@H](CC(C)C)C(=O)N[C@H](C(C)C)C(=O)N(C)[C@H](CC(C)C)C(=O)N[C@@H](C)C(=O)N[C@H](C)C(=O)N(C)[C@@H](CC(C)C)C(=O)N(C)[C@@H](CC(C)C)C(=O)N(C)[C@@H](C(C)C)C(=O)N1C,5.3979400086720375,FAOPPOYNVNUOHA-REMHEBHHSA-N
CHEMBL2372488,C/C=C/C[C@@H](C)[C@@H](O)[C@H]1C(=O)N[C@@H]([C@@H](C)O)C(=O)NCC(=O)N(C)[C@H](CC(C)C)C(=O)N[C@@H](CC(C)C)C(=O)N(C)[C@H](CC(C)C)C(=O)N[C@@H](C)C(=O)N[C@](O)(C(C)C)C(=O)N(C)[C@@H](CC(C)C)C(=O)N[C@@H](CC(C)C)C(=O)N(C)[C@@H](C(C)C)C(=O)N1C,4000.0,C/C=C/C[C@@H](C)[C@@H](O)[C@H]1C(=O)N[C@@H]([C@@H](C)O)C(=O)NCC(=O)N(C)[C@H](CC(C)C)C(=O)N[C@@H](CC(C)C)C(=O)N(C)[C@H](CC(C)C)C(=O)N[C@@H](C)C(=O)N[C@](O)(C(C)C)C(=O)N(C)[C@@H](CC(C)C)C(=O)N[C@@H](CC(C)C)C(=O)N(C)[C@@H](C(C)C)C(=O)N1C,5.3979400086720375,ZQGPFEDEFYLFJD-LKKRHUPJSA-N
CHEMBL4871513,COc1cc2c(cc1OC)CN(CCc1ccc(NC(=O)c3ccc(C)c(Nc4nccc(-c5ccc(F)cc5)n4)c3)cc1)CC2,4020.0,COc1cc2c(cc1OC)CN(CCc1ccc(NC(=O)c3ccc(C)c(Nc4nccc(-c5ccc(F)cc5)n4)c3)cc1)CC2,5.39577394691553,HULCXMVPGLDCBY-UHFFFAOYSA-N
CHEMBL3885018,COc1ccc(-n2nnc(-c3ccccc3NC(=O)c3ccccc3)n2)cc1OC,4030.0,COc1ccc(-n2nnc(-c3ccccc3NC(=O)c3ccccc3)n2)cc1OC,5.394694953858891,NUGUZUSIZDGDIO-UHFFFAOYSA-N
CHEMBL261632,COc1cc2c(cc1OC)CN(CCc1ccc(NC(=O)c3ccc(N)cc3)cc1)CC2,4073.8,COc1cc2c(cc1OC)CN(CCc1ccc(NC(=O)c3ccc(N)cc3)cc1)CC2,5.390000296157769,IPGHATJIKSKXQN-UHFFFAOYSA-N
CHEMBL4081141,Cc1cc(Nc2ccc(C(=O)O)cc2)n2nc(SCc3nc4ccccc4[nH]3)nc2n1,4080.0,Cc1cc(Nc2ccc(C(=O)O)cc2)n2nc(SCc3nc4ccccc4[nH]3)nc2n1,5.38933983691012,JWVPTYNJTNADOU-UHFFFAOYSA-N
CHEMBL3220343,Nc1nc(NC2CC2)c2ncn([C@H]3C=C[C@@H](COC(=O)CCCCCC(=O)OC[C@@H]4C=C[C@H](n5cnc6c(NC7CC7)nc(N)nc65)C4)C3)c2n1,4100.0,Nc1nc(NC2CC2)c2ncn([C@H]3C=C[C@@H](COC(=O)CCCCCC(=O)OC[C@@H]4C=C[C@H](n5cnc6c(NC7CC7)nc(N)nc65)C4)C3)c2n1,5.3872161432802645,SRQYGCFPSZBXOJ-ZLSIYFNSSA-N
CHEMBL471170,COc1cc2c(cc1OC)CN(CCc1ccc(NC(=O)c3ccccc3)cc1)CC2,4100.0,COc1cc2c(cc1OC)CN(CCc1ccc(NC(=O)c3ccccc3)cc1)CC2,5.3872161432802645,WQFANMYSSGNEFC-UHFFFAOYSA-N
CHEMBL4753180,Cc1cc(Nc2ccc(F)cc2)n2nc(SCC3CC3)nc2n1,4110.0,Cc1cc(Nc2ccc(F)cc2)n2nc(SCC3CC3)nc2n1,5.386158178123931,BNFNGKXOXONHJL-UHFFFAOYSA-N
CHEMBL5077013,COC1=C[C@]2(C[C@H]3CN(C(C)=O)[C@@H](Cc4ccccc4)CN3C2=O)OC1=O,4130.0,COC1=C[C@]2(C[C@H]3CN(C(C)=O)[C@@H](Cc4ccccc4)CN3C2=O)OC1=O,5.384049948343599,FIFJQKCGFISZSC-FTRWYGJKSA-N
CHEMBL3810327,COc1ccc(/C=C/C(=O)c2cccc(Nc3ncnc4cc(OC)c(OC)cc34)c2)cc1,4150.0,COc1ccc(/C=C/C(=O)c2cccc(Nc3ncnc4cc(OC)c(OC)cc34)c2)cc1,5.3819519032879075,AZATXQMZEYYVSP-FMIVXFBMSA-N
CHEMBL260896,COc1ccc(C(=O)Nc2ccc(CCN3CCc4cc(OC)c(OC)cc4C3)cc2)cc1OC,4168.69,COc1ccc(C(=O)Nc2ccc(CCN3CCc4cc(OC)c(OC)cc4C3)cc2)cc1OC,5.380000399499541,DFMNNXQUFBLCJT-UHFFFAOYSA-N
CHEMBL410897,Nc1ccc(C(=O)Nc2ccc(CCN3CCc4ccccc4C3)cc2)cc1,4168.69,Nc1ccc(C(=O)Nc2ccc(CCN3CCc4ccccc4C3)cc2)cc1,5.380000399499541,IOKHPPHEUBRUBT-UHFFFAOYSA-N
CHEMBL4792652,C=CCSc1nc2nc(C)cc(Nc3ccc(F)cc3)n2n1,4200.0,C=CCSc1nc2nc(C)cc(Nc3ccc(F)cc3)n2n1,5.376750709602099,ARKOWDAJNJDCSX-UHFFFAOYSA-N
CHEMBL3885364,COc1ccc(C(=O)Nc2ccccc2-c2nnn(-c3ccc(SC)cc3)n2)cc1,4200.0,COc1ccc(C(=O)Nc2ccccc2-c2nnn(-c3ccc(SC)cc3)n2)cc1,5.376750709602099,LZLNMHPWWOLFIG-UHFFFAOYSA-N
CHEMBL4778332,Cc1cc(Nc2ccc(F)cc2)n2nc(SCCCc3ccccc3)nc2n1,4220.0,Cc1cc(Nc2ccc(F)cc2)n2nc(SCCCc3ccccc3)nc2n1,5.374687549038326,GQRMJFJUNABWOI-UHFFFAOYSA-N
CHEMBL209128,COc1ccc(CCN(C)CCN2C(=O)C3C4c5ccccc5C(c5ccccc54)C3C2=O)cc1OC,4230.0,COc1ccc(CCN(C)CCN2C(=O)C3C4c5ccccc5C(c5ccccc54)C3C2=O)cc1OC,5.373659632624958,SQDWWHCSJBNTLV-UHFFFAOYSA-N
CHEMBL4794767,N#Cc1ccc(Nc2cc(NCc3ccncc3)nc(-c3ccccc3)n2)cc1,4260.0,N#Cc1ccc(Nc2cc(NCc3ccncc3)nc(-c3ccccc3)n2)cc1,5.370590400897281,PXHGGTUWGFIZHB-UHFFFAOYSA-N
CHEMBL2420087,COc1ccc(-c2oc3c(ccc4ccccc43)c(=O)c2O)cc1OC,4270.0,COc1ccc(-c2oc3c(ccc4ccccc43)c(=O)c2O)cc1OC,5.369572124974976,QKKFAWYMSIFENP-UHFFFAOYSA-N
CHEMBL290635,CCCCCCC[C@H]1OC(=O)C[C@H](O)[C@H](Cc2ccccc2)N(C)C(=O)C(C)(C)OC(=O)[C@H]1C,4300.0,CCCCCCC[C@H]1OC(=O)C[C@H](O)[C@H](Cc2ccccc2)N(C)C(=O)C(C)(C)OC(=O)[C@H]1C,5.366531544420414,DDBPETVFTOPHDM-XXTHSBEZSA-N
CHEMBL2372486,C/C=C/C[C@@H](C)[C@@H](O)[C@H]1C(=O)N[C@@H]([C@@H](C)O)C(=O)N(C)CC(=O)N[C@@H](CC(C)C)C(=O)N[C@@H](CC(C)C)C(=O)N(C)[C@H](CC(C)C)C(=O)N[C@@H](C)C(=O)N[C@](O)(C(C)C)C(=O)N(C)[C@@H](CC(C)C)C(=O)N[C@@H](CC(C)C)C(=O)N(C)[C@@H](C(C)C)C(=O)N1C,4300.0,C/C=C/C[C@@H](C)[C@@H](O)[C@H]1C(=O)N[C@@H]([C@@H](C)O)C(=O)N(C)CC(=O)N[C@@H](CC(C)C)C(=O)N[C@@H](CC(C)C)C(=O)N(C)[C@H](CC(C)C)C(=O)N[C@@H](C)C(=O)N[C@](O)(C(C)C)C(=O)N(C)[C@@H](CC(C)C)C(=O)N[C@@H](CC(C)C)C(=O)N(C)[C@@H](C(C)C)C(=O)N1C,5.366531544420414,CYIMASFXSXECJB-UPTAYYKHSA-N
CHEMBL3317922,COc1cc(C(=O)Nc2ccc(-c3cccnc3)cc2F)cc(OC)c1OC,4340.0,COc1cc(C(=O)Nc2ccc(-c3cccnc3)cc2F)cc(OC)c1OC,5.36251027048749,FMGMPJRXARXLIY-UHFFFAOYSA-N
CHEMBL5094256,COc1cc(C[C@H]2CN(C(C)=O)[C@@H](Cc3ccccc3)CN2C(=O)c2ccccc2)cc2c1OCO2,4360.0,COc1cc(C[C@H]2CN(C(C)=O)[C@@H](Cc3ccccc3)CN2C(=O)c2ccccc2)cc2c1OCO2,5.360513510731414,FAJQATXXQQHVIW-DQEYMECFSA-N
CHEMBL4800631,N#Cc1ccc(Nc2cc(NCc3ccccc3)nc(-c3ccccc3)n2)cc1,4470.0,N#Cc1ccc(Nc2cc(NCc3ccccc3)nc(-c3ccccc3)n2)cc1,5.349692476868063,JEDYSFDWUDWTJH-UHFFFAOYSA-N
CHEMBL5281162,N#Cc1cn(Cc2ccccc2)c2c(N3CCN(CCc4c[nH]c5ccccc45)CC3)ncnc12,4480.0,N#Cc1cn(Cc2ccccc2)c2c(N3CCN(CCc4c[nH]c5ccccc45)CC3)ncnc12,5.3487219860018556,QNOYANQUMZAJJD-UHFFFAOYSA-N
CHEMBL5171374,C[C@@H](O)[C@@H]1CCc2c3c4c(c(O)c(O)c(C[C@@H](O)CC(=O)O)c4n21)C(=O)C=C3,4490.0,C[C@@H](O)[C@@H]1CCc2c3c4c(c(O)c(O)c(C[C@@H](O)CC(=O)O)c4n21)C(=O)C=C3,5.347753658996677,FDYNSDOODQSYRY-LNLATYFQSA-N
CHEMBL2331726,COC(=O)c1ccc(-c2ccc(CN3CCc4ccccc4C3)cc2)cc1NC(=O)c1ccc2ncccc2c1,4490.0,COC(=O)c1ccc(-c2ccc(CN3CCc4ccccc4C3)cc2)cc1NC(=O)c1ccc2ncccc2c1,5.347753658996677,AKAMCNVSSDZPIJ-UHFFFAOYSA-N
CHEMBL2042914,C=C[C@H]1CN2CC[C@H]1C[C@H]2[C@H](OC(=O)CCCCCCCCc1cn(CCCCCCCCC(=O)O[C@H](c2ccnc3ccc(OC)cc23)[C@@H]2C[C@@H]3CCN2C[C@@H]3C=C)nn1)c1ccnc2ccc(OC)cc12,4500.0,C=C[C@H]1CN2CC[C@H]1C[C@H]2[C@H](OC(=O)CCCCCCCCc1cn(CCCCCCCCC(=O)O[C@H](c2ccnc3ccc(OC)cc23)[C@@H]2C[C@@H]3CCN2C[C@@H]3C=C)nn1)c1ccnc2ccc(OC)cc12,5.346787486224656,KAILNJQNHIGTNA-VWTKTFGCSA-N
CHEMBL5090344,COc1cc(C[C@H]2CN(C(C)=O)[C@@H](Cc3ccccc3)CN2)cc(OC)c1O,4500.0,COc1cc(C[C@H]2CN(C(C)=O)[C@@H](Cc3ccccc3)CN2)cc(OC)c1O,5.346787486224656,PZFQCYWITYPTOJ-OALUTQOASA-N
CHEMBL658,CCC(=O)N(c1ccccc1)C1(COC)CCN(CCc2cccs2)CC1,4500.0,CCC(=O)N(c1ccccc1)C1(COC)CCN(CCc2cccs2)CC1,5.346787486224656,GGCSSNBKKAUURC-UHFFFAOYSA-N
CHEMBL4078066,COc1cc2c(cc1OC)CN(CCn1cc(COc3ccccc3C(=O)Nc3ccc(OC(F)(F)F)cc3)nn1)CC2,4520.0,COc1cc2c(cc1OC)CN(CCn1cc(COc3ccccc3C(=O)Nc3ccc(OC(F)(F)F)cc3)nn1)CC2,5.3448615651886175,HMFHTSHKRKYNII-UHFFFAOYSA-N
CHEMBL4744165,N#Cc1ccc(Nc2cc(Nc3ccc(O)cc3)nc(-c3ccccc3)n2)cc1,4540.0,N#Cc1ccc(Nc2cc(Nc3ccc(O)cc3)nc(-c3ccccc3)n2)cc1,5.342944147142896,BMKFGAHHGQXNGF-UHFFFAOYSA-N
CHEMBL2042910,C=C[C@H]1CN2CC[C@H]1C[C@H]2[C@H](OC(=O)CCCCc1cn(CCCCC(=O)O[C@H](c2ccnc3ccc(OC)cc23)[C@@H]2C[C@@H]3CCN2C[C@@H]3C=C)nn1)c1ccnc2ccc(OC)cc12,4600.0,C=C[C@H]1CN2CC[C@H]1C[C@H]2[C@H](OC(=O)CCCCc1cn(CCCCC(=O)O[C@H](c2ccnc3ccc(OC)cc23)[C@@H]2C[C@@H]3CCN2C[C@@H]3C=C)nn1)c1ccnc2ccc(OC)cc12,5.337242168318426,HILQHFNEWSVDME-YCMCBJCHSA-N
CHEMBL723,COc1ccccc1OCCNCC(O)COc1cccc2[nH]c3ccccc3c12,4600.0,COc1ccccc1OCCNCC(O)COc1cccc2[nH]c3ccccc3c12,5.337242168318426,OGHNVEJMJSYVRP-UHFFFAOYSA-N
CHEMBL2372483,CC/C=C/C[C@@H](C)[C@@H](O)[C@H]1C(=O)N[C@@H](CC)C(=O)N(C)CC(=O)N(C)[C@H](CC(C)C)C(=O)N[C@H](C(C)C)C(=O)N(C)[C@@H](C)C(=O)N[C@@H](C)C(=O)N[C@H](C)C(=O)N(C)[C@@H](CC(C)C)C(=O)N(C)[C@@H](CC(C)C)C(=O)N(C)[C@@H](C(C)C)C(=O)N1C,4600.0,CC/C=C/C[C@@H](C)[C@@H](O)[C@H]1C(=O)N[C@@H](CC)C(=O)N(C)CC(=O)N(C)[C@H](CC(C)C)C(=O)N[C@H](C(C)C)C(=O)N(C)[C@@H](C)C(=O)N[C@@H](C)C(=O)N[C@H](C)C(=O)N(C)[C@@H](CC(C)C)C(=O)N(C)[C@@H](CC(C)C)C(=O)N(C)[C@@H](C(C)C)C(=O)N1C,5.337242168318426,ZBAQVHCKEQZABY-QIDMXWRKSA-N
CHEMBL4462087,CCc1c(OC)cc(OC)c(C(=O)/C=C/c2cccc(N3CCNCC3)c2)c1O,4690.0,CCc1c(OC)cc(OC)c(C(=O)/C=C/c2cccc(N3CCNCC3)c2)c1O,5.328827157284917,KHQMQWXGMJHNEF-CMDGGOBGSA-N
CHEMBL2372471,CC/C=C/C[C@@H](C)[C@@H](O)[C@H]1C(=O)N[C@@H](C)C(=O)N(C)CC(=O)N(C)[C@H](CC(C)C)C(=O)N[C@H](C(C)C)C(=O)N(C)[C@H](CC(C)C)C(=O)N[C@@H](C)C(=O)N[C@H](C)C(=O)N(C)[C@@H](CC(C)C)C(=O)N(C)[C@@H](CC(C)C)C(=O)N(C)[C@@H](C(C)C)C(=O)N1C,4700.0,CC/C=C/C[C@@H](C)[C@@H](O)[C@H]1C(=O)N[C@@H](C)C(=O)N(C)CC(=O)N(C)[C@H](CC(C)C)C(=O)N[C@H](C(C)C)C(=O)N(C)[C@H](CC(C)C)C(=O)N[C@@H](C)C(=O)N[C@H](C)C(=O)N(C)[C@@H](CC(C)C)C(=O)N(C)[C@@H](CC(C)C)C(=O)N(C)[C@@H](C(C)C)C(=O)N1C,5.327902142064283,VEIFOKPPVMYRRZ-AEKHNAAVSA-N
CHEMBL623,CCc1nn(CCCN2CCN(c3cccc(Cl)c3)CC2)c(=O)n1CCOc1ccccc1,4700.0,CCc1nn(CCCN2CCN(c3cccc(Cl)c3)CC2)c(=O)n1CCOc1ccccc1,5.327902142064283,VRBKIVRKKCLPHA-UHFFFAOYSA-N
CHEMBL4530796,N#Cc1ccc(Nc2cc(-c3ccccc3)nc3ccccc23)cc1,4740.0,N#Cc1ccc(Nc2cc(-c3ccccc3)nc3ccccc23)cc1,5.324221658325915,YDIZFRBIKCDJDU-UHFFFAOYSA-N
CHEMBL5414246,COc1cc2c(cc1OC)CN(C(=O)c1cc3cc(-c4ccc(NC(=O)c5ccc(Cl)cc5)cc4)ccc3n1Cc1ccccc1C(F)(F)F)CC2,4761.0,COc1cc2c(cc1OC)CN(C(=O)c1cc3cc(-c4ccc(NC(=O)c5ccc(Cl)cc5)cc4)ccc3n1Cc1ccccc1C(F)(F)F)CC2,5.32230181852549,RJQXSOGJDNKTTO-UHFFFAOYSA-N
CHEMBL4071162,COc1cccc(Nc2nc(-c3cccnc3)nc3ccccc23)c1,4780.0,COc1cccc(Nc2nc(-c3cccnc3)nc3ccccc23)c1,5.320572103387881,GGNCXDZSPQUNOD-UHFFFAOYSA-N
CHEMBL1790675,CC[C@H](C)[C@@H]1NC(=O)[C@@H]2CCCN2C(=O)[C@@H](C)N(C)C(=O)[C@H](Cc2ccccc2)NC(=O)[C@H](C(C)C)N(C)C(=O)[C@@H]([C@@H](C)CC)OC(=O)[C@H](C(C)(C)O)N(C)C(=O)[C@H](CC(C)C)NC(=O)[C@H](C(C)C)NC1=O,4790.0,CC[C@H](C)[C@@H]1NC(=O)[C@@H]2CCCN2C(=O)[C@@H](C)N(C)C(=O)[C@H](Cc2ccccc2)NC(=O)[C@H](C(C)C)N(C)C(=O)[C@@H]([C@@H](C)CC)OC(=O)[C@H](C(C)(C)O)N(C)C(=O)[C@H](CC(C)C)NC(=O)[C@H](C(C)C)NC1=O,5.319664486585436,DAYPZACBUSYCEQ-GSHCQLSTSA-N
CHEMBL269137,CCCCCCC[C@H]1OC(=O)C[C@@H](O)[C@H](Cc2ccccc2)N(C)C(=O)[C@H](C(C)C)OC(=O)[C@H]1C,4800.0,CCCCCCC[C@H]1OC(=O)C[C@@H](O)[C@H](Cc2ccccc2)N(C)C(=O)[C@H](C(C)C)OC(=O)[C@H]1C,5.318758762624412,NJNAHFYVTBZQHU-LFFUDGMSSA-N
CHEMBL5402786,COc1ccc(-c2coc3c4c(cc(O)c3c2=O)OC(=O)C[C@H]4c2ccc(OCc3nccn3C)c(OC)c2)cc1OC,4800.0,COc1ccc(-c2coc3c4c(cc(O)c3c2=O)OC(=O)C[C@H]4c2ccc(OCc3nccn3C)c(OC)c2)cc1OC,5.318758762624412,RLICPEOQCJBSLS-IBGZPJMESA-N
CHEMBL4434808,Cc1nc2cc(NC(=O)C3CCCN(c4cc(-n5cccn5)ncn4)C3)ccc2s1,4830.0,Cc1nc2cc(NC(=O)C3CCCN(c4cc(-n5cccn5)ncn4)C3)ccc2s1,5.316052869248487,YVMMSDYPZRTEQW-UHFFFAOYSA-N
CHEMBL4435080,COc1ccc(C(=O)/C=C/c2cccc(N3CCNCC3)c2)c(OC)c1,4900.0,COc1ccc(C(=O)/C=C/c2cccc(N3CCNCC3)c2)c(OC)c1,5.309803919971486,OMYLBRKGEZTMGC-RMKNXTFCSA-N
CHEMBL5431776,COc1cc2c(cc1OC)CN(C(=O)c1cc3cc(-c4ccccc4)ccc3[nH]1)CC2,4934.0,COc1cc2c(cc1OC)CN(C(=O)c1cc3cc(-c4ccccc4)ccc3[nH]1)CC2,5.306800854846283,FKEWNNFCGXSKRD-UHFFFAOYSA-N
CHEMBL5394140,COC(=O)C[C@@H](c1ccc(-c2cc(C(=O)O)ccc2Cl)o1)c1oc(CN2CCN(c3ccc(OC)cc3)CC2)cc(=O)c1O,4990.0,COC(=O)C[C@@H](c1ccc(-c2cc(C(=O)O)ccc2Cl)o1)c1oc(CN2CCN(c3ccc(OC)cc3)CC2)cc(=O)c1O,5.30189945437661,GAIKJOGQIJBQEV-DEOSSOPVSA-N
CHEMBL4764366,N#Cc1c(Nc2cccc(Cl)c2)nc(SCC(=O)NC(=O)Nc2ccccn2)nc1-c1ccccc1,5000.0,N#Cc1c(Nc2cccc(Cl)c2)nc(SCC(=O)NC(=O)Nc2ccccn2)nc1-c1ccccc1,5.301029995663981,ARTOQDWYVJQZST-UHFFFAOYSA-N
CHEMBL5281538,c1ccc(N2CCN(c3ncnc4c3[nH]c3ccccc34)CC2)nc1,5000.0,c1ccc(N2CCN(c3ncnc4c3[nH]c3ccccc34)CC2)nc1,5.301029995663981,ASWRPDYMCAZWTN-UHFFFAOYSA-N
CHEMBL4449431,C=C1[C@H](OC(C)=O)[C@H]2[C@@H](OC(=O)c3ccccc3)[C@](C)(O)C[C@]2(O)C(=O)[C@@H](C)/C=C/C(C)(C)C(=O)[C@H](OC(=O)C(C)C)[C@H]1OC(C)=O,5000.0,C=C1[C@H](OC(C)=O)[C@H]2[C@@H](OC(=O)c3ccccc3)[C@](C)(O)C[C@]2(O)C(=O)[C@@H](C)/C=C/C(C)(C)C(=O)[C@H](OC(=O)C(C)C)[C@H]1OC(C)=O,5.301029995663981,CNYSRFLKOQLLFE-GIEUSPAQSA-N
CHEMBL4470070,O=C(COc1c(-c2ccccc2Cl)oc2ccccc2c1=O)Nc1ccc2c(c1)COC2=O,5010.0,O=C(COc1c(-c2ccccc2Cl)oc2ccccc2c1=O)Nc1ccc2c(c1)COC2=O,5.300162274132754,QCKIWMNSBLREPR-UHFFFAOYSA-N
CHEMBL4745867,COc1cc(Nc2cc(C)nc(-c3ccccc3)n2)ccc1Br,5030.0,COc1cc(Nc2cc(C)nc(-c3ccccc3)n2)ccc1Br,5.298432014944073,WQHLBAQOVRSHMA-UHFFFAOYSA-N
CHEMBL5171189,C[C@H]1Oc2c(O)c3c4c(c5n(c4c2C[C@H](CC(=O)O)O1)[C@H]([C@@H](C)O)CC5)C=CC3=O,5040.0,C[C@H]1Oc2c(O)c3c4c(c5n(c4c2C[C@H](CC(=O)O)O1)[C@H]([C@@H](C)O)CC5)C=CC3=O,5.297569463554475,KFVJBQLVXOIJJL-BIAAXOCRSA-N
CHEMBL5087730,COc1cc(C[C@H]2CN(C(C)=O)[C@@H](Cc3ccccc3)CN2C(=O)c2ccccc2)cc(OC)c1O,5080.0,COc1cc(C[C@H]2CN(C(C)=O)[C@@H](Cc3ccccc3)CN2C(=O)c2ccccc2)cc(OC)c1O,5.29413628771608,ZYUBUHISUWBOME-DQEYMECFSA-N
CHEMBL2372502,CC/C=C/C[C@@H](C)[C@@H](O)[C@H]1C(=O)N[C@@H]([C@@H](C)O)C(=O)N(C)CC(=O)N(C)[C@H](CC(C)C)C(=O)N[C@H](C(C)C)C(=O)N(C)[C@H](CC(C)C)C(=O)N[C@@H](C)C(=O)N[C@H](C)C(=O)N(C)[C@@H](CC(C)C)C(=O)N(C)[C@@H](CC(C)C)C(=O)N(C)[C@@H](C(C)C)C(=O)N1C,5100.0,CC/C=C/C[C@@H](C)[C@@H](O)[C@H]1C(=O)N[C@@H]([C@@H](C)O)C(=O)N(C)CC(=O)N(C)[C@H](CC(C)C)C(=O)N[C@H](C(C)C)C(=O)N(C)[C@H](CC(C)C)C(=O)N[C@@H](C)C(=O)N[C@H](C)C(=O)N(C)[C@@H](CC(C)C)C(=O)N(C)[C@@H](CC(C)C)C(=O)N(C)[C@@H](C(C)C)C(=O)N1C,5.292429823902063,FNIAOILEZRKSGW-IJQJIKGVSA-N
CHEMBL4550044,CCCc1c(OC)cc(OC)c(C(=O)/C=C/c2cccc(N3CCNCC3)c2)c1O,5120.0,CCCc1c(OC)cc(OC)c(C(=O)/C=C/c2cccc(N3CCNCC3)c2)c1O,5.29073003902417,MQSLLOIUWQIXTE-MDZDMXLPSA-N
CHEMBL4754885,Cc1cc(Nc2ccc3ncccc3c2)nc(-c2ccccc2)n1,5130.0,Cc1cc(Nc2ccc3ncccc3c2)nc(-c2ccccc2)n1,5.289882634888183,OHTBOWYUOVCMTB-UHFFFAOYSA-N
CHEMBL5084108,COc1cc([C@H]2c3ccccc3C(=O)N3C[C@@H](C(=O)c4ccccc4)N(C(C)=O)C[C@H]23)cc(OC)c1O,5150.0,COc1cc([C@H]2c3ccccc3C(=O)N3C[C@@H](C(=O)c4ccccc4)N(C(C)=O)C[C@H]23)cc(OC)c1O,5.288192770958809,KYVXWKDZLJERHC-UMFSSWHCSA-N
CHEMBL2369623,CC[C@H](C)[C@@H]1NC(=O)[C@@H]2CCCN2C(=O)[C@@H](CO)N(C)C(=O)[C@H](C2CCCCC2)NC(=O)[C@H](C(C)C)N(C)C(=O)[C@@H]([C@@H](C)CC)OC(=O)[C@H](C(C)(C)O)N(C)C(=O)[C@H](CC(C)C)NC(=O)[C@H](C(C)C)N(C)C1=O,5160.0,CC[C@H](C)[C@@H]1NC(=O)[C@@H]2CCCN2C(=O)[C@@H](CO)N(C)C(=O)[C@H](C2CCCCC2)NC(=O)[C@H](C(C)C)N(C)C(=O)[C@@H]([C@@H](C)CC)OC(=O)[C@H](C(C)(C)O)N(C)C(=O)[C@H](CC(C)C)NC(=O)[C@H](C(C)C)N(C)C1=O,5.287350298372789,HVUSLLBOIUBZPU-UHUSNNNKSA-N
CHEMBL5206778,O=C(NC(c1ccccc1)c1ccccc1)c1nn(-c2ccc(Cl)cc2)c(=O)c2ccccc12,5180.0,O=C(NC(c1ccccc1)c1ccccc1)c1nn(-c2ccc(Cl)cc2)c(=O)c2ccccc12,5.285670240254767,AHWYXQOZGKLVRS-UHFFFAOYSA-N
CHEMBL2369933,CC/C=C/C[C@@H](C)[C@@H](O)[C@H](NC(=O)[C@@H](NC(=O)[C@H](CC(C)C)N(C)C(=O)[C@H](CC(C)C)NC(=O)[C@@H](C)NC(=O)[C@H](C)NC(=O)[C@@H](CC(C)C)NC(=O)[C@H](NC(=O)[C@@H](CC(C)C)N(C)C=O)C(C)C)C(C)C)C(=O)N[C@@H](CC)C(=O)N1CCC[C@H]1C,5200.0,CC/C=C/C[C@@H](C)[C@@H](O)[C@H](NC(=O)[C@@H](NC(=O)[C@H](CC(C)C)N(C)C(=O)[C@H](CC(C)C)NC(=O)[C@@H](C)NC(=O)[C@H](C)NC(=O)[C@@H](CC(C)C)NC(=O)[C@H](NC(=O)[C@@H](CC(C)C)N(C)C=O)C(C)C)C(C)C)C(=O)N[C@@H](CC)C(=O)N1CCC[C@H]1C,5.2839966563652006,QEZQYLMWZKPKLK-PVRLILBISA-N
CHEMBL3317928,COc1ccc(C(=O)Nc2ccc(-c3cccnc3)cc2F)cc1,5260.0,COc1ccc(C(=O)Nc2ccc(-c3cccnc3)cc2F)cc1,5.279014255846261,GCBILDMRDHTEGR-UHFFFAOYSA-N
CHEMBL457921,COc1cccc(CCc2ccccc2OCCCN2CCN(c3ccc(F)cc3)CC2)c1,5300.0,COc1cccc(CCc2ccccc2OCCCN2CCN(c3ccc(F)cc3)CC2)c1,5.275724130399211,PGVXQVRAFUTSIL-UHFFFAOYSA-N
CHEMBL54,O=C(CCCN1CCC(O)(c2ccc(Cl)cc2)CC1)c1ccc(F)cc1,5300.0,O=C(CCCN1CCC(O)(c2ccc(Cl)cc2)CC1)c1ccc(F)cc1,5.275724130399211,LNEPOXFFQSENCJ-UHFFFAOYSA-N
CHEMBL4553769,C=C1[C@H](OC(C)=O)[C@H]2[C@@H](OC(=O)c3ccccc3)[C@](C)(OC(C)=O)C[C@]2(O)C(=O)[C@@H](C)/C=C/C(C)(C)C(=O)[C@H](OC(=O)C(C)C)[C@H]1OC(C)=O,5300.0,C=C1[C@H](OC(C)=O)[C@H]2[C@@H](OC(=O)c3ccccc3)[C@](C)(OC(C)=O)C[C@]2(O)C(=O)[C@@H](C)/C=C/C(C)(C)C(=O)[C@H](OC(=O)C(C)C)[C@H]1OC(C)=O,5.275724130399211,JAPFTMCTKJJPFR-SQYKWSPOSA-N
CHEMBL5405329,COC(=O)/C(C#N)=C/c1cn(CC(=O)Nc2cccc(OC)c2)c2ccccc12,5320.0,COC(=O)/C(C#N)=C/c1cn(CC(=O)Nc2cccc(OC)c2)c2ccccc12,5.274088367704952,GOQXHMPUSQNADT-XNTDXEJSSA-N
CHEMBL1877038,O=C(c1ccccc1)c1ccc(OCC(O)CN2CCOCC2)cc1,5320.0,O=C(c1ccccc1)c1ccc(OCC(O)CN2CCOCC2)cc1,5.274088367704952,BCPQCLLMYITYLC-UHFFFAOYSA-N
CHEMBL4762956,N#Cc1ccc(Nc2cc(Nc3ccccc3)nc(-c3ccccc3)n2)cc1,5380.0,N#Cc1ccc(Nc2cc(Nc3ccccc3)nc(-c3ccccc3)n2)cc1,5.269217724333611,BWYHEQPPVBBSPR-UHFFFAOYSA-N
CHEMBL288124,CCCCCCC[C@H]1OC(=O)C[C@H](OCOC)[C@H](Cc2ccccc2)N(C)C(=O)[C@H](C(C)C)OC(=O)[C@H]1C,5400.0,CCCCCCC[C@H]1OC(=O)C[C@H](OCOC)[C@H](Cc2ccccc2)N(C)C(=O)[C@H](C(C)C)OC(=O)[C@H]1C,5.267606240177032,STAAVYLOHNGUFX-NPNDYVEYSA-N
CHEMBL4741738,N#Cc1ccc(Nc2cc(NCc3cccnc3)nc(-c3ccccc3)n2)cc1,5410.0,N#Cc1ccc(Nc2cc(NCc3cccnc3)nc(-c3ccccc3)n2)cc1,5.266802734893431,RRKKLAAOYSPQEP-UHFFFAOYSA-N
CHEMBL2331715,COCCOCCOCCOc1cc2c(cc1OC)CCN(CCc1ccc(-c3ccc(C(=O)OC)c(NC(=O)c4ccc5ccccc5n4)c3)cc1)C2,5420.0,COCCOCCOCCOc1cc2c(cc1OC)CCN(CCc1ccc(-c3ccc(C(=O)OC)c(NC(=O)c4ccc5ccccc5n4)c3)cc1)C2,5.266000713461613,JFTHETYASCLEPQ-UHFFFAOYSA-N
CHEMBL4090505,COc1cccc(Nc2nc(-c3ccncc3)nc3ccccc23)c1,5430.0,COc1cccc(Nc2nc(-c3ccncc3)nc3ccccc23)c1,5.265200170411153,KAENFKKOUQCPPE-UHFFFAOYSA-N
CHEMBL4540332,COc1ccc(-c2c(OCC(=O)Nc3cccc4ccccc34)oc3ccccc3c2=O)cc1OC,5430.0,COc1ccc(-c2c(OCC(=O)Nc3cccc4ccccc34)oc3ccccc3c2=O)cc1OC,5.265200170411153,XHPZUDHNRXYEOQ-UHFFFAOYSA-N
CHEMBL3883987,COc1ccc(C(=O)Nc2ccccc2-c2nnn(-c3ccccc3)n2)cc1,5470.0,COc1ccc(C(=O)Nc2ccccc2-c2nnn(-c3ccccc3)n2)cc1,5.262012673666569,LOASXRXGWPKWPM-UHFFFAOYSA-N
CHEMBL3809533,COc1cccc(/C=C/C(=O)c2ccc(Nc3ncnc4ccccc34)cc2)c1,5570.0,COc1cccc(/C=C/C(=O)c2ccc(Nc3ncnc4ccccc34)cc2)c1,5.254144804826271,OIZHHNGXBUBAGQ-NTEUORMPSA-N
CHEMBL40037,CCCCCCC[C@H]1OC(=O)C[C@H](OCOC)[C@H](Cc2ccccc2)N(C)C(=O)C(C)(C)OC(=O)[C@H]1C,5600.0,CCCCCCC[C@H]1OC(=O)C[C@H](OCOC)[C@H](Cc2ccccc2)N(C)C(=O)C(C)(C)OC(=O)[C@H]1C,5.251811972993799,KNTPFGSYNKRFMD-CGBRIMPHSA-N
CHEMBL2372457,CCC[C@@H]1NC(=O)[C@H](CC(C)C)N(C)C(=O)[C@H](C(C)C)N(C)C(=O)[C@H](CC(C)C)N(C)C(=O)[C@H](CC(C)C)N(C)C(=O)[C@@H](C)NC(=O)[C@H](C)NC(=O)[C@@H](CC(C)C)N(C)C(=O)[C@H](C(C)C)NC(=O)[C@@H](CC(C)C)N(C)C(=O)CN(C)C1=O,5600.0,CCC[C@@H]1NC(=O)[C@H](CC(C)C)N(C)C(=O)[C@H](C(C)C)N(C)C(=O)[C@H](CC(C)C)N(C)C(=O)[C@H](CC(C)C)N(C)C(=O)[C@@H](C)NC(=O)[C@H](C)NC(=O)[C@@H](CC(C)C)N(C)C(=O)[C@H](C(C)C)NC(=O)[C@@H](CC(C)C)N(C)C(=O)CN(C)C1=O,5.251811972993799,NLGBWFHSHJPDQX-PASYTOIYSA-N
CHEMBL27861,N#Cc1c2n(c3c(N4CCN(CCc5c[nH]c6ccccc56)CC4)ncnc13)CCCC2,5620.0,N#Cc1c2n(c3c(N4CCN(CCc5c[nH]c6ccccc56)CC4)ncnc13)CCCC2,5.250263684430939,FMKRSOMSQRDCJI-UHFFFAOYSA-N
CHEMBL2372485,C/C=C/C[C@@H](C)[C@@H](O)[C@H]1C(=O)N[C@@H](CC)C(=O)N(C)CC(=O)N(C)[C@H](CC(C)C)C(=O)N[C@H](C(C)C)C(=O)N(C)[C@H](CC(C)C)C(=O)N[C@@H](C)C(=O)N[C@H](C)C(=O)N(C)[C@@H](CC(C)C)C(=O)N[C@@H](CC(C)C)C(=O)N(C)[C@@H](C(C)C)C(=O)N1C,5700.0,C/C=C/C[C@@H](C)[C@@H](O)[C@H]1C(=O)N[C@@H](CC)C(=O)N(C)CC(=O)N(C)[C@H](CC(C)C)C(=O)N[C@H](C(C)C)C(=O)N(C)[C@H](CC(C)C)C(=O)N[C@@H](C)C(=O)N[C@H](C)C(=O)N(C)[C@@H](CC(C)C)C(=O)N[C@@H](CC(C)C)C(=O)N(C)[C@@H](C(C)C)C(=O)N1C,5.2441251443275085,NPEONIHYDZZZGH-FAYQIQJBSA-N
CHEMBL290432,CCCCCCC[C@H]1OC(=O)C[C@H](O)[C@H](Cc2ccccc2)N(C)C(=O)[C@H](C(C)C)OC(=O)[C@H]1C,5700.0,CCCCCCC[C@H]1OC(=O)C[C@H](O)[C@H](Cc2ccccc2)N(C)C(=O)[C@H](C(C)C)OC(=O)[C@H]1C,5.2441251443275085,NJNAHFYVTBZQHU-GICWPUQQSA-N
CHEMBL726,OCCN1CCN(CCCN2c3ccccc3Sc3ccc(C(F)(F)F)cc32)CC1,5700.0,OCCN1CCN(CCCN2c3ccccc3Sc3ccc(C(F)(F)F)cc32)CC1,5.2441251443275085,PLDUPXSUYLZYBN-UHFFFAOYSA-N
CHEMBL5271240,N#Cc1c2n(c3c(N4CCN(Cc5ccc6c(c5)OCO6)CC4)ncnc13)CCCCC2,5710.0,N#Cc1c2n(c3c(N4CCN(Cc5ccc6c(c5)OCO6)CC4)ncnc13)CCCCC2,5.243363891754152,AEQOQBBHDZTQQV-UHFFFAOYSA-N
CHEMBL209166,COc1ccc(CCN(C)CCCN2C(=O)C3C4c5ccccc5C(c5ccccc54)C3C2=O)cc1OC,5720.0,COc1ccc(CCN(C)CCCN2C(=O)C3C4c5ccccc5C(c5ccccc54)C3C2=O)cc1OC,5.242603971206976,HQDHRIMGPIZFQT-UHFFFAOYSA-N
CHEMBL4847796,Cn1cc(-c2noc(-c3cc(Nc4ccccc4)ncn3)n2)c2ccccc21,5750.0,Cn1cc(-c2noc(-c3cc(Nc4ccccc4)ncn3)n2)c2ccccc21,5.2403321553103694,NVVORLJXVCQAMZ-UHFFFAOYSA-N
CHEMBL1790677,CC[C@H](C)[C@@H]1NC(=O)[C@@H]2CCCN2C(=O)[C@@H](C)N(C)C(=O)[C@H](Cc2ccc(O)cc2)NC(=O)[C@H](C(C)C)N(C)C(=O)[C@@H]([C@@H](C)CC)OC(=O)[C@H](C(C)(C)O)N(C)C(=O)[C@H](CC(C)C)NC(=O)[C@H](C(C)C)N(C)C1=O,5770.0,CC[C@H](C)[C@@H]1NC(=O)[C@@H]2CCCN2C(=O)[C@@H](C)N(C)C(=O)[C@H](Cc2ccc(O)cc2)NC(=O)[C@H](C(C)C)N(C)C(=O)[C@@H]([C@@H](C)CC)OC(=O)[C@H](C(C)(C)O)N(C)C(=O)[C@H](CC(C)C)NC(=O)[C@H](C(C)C)N(C)C1=O,5.238824186844268,HVKRDVWLTZLNHZ-MIJUZMFWSA-N
CHEMBL516334,COc1cccc(CCc2ccccc2OCCCCN2CCN(c3ccccc3OC)CC2)c1,5800.0,COc1cccc(CCc2ccccc2OCCCCN2CCN(c3ccccc3OC)CC2)c1,5.236572006437063,HPZUBMVVAGACEL-UHFFFAOYSA-N
CHEMBL290049,CCCCCCC[C@H]1OC(=O)C[C@@H](O)[C@H](Cc2ccccc2)N(C)C(=O)COC(=O)[C@H]1C,5800.0,CCCCCCC[C@H]1OC(=O)C[C@@H](O)[C@H](Cc2ccccc2)N(C)C(=O)COC(=O)[C@H]1C,5.236572006437063,BLMHSWGWEUOGCI-VXSCBNMQSA-N
CHEMBL2311090,CCCCCCC[C@H]1OC(=O)CC(O)[C@H](Cc2ccccc2)N(C)C(=O)[C@H](C(C)C)OC(=O)[C@H]1C,5800.0,CCCCCCC[C@H]1OC(=O)CC(O)[C@H](Cc2ccccc2)N(C)C(=O)[C@H](C(C)C)OC(=O)[C@H]1C,5.236572006437063,NJNAHFYVTBZQHU-YMVSWQSCSA-N
CHEMBL2369616,CC[C@H](C)[C@@H]1NC(=O)[C@@H]2CCCN2C(=O)[C@H](Cc2ccccc2)N(C)C(=O)[C@H](C2CCCCC2)NC(=O)[C@H](C(C)C)N(C)C(=O)[C@@H]([C@@H](C)CC)OC(=O)[C@H](C(C)(C)O)N(C)C(=O)[C@H](CC(C)C)NC(=O)[C@H](C(C)C)N(C)C1=O,5880.0,CC[C@H](C)[C@@H]1NC(=O)[C@@H]2CCCN2C(=O)[C@H](Cc2ccccc2)N(C)C(=O)[C@H](C2CCCCC2)NC(=O)[C@H](C(C)C)N(C)C(=O)[C@@H]([C@@H](C)CC)OC(=O)[C@H](C(C)(C)O)N(C)C(=O)[C@H](CC(C)C)NC(=O)[C@H](C(C)C)N(C)C1=O,5.230622673923861,CFSVXJIFWLIWRG-CIVZPHJOSA-N
CHEMBL39969,CCCCCCC[C@H]1OC(=O)C[C@@H](OCOC)[C@H](Cc2ccccc2)N(C)C(=O)[C@H](C)OC(=O)[C@H]1C,5900.0,CCCCCCC[C@H]1OC(=O)C[C@@H](OCOC)[C@H](Cc2ccccc2)N(C)C(=O)[C@H](C)OC(=O)[C@H]1C,5.229147988357856,PPKAEAOAOBQBQA-LYIXCCSJSA-N
CHEMBL4799327,CCCNc1cc(Nc2ccc(C#N)cc2)nc(-c2ccccc2)n1,5900.0,CCCNc1cc(Nc2ccc(C#N)cc2)nc(-c2ccccc2)n1,5.229147988357856,XGKXFPDFYZPOER-UHFFFAOYSA-N
CHEMBL4210844,O=C(Nc1ccccc1-c1nnn(-c2ccccc2)n1)c1ccccn1,5910.0,O=C(Nc1ccccc1-c1nnn(-c2ccccc2)n1)c1ccccn1,5.228412519118745,UNVQQOFUNSWTBX-UHFFFAOYSA-N
CHEMBL4748953,Cc1cc(Nc2cccc(Cl)c2)nc(-c2ccccc2)n1,5920.0,Cc1cc(Nc2cccc(Cl)c2)nc(-c2ccccc2)n1,5.22767829327708,CTRFGLIOSOSMKH-UHFFFAOYSA-N
CHEMBL5083721,CC(=O)N1C[C@H](Cc2ccccc2)N(C(=O)/C=C/c2ccccc2)C[C@@H]1Cc1ccccc1,5970.0,CC(=O)N1C[C@H](Cc2ccccc2)N(C(=O)/C=C/c2ccccc2)C[C@@H]1Cc1ccccc1,5.224025668870631,PNMSMSANEQJFBF-VCMDODSVSA-N
CHEMBL2331716,COCCOCCOCCOc1cc2c(cc1OCCOCCOCCOC)CN(CCc1ccc(-c3ccc(C(=O)OC)c(NC(=O)c4ccc5ccccc5n4)c3)cc1)CC2,5990.0,COCCOCCOCCOc1cc2c(cc1OCCOCCOCCOC)CN(CCc1ccc(-c3ccc(C(=O)OC)c(NC(=O)c4ccc5ccccc5n4)c3)cc1)CC2,5.2225731776106885,KBOPYIFJKAZTPU-UHFFFAOYSA-N
CHEMBL40070,CCCCCCC[C@H]1OC(=O)CC[C@H](Cc2ccccc2)N(C)C(=O)[C@H](C(C)C)OC(=O)[C@H]1C,6000.0,CCCCCCC[C@H]1OC(=O)CC[C@H](Cc2ccccc2)N(C)C(=O)[C@H](C(C)C)OC(=O)[C@H]1C,5.221848749616356,VHUIPQJPOUPXDB-PFHLPCBSSA-N
CHEMBL2372505,C/C=C/C[C@@H](C)[C@@H](O)[C@H]1C(=O)N[C@@H]([C@@H](C)O)C(=O)N(C)CC(=O)N(C)[C@H](CC(C)C)C(=O)N[C@@H](CC(C)C)C(=O)N(C)[C@H](CC(C)C)C(=O)N[C@@H](C)C(=O)N[C@H](C)C(=O)N(C)[C@@H](CC(C)C)C(=O)N[C@@H](CC(C)C)C(=O)N(C)[C@@H](C(C)C)C(=O)N1C,6000.0,C/C=C/C[C@@H](C)[C@@H](O)[C@H]1C(=O)N[C@@H]([C@@H](C)O)C(=O)N(C)CC(=O)N(C)[C@H](CC(C)C)C(=O)N[C@@H](CC(C)C)C(=O)N(C)[C@H](CC(C)C)C(=O)N[C@@H](C)C(=O)N[C@H](C)C(=O)N(C)[C@@H](CC(C)C)C(=O)N[C@@H](CC(C)C)C(=O)N(C)[C@@H](C(C)C)C(=O)N1C,5.221848749616356,RXQFIJPCAOCJDB-OCGWQCRQSA-N
CHEMBL38932,CCCCCCC[C@@H]1CC(=O)O[C@@H](C(C)C)C(=O)N(C)[C@@H](Cc2ccccc2)[C@H](OCOC)CC(=O)O1,6000.0,CCCCCCC[C@@H]1CC(=O)O[C@@H](C(C)C)C(=O)N(C)[C@@H](Cc2ccccc2)[C@H](OCOC)CC(=O)O1,5.221848749616356,XGNUNLFFZAYAOG-JHXDXHAQSA-N
CHEMBL446339,COc1ccc(C(=O)Nc2ccc(CCN3CCc4cc(OC)c(OC)cc4C3)cc2)cc1NC(=O)c1cnc2ccccc2c1,6000.0,COc1ccc(C(=O)Nc2ccc(CCN3CCc4cc(OC)c(OC)cc4C3)cc2)cc1NC(=O)c1cnc2ccccc2c1,5.221848749616356,YMPHEXNZJFTXKP-UHFFFAOYSA-N
CHEMBL40333,CCCCCCC[C@H]1OC(=O)C[C@@H](OCOC)[C@H](Cc2ccccc2)N(C)C(=O)[C@H](C(C)C)OC(=O)[C@H]1C,6100.0,CCCCCCC[C@H]1OC(=O)C[C@@H](OCOC)[C@H](Cc2ccccc2)N(C)C(=O)[C@H](C(C)C)OC(=O)[C@H]1C,5.214670164989233,STAAVYLOHNGUFX-ZNKMBPQTSA-N
CHEMBL2042907,C=C[C@H]1CN2CC[C@H]1C[C@H]2[C@H](OC(=O)CCc1cn(CCC(=O)O[C@H](c2ccnc3ccc(OC)cc23)[C@@H]2C[C@@H]3CCN2C[C@@H]3C=C)nn1)c1ccnc2ccc(OC)cc12,6100.0,C=C[C@H]1CN2CC[C@H]1C[C@H]2[C@H](OC(=O)CCc1cn(CCC(=O)O[C@H](c2ccnc3ccc(OC)cc23)[C@@H]2C[C@@H]3CCN2C[C@@H]3C=C)nn1)c1ccnc2ccc(OC)cc12,5.214670164989233,PXWRVMJCLMQWGL-GQMBCZITSA-N
CHEMBL5094880,COc1cc(C[C@H]2CN(C(=O)c3ccccc3)[C@@H](Cc3cc(OC)c4c(c3)OCO4)CN2C(C)=O)cc2c1OCO2,6100.0,COc1cc(C[C@H]2CN(C(=O)c3ccccc3)[C@@H](Cc3cc(OC)c4c(c3)OCO4)CN2C(C)=O)cc2c1OCO2,5.214670164989233,WGLUNTQUGKWTGZ-ZEQRLZLVSA-N
CHEMBL5081474,COc1cc(C[C@H]2CN(C(C)=O)[C@@H](Cc3ccccc3)CN2C(=O)c2ccncc2)cc2c1OCO2,6180.0,COc1cc(C[C@H]2CN(C(C)=O)[C@@H](Cc3ccccc3)CN2C(=O)c2ccncc2)cc2c1OCO2,5.209011524911184,SXKSZLGENIZSRU-ZEQRLZLVSA-N
CHEMBL8097,CCCCCCC[C@H]1OC(=O)C[C@@H](O)[C@H](Cc2ccccc2)N(C)C(=O)[C@H](C)OC(=O)[C@H]1C,6200.0,CCCCCCC[C@H]1OC(=O)C[C@@H](O)[C@H](Cc2ccccc2)N(C)C(=O)[C@H](C)OC(=O)[C@H]1C,5.207608310501746,LMKYKYILQNHPKH-PXVQWCDCSA-N
CHEMBL2042908,C=C[C@H]1CN2CC[C@H]1C[C@H]2[C@H](OC(=O)CCCCn1cc(CCC(=O)O[C@H](c2ccnc3ccc(OC)cc23)[C@@H]2C[C@@H]3CCN2C[C@@H]3C=C)nn1)c1ccnc2ccc(OC)cc12,6200.0,C=C[C@H]1CN2CC[C@H]1C[C@H]2[C@H](OC(=O)CCCCn1cc(CCC(=O)O[C@H](c2ccnc3ccc(OC)cc23)[C@@H]2C[C@@H]3CCN2C[C@@H]3C=C)nn1)c1ccnc2ccc(OC)cc12,5.207608310501746,MORSRMAWLVLXCR-CKWWQMTDSA-N
CHEMBL35924,CCCCCCC[C@@H]1CC(=O)O[C@@H](C(C)C)C(=O)N(C)[C@@H](Cc2ccccc2)[C@H](O)CC(=O)O1,6200.0,CCCCCCC[C@@H]1CC(=O)O[C@@H](C(C)C)C(=O)N(C)[C@@H](Cc2ccccc2)[C@H](O)CC(=O)O1,5.207608310501746,OKLJLJXFMBXPDZ-VUMQFKOGSA-N
CHEMBL4542075,COc1cccc(C2c3[nH]c4ccccc4c3CCN2C(=O)c2ccccc2)c1,6220.0,COc1cccc(C2c3[nH]c4ccccc4c3CCN2C(=O)c2ccccc2)c1,5.206209615309182,HBFNBIUDWKZWTH-UHFFFAOYSA-N
CHEMBL4064416,CCCCc1ccc(NC(=O)c2ccccc2OCc2cn(CCN3CCc4cc(OC)c(OC)cc4C3)nn2)cc1,6250.0,CCCCc1ccc(NC(=O)c2ccccc2OCc2cn(CCN3CCc4cc(OC)c(OC)cc4C3)nn2)cc1,5.204119982655925,FTZADRGBFCIRLX-UHFFFAOYSA-N
CHEMBL4468988,COc1cc(OC)c(C(=O)/C=C/c2cccc(C(F)(F)F)c2)c(O)c1CC=C(C)C,6260.0,COc1cc(OC)c(C(=O)/C=C/c2cccc(C(F)(F)F)c2)c(O)c1CC=C(C)C,5.20342566678957,XDYYLDQDOVYZIJ-PKNBQFBNSA-N
CHEMBL575072,COc1ccc(-c2oc3cc(O)ccc3c(=O)c2O)cc1OC,6300.0,COc1ccc(-c2oc3cc(O)ccc3c(=O)c2O)cc1OC,5.200659450546418,LTSJJOKAWSCMBC-UHFFFAOYSA-N
CHEMBL4082677,COc1ccc(Nc2nc(-c3ccccn3)nc3ccccc23)cc1OC,6300.0,COc1ccc(Nc2nc(-c3ccccn3)nc3ccccc23)cc1OC,5.200659450546418,BZRLWWMWBRGZLP-UHFFFAOYSA-N
CHEMBL422,CN1CCN(CCCN2c3ccccc3Sc3ccc(C(F)(F)F)cc32)CC1,6300.0,CN1CCN(CCCN2c3ccccc3Sc3ccc(C(F)(F)F)cc32)CC1,5.200659450546418,ZEWQUBUPAILYHI-UHFFFAOYSA-N
CHEMBL3344501,C/C=C/C[C@@H](C)[C@@H](O)[C@H]1C(=O)N[C@@H](CC)C(=O)N(C)[C@H](C)C(=O)N(C)[C@@H]([C@@H](C)CN2CCN(CCOC)CC2)C(=O)N[C@@H](C(C)C)C(=O)N(C)[C@@H](CC(C)C)C(=O)N[C@@H](C)C(=O)N[C@H](C)C(=O)N(C)[C@@H](CC(C)C)C(=O)N(C)[C@@H](CC(C)C)C(=O)N(C)[C@@H](C(C)C)C(=O)N1C,6300.0,C/C=C/C[C@@H](C)[C@@H](O)[C@H]1C(=O)N[C@@H](CC)C(=O)N(C)[C@H](C)C(=O)N(C)[C@@H]([C@@H](C)CN2CCN(CCOC)CC2)C(=O)N[C@@H](C(C)C)C(=O)N(C)[C@@H](CC(C)C)C(=O)N[C@@H](C)C(=O)N[C@H](C)C(=O)N(C)[C@@H](CC(C)C)C(=O)N(C)[C@@H](CC(C)C)C(=O)N(C)[C@@H](C(C)C)C(=O)N1C,5.200659450546418,KQZKQPCMHFSLEK-ZXVPZRJPSA-N
CHEMBL5205605,O=C(NCc1cccc(OC(F)(F)F)c1)c1nn(-c2ccc(Cl)cc2)c(=O)c2ccccc12,6350.0,O=C(NCc1cccc(OC(F)(F)F)c1)c1nn(-c2ccc(Cl)cc2)c(=O)c2ccccc12,5.197226274708024,XDTWSVCCHOKGRX-UHFFFAOYSA-N
CHEMBL1445052,COC(=O)c1cccc(Nc2nc(-c3ccncc3)nc3ccccc23)c1,6370.0,COC(=O)c1cccc(Nc2nc(-c3ccncc3)nc3ccccc23)c1,5.195860567664649,ASQQSYXQQGXDBY-UHFFFAOYSA-N
CHEMBL2372466,CC/C=C/C[C@@H](C)[C@@H](O)[C@H]1C(=O)N[C@@H](CC)C(=O)N(C)CC(=O)N(C)[C@@H]([C@@H](C)CC)C(=O)N[C@H](C(C)C)C(=O)N(C)[C@H](CC(C)C)C(=O)N[C@@H](C)C(=O)N[C@H](C)C(=O)N(C)[C@@H](CC(C)C)C(=O)N(C)[C@@H](CC(C)C)C(=O)N(C)[C@@H](C(C)C)C(=O)N1C,6400.0,CC/C=C/C[C@@H](C)[C@@H](O)[C@H]1C(=O)N[C@@H](CC)C(=O)N(C)CC(=O)N(C)[C@@H]([C@@H](C)CC)C(=O)N[C@H](C(C)C)C(=O)N(C)[C@H](CC(C)C)C(=O)N[C@@H](C)C(=O)N[C@H](C)C(=O)N(C)[C@@H](CC(C)C)C(=O)N(C)[C@@H](CC(C)C)C(=O)N(C)[C@@H](C(C)C)C(=O)N1C,5.1938200260161125,NRBCQRWZDRFLLR-XULUQCDHSA-N
CHEMBL83,CC/C(=C(\c1ccccc1)c1ccc(OCCN(C)C)cc1)c1ccccc1,6400.0,CC/C(=C(\c1ccccc1)c1ccc(OCCN(C)C)cc1)c1ccccc1,5.1938200260161125,NKANXQFJJICGDU-QPLCGJKRSA-N
CHEMBL4782268,CC(C)Nc1cc(Nc2ccc(C#N)cc2)nc(-c2ccccc2)n1,6420.0,CC(C)Nc1cc(Nc2ccc(C#N)cc2)nc(-c2ccccc2)n1,5.192464971931146,RNBXLCRABMMMPB-UHFFFAOYSA-N
CHEMBL5070329,COc1cc(C[C@H]2CN(C(C)=O)[C@@H](Cc3ccccc3)CN2C(=O)/C=C/c2ccccc2)cc2c1OCO2,6440.0,COc1cc(C[C@H]2CN(C(C)=O)[C@@H](Cc3ccccc3)CN2C(=O)/C=C/c2ccccc2)cc2c1OCO2,5.1911141326401875,RVLALFABWNVGIS-HKRYAFHYSA-N
CHEMBL5086400,COc1cc(C[C@H]2CN3C(=O)/C(=C/c4ccc(O)cc4)[C@H](c4cc(OC)c5c(c4)OCO5)[C@H]3CN2C(C)=O)cc2c1OCO2,6450.0,COc1cc(C[C@H]2CN3C(=O)/C(=C/c4ccc(O)cc4)[C@H](c4cc(OC)c5c(c4)OCO5)[C@H]3CN2C(C)=O)cc2c1OCO2,5.1904402853647325,UEIOXZDBQQSQDW-GXPRVEJISA-N
CHEMBL12713,O=C1NCCN1CCN1CCC(c2cn(-c3ccc(F)cc3)c3ccc(Cl)cc23)CC1,6500.0,O=C1NCCN1CCN1CCC(c2cn(-c3ccc(F)cc3)c3ccc(Cl)cc23)CC1,5.187086643357144,GZKLJWGUPQBVJQ-UHFFFAOYSA-N
CHEMBL596,CCC(=O)N(c1ccccc1)C1CCN(CCc2ccccc2)CC1,6500.0,CCC(=O)N(c1ccccc1)C1CCN(CCc2ccccc2)CC1,5.187086643357144,PJMPHNIQZUBGLI-UHFFFAOYSA-N
CHEMBL3263828,COc1cc(NC(=O)c2csc([C@@H](NC(=O)c3csc([C@@H](NC(=O)OC(C)(C)C)C(C)C)n3)C(C)C)n2)cc(OC)c1OC,6500.0,COc1cc(NC(=O)c2csc([C@@H](NC(=O)c3csc([C@@H](NC(=O)OC(C)(C)C)C(C)C)n3)C(C)C)n2)cc(OC)c1OC,5.187086643357144,SQGNMHONRVFIIQ-GOTSBHOMSA-N
CHEMBL457899,COc1cccc(CCc2ccccc2OCCCN2CCN(c3cccc(C(F)(F)F)c3)CC2)c1,6500.0,COc1cccc(CCc2ccccc2OCCCN2CCN(c3cccc(C(F)(F)F)c3)CC2)c1,5.187086643357144,ZYTBQQBJAVGRKU-UHFFFAOYSA-N
CHEMBL4549558,N#Cc1cccc(C2c3[nH]c4ccccc4c3CCN2C(=O)c2ccccc2)c1,6550.0,N#Cc1cccc(C2c3[nH]c4ccccc4c3CCN2C(=O)c2ccccc2)c1,5.183758700008217,JFYIGAAQIDTDQO-UHFFFAOYSA-N
CHEMBL1323,CC(C)CN(C[C@@H](O)[C@H](Cc1ccccc1)NC(=O)O[C@H]1CO[C@H]2OCC[C@H]21)S(=O)(=O)c1ccc(N)cc1,6600.0,CC(C)CN(C[C@@H](O)[C@H](Cc1ccccc1)NC(=O)O[C@H]1CO[C@H]2OCC[C@H]21)S(=O)(=O)c1ccc(N)cc1,5.180456064458132,CJBJHOAVZSMMDJ-HEXNFIEUSA-N
CHEMBL4783240,CCCCNc1cc(Nc2ccc(C#N)cc2)nc(-c2ccccc2)n1,6620.0,CCCCNc1cc(Nc2ccc(C#N)cc2)nc(-c2ccccc2)n1,5.1791420105603,SFOVBSMHIWSYDL-UHFFFAOYSA-N
CHEMBL4869653,COc1cc2c(cc1OC)CN(CCc1ccc(NC(=O)c3cc(=O)c4cc(F)ccc4o3)cc1)CC2,6620.0,COc1cc2c(cc1OC)CN(CCc1ccc(NC(=O)c3cc(=O)c4cc(F)ccc4o3)cc1)CC2,5.1791420105603,DJMDKZXLYZUKJL-UHFFFAOYSA-N
CHEMBL3317937,COc1cc(C(=O)N(C)c2ccc(-c3cccnc3)cc2F)cc(OC)c1OC,6660.0,COc1cc(C(=O)N(C)c2ccc(-c3cccnc3)cc2F)cc(OC)c1OC,5.176525770829699,BOSTUWJUUIFRJM-UHFFFAOYSA-N
CHEMBL4852792,COc1cccc(-c2ccc(C(=O)N3CCc4cc(OC)c(OC)cc4C3)o2)c1,6700.0,COc1cccc(-c2ccc(C(=O)N3CCc4cc(OC)c(OC)cc4C3)o2)c1,5.173925197299173,YVTVNHCYRAIOSL-UHFFFAOYSA-N
CHEMBL4761715,N#Cc1ccc(Nc2cc(Nc3ccc(C#N)cc3)nc(-c3ccccc3)n2)cc1,6750.0,N#Cc1ccc(Nc2cc(Nc3ccc(C#N)cc3)nc(-c3ccccc3)n2)cc1,5.170696227168975,YHOILFILDYVLOR-UHFFFAOYSA-N
CHEMBL1506885,O=C(NCCCN1CCOCC1)c1cnn2c(-c3ccccc3)cc(-c3ccccc3)nc12,6800.0,O=C(NCCCN1CCOCC1)c1cnn2c(-c3ccccc3)cc(-c3ccccc3)nc12,5.167491087293763,JTRXWCLQFAZHGP-UHFFFAOYSA-N
CHEMBL485719,COc1cccc(CCc2ccccc2OCCCCCN2CCN(C)CC2)c1,6820.0,COc1cccc(CCc2ccccc2OCCCCCN2CCN(C)CC2)c1,5.166215625343521,LLXLPZBGURLCLX-UHFFFAOYSA-N
CHEMBL5082327,COc1cc(/C=C2/C(=O)N3C[C@H](Cc4ccccc4)N(C(C)=O)C[C@@H]3[C@H]2c2cc(OC)c3c(c2)OCO3)ccc1O,6850.0,COc1cc(/C=C2/C(=O)N3C[C@H](Cc4ccccc4)N(C(C)=O)C[C@@H]3[C@H]2c2cc(OC)c3c(c2)OCO3)ccc1O,5.164309428507575,VTNKDZGWTGSJSS-QJRJHIKYSA-N
CHEMBL4852116,COc1cc2c(cc1OC)CN(CCNC(=O)c1ccc(C)c(Nc3nccc(-c4ccccn4)n3)c1)CC2,6900.0,COc1cc2c(cc1OC)CN(CCNC(=O)c1ccc(C)c(Nc3nccc(-c4ccccn4)n3)c1)CC2,5.161150909262744,GARPHPYYLBGAAF-UHFFFAOYSA-N
CHEMBL4092147,COc1cc2c(cc1OC)CN(CCn1cc(COc3ccccc3C(=O)Nc3ccc(Cl)cc3)nn1)CC2,6930.0,COc1cc2c(cc1OC)CN(CCn1cc(COc3ccccc3C(=O)Nc3ccc(Cl)cc3)nn1)CC2,5.159266765388193,QBDZENAQSFTMMG-UHFFFAOYSA-N
CHEMBL5199714,O=C(Nc1ccc(CCN2CCc3ccccc3C2)cc1)c1nn(-c2ccc(Cl)cc2)c(=O)c2ccccc12,6930.0,O=C(Nc1ccc(CCN2CCc3ccccc3C2)cc1)c1nn(-c2ccc(Cl)cc2)c(=O)c2ccccc12,5.159266765388193,ZVQYERDUACENEO-UHFFFAOYSA-N
CHEMBL2372458,CC(C)C[C@@H]1C(=O)N[C@@H](C(C)C)C(=O)N(C)[C@H](CC(C)C)C(=O)N[C@@H](C)C(=O)N[C@H](C)C(=O)N(C)[C@@H](CC(C)C)C(=O)N(C)[C@@H](CC(C)C)C(=O)N(C)[C@@H](C(C)C)C(=O)N(C)[C@@H](CC(C)C)C(=O)N[C@@H](C(C)C)C(=O)N(C)CC(=O)N1C,7000.0,CC(C)C[C@@H]1C(=O)N[C@@H](C(C)C)C(=O)N(C)[C@H](CC(C)C)C(=O)N[C@@H](C)C(=O)N[C@H](C)C(=O)N(C)[C@@H](CC(C)C)C(=O)N(C)[C@@H](CC(C)C)C(=O)N(C)[C@@H](C(C)C)C(=O)N(C)[C@@H](CC(C)C)C(=O)N[C@@H](C(C)C)C(=O)N(C)CC(=O)N1C,5.154901959985743,WGLJIVGIBDNIIT-NOATZLMBSA-N
CHEMBL5085477,COc1cc([C@H]2c3ccccc3C(=O)N3C[C@H](C(=O)c4ccccc4)N(C(C)=O)C[C@H]23)cc(OC)c1O,7050.0,COc1cc([C@H]2c3ccccc3C(=O)N3C[C@H](C(=O)c4ccccc4)N(C(C)=O)C[C@H]23)cc(OC)c1O,5.151810883008602,KYVXWKDZLJERHC-PLXFJCCSSA-N
CHEMBL3810064,COc1ccc(/C=C/C(=O)c2cccc(Nc3ncnc4ccccc34)c2)cc1,7080.0,COc1ccc(/C=C/C(=O)c2cccc(Nc3ncnc4ccccc34)c2)cc1,5.149966742310231,KCHMBCCSUNDHLI-SDNWHVSQSA-N
CHEMBL5082560,CC(=O)N1C[C@H](Cc2ccccc2)N(C(=O)c2ccccc2)C[C@@H]1Cc1ccccc1,7130.0,CC(=O)N1C[C@H](Cc2ccccc2)N(C(=O)c2ccccc2)C[C@@H]1Cc1ccccc1,5.146910470148135,LJBYDUQRBHJYHU-UIOOFZCWSA-N
CHEMBL4763005,Cc1cc(Nc2cccc(Br)c2)nc(-c2ccccc2)n1,7140.0,Cc1cc(Nc2cccc(Br)c2)nc(-c2ccccc2)n1,5.146301788223826,PRMHXYGQIZPAEG-UHFFFAOYSA-N
CHEMBL1944865,COc1cc(C(=O)Nc2ccc(-c3ccccc3)cc2N)cc(OC)c1OC,7200.0,COc1cc(C(=O)Nc2ccc(-c3ccccc3)cc2N)cc(OC)c1OC,5.142667503568732,RZUZXKRDIPKRPF-UHFFFAOYSA-N
CHEMBL1688197,COCCOCO[C@@H]1/C=C\COC(=O)/C=C/[C@@H](OC)[C@@H]2C[C@@H](OC(=O)c3ccccc3)C(C)=C1C2(C)C,7200.0,COCCOCO[C@@H]1/C=C\COC(=O)/C=C/[C@@H](OC)[C@@H]2C[C@@H](OC(=O)c3ccccc3)C(C)=C1C2(C)C,5.142667503568732,PYCBRFWFEGIXFQ-KPNYVVEHSA-N
CHEMBL5092592,COc1cc([C@H]2/C(=C\c3ccc(O)cc3)C(=O)N3C[C@H](Cc4ccccc4)N(C(C)=O)C[C@H]23)cc2c1OCO2,7280.0,COc1cc([C@H]2/C(=C\c3ccc(O)cc3)C(=O)N3C[C@H](Cc4ccccc4)N(C(C)=O)C[C@H]23)cc2c1OCO2,5.137868620686962,IYJRJPRFXWCDJW-MKKQBZRBSA-N
CHEMBL5280385,CCOc1ccc(-n2cc(C#N)c3ncnc(N4CCN(Cc5ccccc5)CC4)c32)cc1,7290.0,CCOc1ccc(-n2cc(C#N)c3ncnc(N4CCN(Cc5ccccc5)CC4)c32)cc1,5.137272471682025,OGPQJQXTBPOZLW-UHFFFAOYSA-N
CHEMBL4471422,C=C1[C@H](OC(=O)c2ccccc2)[C@H]2[C@@H](OC(C)=O)[C@@H](C)C[C@]2(OC(C)=O)C(=O)[C@@H](C)/C=C/C(C)(C)C(=O)[C@H](OC(=O)c2ccccc2)[C@H]1OC(C)=O,7300.0,C=C1[C@H](OC(=O)c2ccccc2)[C@H]2[C@@H](OC(C)=O)[C@@H](C)C[C@]2(OC(C)=O)C(=O)[C@@H](C)/C=C/C(C)(C)C(=O)[C@H](OC(=O)c2ccccc2)[C@H]1OC(C)=O,5.136677139879544,BBRCVBOBMMKRHD-DLDQNYCJSA-N
CHEMBL4757306,COc1ccc(Nc2cc(C)nc(-c3ccccc3)n2)cc1C(F)(F)F,7300.0,COc1ccc(Nc2cc(C)nc(-c3ccccc3)n2)cc1C(F)(F)F,5.136677139879544,OXAJNGNEEZUPQQ-UHFFFAOYSA-N
CHEMBL4550890,COc1ccc(C2c3[nH]c4ccccc4c3CCN2C(=O)c2ccccc2)cc1OC,7330.0,COc1ccc(C2c3[nH]c4ccccc4c3CCN2C(=O)c2ccccc2)cc1OC,5.134896025358872,URHAIHPRBSISPW-UHFFFAOYSA-N
CHEMBL4576040,CC(=O)Nc1ccc(C2c3[nH]c4ccccc4c3CCN2C(=O)c2ccccc2)cc1,7400.0,CC(=O)Nc1ccc(C2c3[nH]c4ccccc4c3CCN2C(=O)c2ccccc2)cc1,5.130768280269024,OGLVKNFLOWCEEQ-UHFFFAOYSA-N
CHEMBL1790692,CC[C@H](C)[C@@H]1NC(=O)CCCCCCCNC(=O)[C@H](C(C)C)N(C)C(=O)[C@@H]([C@@H](C)CC)OC(=O)[C@H](C(C)(C)O)N(C)C(=O)[C@H](CC(C)C)NC(=O)[C@H](C(C)C)N(C)C1=O,7420.0,CC[C@H](C)[C@@H]1NC(=O)CCCCCCCNC(=O)[C@H](C(C)C)N(C)C(=O)[C@@H]([C@@H](C)CC)OC(=O)[C@H](C(C)(C)O)N(C)C(=O)[C@H](CC(C)C)NC(=O)[C@H](C(C)C)N(C)C1=O,5.129596094720973,JHZZQCVXBQGNJC-YUYCYJJGSA-N
CHEMBL290433,COCO[C@@H]1CC(=O)O[C@H](C)[C@H](C)C(=O)O[C@@H](C(C)C)C(=O)N(C)[C@H]1Cc1ccccc1,7500.0,COCO[C@@H]1CC(=O)O[C@H](C)[C@H](C)C(=O)O[C@@H](C(C)C)C(=O)N(C)[C@H]1Cc1ccccc1,5.1249387366083,RUUILPBPMVBRRX-ASTLDXIKSA-N
CHEMBL651,CCC(=O)C(CC(C)N(C)C)(c1ccccc1)c1ccccc1,7500.0,CCC(=O)C(CC(C)N(C)C)(c1ccccc1)c1ccccc1,5.1249387366083,USSIQXCVUWKGNF-UHFFFAOYSA-N
CHEMBL427029,CN1C2C3C4N(C)C5C(C1[C@]5(CO)[C@H]3c1ccccc1)[C@@H](c1ccccc1)[C@@]24CO,7500.0,CN1C2C3C4N(C)C5C(C1[C@]5(CO)[C@H]3c1ccccc1)[C@@H](c1ccccc1)[C@@]24CO,5.1249387366083,WZSQMXOEDSPYOP-HCDYMSSMSA-N
CHEMBL2369624,CC[C@H](C)[C@@H]1NC(=O)[C@@H]2CCCN2C(=O)[C@H](Cc2ccccc2)N(C)C(=O)[C@H](Cc2ccccc2)NC(=O)[C@H](C(C)C)N(C)C(=O)[C@@H]([C@@H](C)CC)OC(=O)[C@H](C(C)(C)O)N(C)C(=O)[C@H](CC(C)C)NC(=O)[C@H](C(C)C)NC1=O,7550.0,CC[C@H](C)[C@@H]1NC(=O)[C@@H]2CCCN2C(=O)[C@H](Cc2ccccc2)N(C)C(=O)[C@H](Cc2ccccc2)NC(=O)[C@H](C(C)C)N(C)C(=O)[C@@H]([C@@H](C)CC)OC(=O)[C@H](C(C)(C)O)N(C)C(=O)[C@H](CC(C)C)NC(=O)[C@H](C(C)C)NC1=O,5.1220530483708115,NYMXEEYDKNDFED-CIVZPHJOSA-N
CHEMBL3809541,COc1cccc(/C=C/C(=O)c2ccc(Nc3ncnc4cc(OC)c(OC)cc34)cc2)c1,7550.0,COc1cccc(/C=C/C(=O)c2ccc(Nc3ncnc4cc(OC)c(OC)cc34)cc2)c1,5.1220530483708115,ZETIIRDYSPAIOH-KPKJPENVSA-N
CHEMBL5170888,C[C@H]1O[C@]2(C)CC(=O)O[C@]2(C)c2c1c(O)c1c3c(c4n(c23)[C@@H]([C@@H](C)O)CC4)C=CC1=O,7580.0,C[C@H]1O[C@]2(C)CC(=O)O[C@]2(C)c2c1c(O)c1c3c(c4n(c23)[C@@H]([C@@H](C)O)CC4)C=CC1=O,5.120330794367947,UABXYBZOZRLKEK-XNGWIOIMSA-N
CHEMBL308954,Cc1cc(C#N)cc(C)c1Oc1nc(Nc2ccc(C#N)cc2)nc(N)c1Br,7600.0,Cc1cc(C#N)cc(C)c1Oc1nc(Nc2ccc(C#N)cc2)nc(N)c1Br,5.119186407719209,PYGWGZALEOIKDF-UHFFFAOYSA-N
CHEMBL5082663,COc1cc(/C=C2/C(=O)N3C[C@H](Cc4cc(OC)c5c(c4)OCO5)N(C(C)=O)C[C@@H]3[C@H]2c2cc(OC)c3c(c2)OCO3)ccc1O,7640.0,COc1cc(/C=C2/C(=O)N3C[C@H](Cc4cc(OC)c5c(c4)OCO5)N(C(C)=O)C[C@@H]3[C@H]2c2cc(OC)c3c(c2)OCO3)ccc1O,5.11690664142431,SGIIYQJPAYJJDV-PALQICBKSA-N
CHEMBL4074079,COc1cc2c(cc1OC)CN(CCn1cc(COc3ccccc3C(=O)Nc3ccc(C)cc3)nn1)CC2,7650.0,COc1cc2c(cc1OC)CN(CCn1cc(COc3ccccc3C(=O)Nc3ccc(C)cc3)nn1)CC2,5.116338564846382,VBZMWGPVWJHSCM-UHFFFAOYSA-N
CHEMBL3426400,COc1ccc(C(=O)Nc2ccccc2-c2nnn(-c3ccccc3OC)n2)cc1,7730.0,COc1ccc(C(=O)Nc2ccccc2-c2nnn(-c3ccccc3OC)n2)cc1,5.111820506081675,QTYHIDADAYBDHC-UHFFFAOYSA-N
CHEMBL4519411,C=C1[C@H](OC(C)=O)[C@H]2[C@@H](OC(=O)c3ccccc3)[C@](C)(O)C[C@]2(O)C(=O)[C@@H](C)/C=C/C(C)(C)C(=O)[C@H](OC(C)=O)[C@H]1OC(=O)c1ccccc1,7800.0,C=C1[C@H](OC(C)=O)[C@H]2[C@@H](OC(=O)c3ccccc3)[C@](C)(O)C[C@]2(O)C(=O)[C@@H](C)/C=C/C(C)(C)C(=O)[C@H](OC(C)=O)[C@H]1OC(=O)c1ccccc1,5.107905397309519,VQZVZUWULBZKGV-KVBWYIDPSA-N
CHEMBL5093549,COc1cc(C[C@H]2CN(C(=O)/C=C/c3ccccc3)[C@@H](Cc3cc(OC)c4c(c3)OCO4)CN2C(C)=O)cc2c1OCO2,7820.0,COc1cc(C[C@H]2CN(C(=O)/C=C/c3ccccc3)[C@@H](Cc3cc(OC)c4c(c3)OCO4)CN2C(C)=O)cc2c1OCO2,5.106793246940152,NDRSITHOPMKCCO-MKRYHERSSA-N
CHEMBL4065461,COc1ccc(NC(=O)c2ccccc2OCc2cn(CCN3CCc4cc(OC)c(OC)cc4C3)nn2)cc1OC,7820.0,COc1ccc(NC(=O)c2ccccc2OCc2cn(CCN3CCc4cc(OC)c(OC)cc4C3)nn2)cc1OC,5.106793246940152,LLOQCTYTKLFIKI-UHFFFAOYSA-N
CHEMBL4449801,COc1cccc(/C=C/C(=O)c2c(OC)cc(OC)c(CC=C(C)C)c2O)c1,7860.0,COc1cccc(/C=C/C(=O)c2c(OC)cc(OC)c(CC=C(C)C)c2O)c1,5.104577453960592,JECFQUSECBXFGR-ZRDIBKRKSA-N
CHEMBL4581843,O=C(c1ccccc1)N1CCc2c([nH]c3ccccc23)C1c1ccccc1,7940.0,O=C(c1ccccc1)N1CCc2c([nH]c3ccccc23)C1c1ccccc1,5.100179497572904,PZQCDTFVPWETSB-UHFFFAOYSA-N
CHEMBL296411,COc1ccc(/C=C/c2cc(OC)cc(OC)c2)cc1,8000.0,COc1ccc(/C=C/c2cc(OC)cc(OC)c2)cc1,5.096910013008056,GDHNBPHYVRHYCC-SNAWJCMRSA-N
CHEMBL2372481,CC[C@@H]1NC(=O)[C@H](CC(C)C)N(C)C(=O)[C@H](C(C)C)N(C)C(=O)[C@H](CC(C)C)N(C)C(=O)[C@H](CC(C)C)N(C)C(=O)[C@@H](C)NC(=O)[C@H](C)NC(=O)[C@@H](CC(C)C)N(C)C(=O)[C@@H](C(C)C)NC(=O)[C@@H](CC(C)C)N(C)C(=O)CN(C)C1=O,8000.0,CC[C@@H]1NC(=O)[C@H](CC(C)C)N(C)C(=O)[C@H](C(C)C)N(C)C(=O)[C@H](CC(C)C)N(C)C(=O)[C@H](CC(C)C)N(C)C(=O)[C@@H](C)NC(=O)[C@H](C)NC(=O)[C@@H](CC(C)C)N(C)C(=O)[C@@H](C(C)C)NC(=O)[C@@H](CC(C)C)N(C)C(=O)CN(C)C1=O,5.096910013008056,JFJHGNWTEKJXNK-CJDKXPMRSA-N
CHEMBL1685072,COC1=C(OC)[C@]2(OC)c3c(OC)c(OC)c4c(c3O[C@@]23O[C@@H](c2ccccc2)CC=C3C1=O)[C@@H](O)C[C@H](c1ccccc1)O4,8000.0,COC1=C(OC)[C@]2(OC)c3c(OC)c(OC)c4c(c3O[C@@]23O[C@@H](c2ccccc2)CC=C3C1=O)[C@@H](O)C[C@H](c1ccccc1)O4,5.096910013008056,CAPJLGPKGOVWIU-YIYLECCTSA-N
CHEMBL4583161,C=C1[C@H](OC(C)=O)[C@H]2[C@@H](OC(=O)c3ccccc3)[C@@H](C)C[C@]2(OC(C)=O)C(=O)[C@@H](C)/C=C/C(C)(C)C(=O)[C@H](OC(C)=O)[C@H]1OC(=O)c1ccccc1,8000.0,C=C1[C@H](OC(C)=O)[C@H]2[C@@H](OC(=O)c3ccccc3)[C@@H](C)C[C@]2(OC(C)=O)C(=O)[C@@H](C)/C=C/C(C)(C)C(=O)[C@H](OC(C)=O)[C@H]1OC(=O)c1ccccc1,5.096910013008056,UFRHFFWBQGUJRF-DLDQNYCJSA-N
CHEMBL1685074,COc1c2c(c3c(c1OC)[C@@]1(OC)C4=C(C(=O)[C@H](OC)[C@@]1(OC)O3)[C@H](OC)C[C@@H](c1ccccc1)O4)[C@H](O)C[C@@H](c1ccccc1)O2,8000.0,COc1c2c(c3c(c1OC)[C@@]1(OC)C4=C(C(=O)[C@H](OC)[C@@]1(OC)O3)[C@H](OC)C[C@@H](c1ccccc1)O4)[C@H](O)C[C@@H](c1ccccc1)O2,5.096910013008056,XIIREHQYOZVJHT-BYJBFDSNSA-N
CHEMBL4448170,COc1ccc(Nc2nc(-c3ccc[nH]3)nc3ccccc23)cc1,8030.0,COc1ccc(Nc2nc(-c3ccc[nH]3)nc3ccccc23)cc1,5.095284454721319,YJHNRAMBIDBLJQ-UHFFFAOYSA-N
CHEMBL2372476,CC[C@@H]1NC(=O)[C@H](CC2CCCCC2)N(C)C(=O)[C@H](C(C)C)N(C)C(=O)[C@H](CC(C)C)N(C)C(=O)[C@H](CC(C)C)N(C)C(=O)[C@@H](C)NC(=O)[C@H](C)NC(=O)[C@@H](CC(C)C)N(C)C(=O)[C@@H](C(C)C)NC(=O)[C@@H](CC(C)C)N(C)C(=O)CN(C)C1=O,8100.0,CC[C@@H]1NC(=O)[C@H](CC2CCCCC2)N(C)C(=O)[C@H](C(C)C)N(C)C(=O)[C@H](CC(C)C)N(C)C(=O)[C@H](CC(C)C)N(C)C(=O)[C@@H](C)NC(=O)[C@H](C)NC(=O)[C@@H](CC(C)C)N(C)C(=O)[C@@H](C(C)C)NC(=O)[C@@H](CC(C)C)N(C)C(=O)CN(C)C1=O,5.0915149811213505,OPTOHMIKNVREEU-NWNXXRGOSA-N
CHEMBL3883513,CCCc1ccc(C(=O)Nc2ccccc2-c2nnn(-c3ccccc3)n2)cc1,8140.0,CCCc1ccc(C(=O)Nc2ccccc2-c2nnn(-c3ccccc3)n2)cc1,5.089375595110798,XQZCDMHOPAXVJP-UHFFFAOYSA-N
CHEMBL112570,CC(C)CCC[C@@H](C)[C@H]1CC[C@H]2[C@@H]3CC=C4C[C@@H](O)CC[C@]4(C)[C@H]3CC[C@]12C,8200.0,CC(C)CCC[C@@H](C)[C@H]1CC[C@H]2[C@@H]3CC=C4C[C@@H](O)CC[C@]4(C)[C@H]3CC[C@]12C,5.086186147616283,HVYWMOMLDIMFJA-DPAQBDIFSA-N
CHEMBL3317920,COc1cc(C(=O)Nc2ccc(-c3cccnc3)cn2)cc(OC)c1OC,8210.0,COc1cc(C(=O)Nc2ccc(-c3cccnc3)cn2)cc(OC)c1OC,5.085656842880559,LVLWKJGRNCLKJZ-UHFFFAOYSA-N
CHEMBL4575544,COc1ccc(C(=O)N2CCc3c([nH]c4ccccc34)C2c2ccc(F)c(F)c2)cc1,8240.0,COc1ccc(C(=O)N2CCc3c([nH]c4ccccc34)C2c2ccc(F)c(F)c2)cc1,5.084072788302884,APZUHYITGIWJGL-UHFFFAOYSA-N
CHEMBL3810065,COc1cccc(/C=C/C(=O)c2cccc(Nc3nc(-c4ccc(OC)c(OC)c4)nc4ccccc34)c2)c1,8240.0,COc1cccc(/C=C/C(=O)c2cccc(Nc3nc(-c4ccc(OC)c(OC)c4)nc4ccccc34)c2)c1,5.084072788302884,CFJBJAIYLSCHNF-JQIJEIRASA-N
CHEMBL4102336,COc1cc2c(cc1OC)CN(CCn1cc(COc3ccccc3C(=O)Nc3ccc(F)cc3)nn1)CC2,8290.0,COc1cc2c(cc1OC)CN(CCn1cc(COc3ccccc3C(=O)Nc3ccc(F)cc3)nn1)CC2,5.081445469449727,SUZRIUDERABYTE-UHFFFAOYSA-N
CHEMBL4100840,COc1ccc(NC(=O)c2ccccc2OCc2cn(CCN3CCc4cc(OC)c(OC)cc4C3)nn2)cc1,8380.0,COc1ccc(NC(=O)c2ccccc2OCc2cn(CCN3CCc4cc(OC)c(OC)cc4C3)nn2)cc1,5.076755981369724,HGKPOUOFOGCUGV-UHFFFAOYSA-N
CHEMBL2372461,C/C=C/C[C@@H](C)[C@@H](O)[C@H]1C(=O)N[C@@H]([C@@H](C)O)C(=O)N(C)CC(=O)N(C)[C@H](CC(C)C)C(=O)N[C@@H]([C@@H](C)CC)C(=O)N(C)[C@H](CC(C)C)C(=O)N[C@@H](C)C(=O)N[C@H](C)C(=O)N(C)[C@@H](CC(C)C)C(=O)N(C)[C@@H](CC(C)C)C(=O)N(C)[C@@H](C(C)C)C(=O)N1C,8400.0,C/C=C/C[C@@H](C)[C@@H](O)[C@H]1C(=O)N[C@@H]([C@@H](C)O)C(=O)N(C)CC(=O)N(C)[C@H](CC(C)C)C(=O)N[C@@H]([C@@H](C)CC)C(=O)N(C)[C@H](CC(C)C)C(=O)N[C@@H](C)C(=O)N[C@H](C)C(=O)N(C)[C@@H](CC(C)C)C(=O)N(C)[C@@H](CC(C)C)C(=O)N(C)[C@@H](C(C)C)C(=O)N1C,5.075720713938118,IZUOWPDPGMBNCB-GPOCBZBZSA-N
CHEMBL4856166,COc1cc2c(cc1OC)CN(C(=O)c1ccc(-c3ccc4c(c3)OCO4)o1)CC2,8400.0,COc1cc2c(cc1OC)CN(C(=O)c1ccc(-c3ccc4c(c3)OCO4)o1)CC2,5.075720713938118,PFJROLGBKYJNPU-UHFFFAOYSA-N
CHEMBL429515,COc1cc2c(cc1OC)CN(CCc1ccc(NC(=O)c3ccccc3N)cc1)CC2,8500.0,COc1cc2c(cc1OC)CN(CCc1ccc(NC(=O)c3ccccc3N)cc1)CC2,5.070581074285707,TWOKPTYSAQWXIV-UHFFFAOYSA-N
CHEMBL3233218,COc1ccccc1C(=O)/C=C/c1c(C)cc(C)cc1C,8510.0,COc1ccccc1C(=O)/C=C/c1c(C)cc(C)cc1C,5.070070439915412,CPNAKQQSDZNHAN-MDZDMXLPSA-N
CHEMBL4202709,COc1ccc(C(=O)Nc2ccccc2-c2nnn(-c3ccc(OC)nc3)n2)cc1,8550.0,COc1ccc(C(=O)Nc2ccccc2-c2nnn(-c3ccc(OC)nc3)n2)cc1,5.068033885271827,NKCMBXOIBIVSTB-UHFFFAOYSA-N
CHEMBL4861215,COc1cc(-c2noc(COc3cc(C)nc4cccc(C)c34)n2)cc(OC)c1OC,8590.0,COc1cc(-c2noc(COc3cc(C)nc4cccc(C)c34)n2)cc(OC)c1OC,5.066006836168758,NAPXQVUQYOKUGS-UHFFFAOYSA-N
CHEMBL4071352,COc1cccc(NC(=O)c2ccccc2OCc2cn(CCN3CCc4cc(OC)c(OC)cc4C3)nn2)c1,8730.0,COc1cccc(NC(=O)c2ccccc2OCc2cn(CCN3CCc4cc(OC)c(OC)cc4C3)nn2)c1,5.0589857562944305,GQQAPGUMHVTVGJ-UHFFFAOYSA-N
CHEMBL4521174,O=C(c1ccccc1)N1CCc2c([nH]c3ccccc23)C1c1ccc(F)c(F)c1,8760.0,O=C(c1ccccc1)N1CCc2c([nH]c3ccccc23)C1c1ccc(F)c(F)c1,5.057495893831919,DRYKARSVUQXTQL-UHFFFAOYSA-N
CHEMBL2372468,C/C=C/C[C@@H](C)[C@@H](O)[C@H]1C(=O)N[C@@H](C(C)C)C(=O)N(C)CC(=O)N(C)[C@H](CC(C)C)C(=O)N[C@H](C(C)C)C(=O)N(C)[C@H](CC(C)C)C(=O)N[C@@H](C)C(=O)N[C@H](C)C(=O)N(C)[C@@H](CC(C)C)C(=O)N[C@@H](CC(C)C)C(=O)N(C)[C@@H](C(C)C)C(=O)N1C,8800.0,C/C=C/C[C@@H](C)[C@@H](O)[C@H]1C(=O)N[C@@H](C(C)C)C(=O)N(C)CC(=O)N(C)[C@H](CC(C)C)C(=O)N[C@H](C(C)C)C(=O)N(C)[C@H](CC(C)C)C(=O)N[C@@H](C)C(=O)N[C@H](C)C(=O)N(C)[C@@H](CC(C)C)C(=O)N[C@@H](CC(C)C)C(=O)N(C)[C@@H](C(C)C)C(=O)N1C,5.055517327849831,UYPPEWHLQQUDPM-PNVMGJOXSA-N
CHEMBL2372460,C/C=C/C[C@@H](C)[C@@H](O)[C@H]1C(=O)N[C@@H](CCC)C(=O)N(C)CC(=O)N(C)[C@H](CC(C)C)C(=O)N[C@H](C(C)C)C(=O)N(C)[C@H](CC(C)C)C(=O)N[C@@H](C)C(=O)N[C@H](C)C(=O)N(C)[C@@H](CC(C)C)C(=O)N[C@@H](CC(C)C)C(=O)N(C)[C@@H](C(C)C)C(=O)N1C,8800.0,C/C=C/C[C@@H](C)[C@@H](O)[C@H]1C(=O)N[C@@H](CCC)C(=O)N(C)CC(=O)N(C)[C@H](CC(C)C)C(=O)N[C@H](C(C)C)C(=O)N(C)[C@H](CC(C)C)C(=O)N[C@@H](C)C(=O)N[C@H](C)C(=O)N(C)[C@@H](CC(C)C)C(=O)N[C@@H](CC(C)C)C(=O)N(C)[C@@H](C(C)C)C(=O)N1C,5.055517327849831,GFIHWQCDCTUQOG-JHBCBLOHSA-N
CHEMBL3317926,COc1ccc(C(=O)Nc2ccc(-c3cccnc3)cc2F)cc1OC,8920.0,COc1ccc(C(=O)Nc2ccc(-c3cccnc3)cc2F)cc1OC,5.049635145623877,LRJHUOJFNRPPEF-UHFFFAOYSA-N
CHEMBL1790687,CC[C@H](C)[C@@H]1NC(=O)[C@@H]2CCCN2C(=O)[C@H](Cc2ccccc2)N(C)C(=O)[C@H](Cc2ccccc2)NC(=O)[C@H](C(C)C)N(C)C(=O)[C@@H]([C@@H](C)CC)OC(=O)[C@H](C(C)(C)O)N(C)C(=O)N[C@H](CCC(=O)O)C(=O)NC(=O)[C@H](C(C)C)N(C)C1=O,8960.0,CC[C@H](C)[C@@H]1NC(=O)[C@@H]2CCCN2C(=O)[C@H](Cc2ccccc2)N(C)C(=O)[C@H](Cc2ccccc2)NC(=O)[C@H](C(C)C)N(C)C(=O)[C@@H]([C@@H](C)CC)OC(=O)[C@H](C(C)(C)O)N(C)C(=O)N[C@H](CCC(=O)O)C(=O)NC(=O)[C@H](C(C)C)N(C)C1=O,5.047691990337874,YYXBPQJVIURWFM-XTINZZESSA-N
CHEMBL4785265,COc1ccc(Nc2cc(C)nc(-c3ccccc3)n2)cc1F,8990.0,COc1ccc(Nc2cc(C)nc(-c3ccccc3)n2)cc1F,5.046240308266771,XCIXUNSMHDUYOL-UHFFFAOYSA-N
CHEMBL1064,CCC(C)(C)C(=O)O[C@H]1C[C@@H](C)C=C2C=C[C@H](C)[C@H](CC[C@@H]3C[C@@H](O)CC(=O)O3)[C@H]21,9000.0,CCC(C)(C)C(=O)O[C@H]1C[C@@H](C)C=C2C=C[C@H](C)[C@H](CC[C@@H]3C[C@@H](O)CC(=O)O3)[C@H]21,5.045757490560675,RYMZZMVNJRMUDD-HGQWONQESA-N
CHEMBL5085092,COc1cc(/C=C/C(=O)N2C[C@H](Cc3cc(OC)c4c(c3)OCO4)N(C(C)=O)C[C@@H]2Cc2cc(OC)c3c(c2)OCO3)ccc1O,9070.0,COc1cc(/C=C/C(=O)N2C[C@H](Cc3cc(OC)c4c(c3)OCO4)N(C(C)=O)C[C@@H]2Cc2cc(OC)c3c(c2)OCO3)ccc1O,5.042392712939905,MUFACOOFEYQKDY-CJZHKSBQSA-N
CHEMBL3352974,COc1ccc(-c2ccc(C(=O)N3CCc4cc(OC)c(OC)cc4C3)o2)cc1,9100.0,COc1ccc(-c2ccc(C(=O)N3CCc4cc(OC)c(OC)cc4C3)o2)cc1,5.040958607678906,KXTAZAIAWNTXFO-UHFFFAOYSA-N
CHEMBL3317929,O=C(Nc1ccc(-c2cccnc2)cc1F)c1ccccc1,9200.0,O=C(Nc1ccc(-c2cccnc2)cc1F)c1ccccc1,5.036212172654444,PWZMPZVPDXSUEG-UHFFFAOYSA-N
CHEMBL4549093,CCn1c2c(c3ccccc31)CCN(C(=O)c1ccccc1)C2c1ccccc1,9230.0,CCn1c2c(c3ccccc31)CCN(C(=O)c1ccccc1)C2c1ccccc1,5.034798298974088,XGXFMQLSPAGIME-UHFFFAOYSA-N
CHEMBL259077,Nc1ccccc1C(=O)Nc1ccc(CCN2CCc3ccccc3C2)cc1,9332.54,Nc1ccccc1C(=O)Nc1ccc(CCN2CCc3ccccc3C2)cc1,5.030000139977383,DBQZASGDXHKXJF-UHFFFAOYSA-N
CHEMBL5193004,O=C(Nc1nc2ccccc2[nH]1)c1nn(-c2ccc(Cl)cc2)c(=O)c2ccccc12,9350.0,O=C(Nc1nc2ccccc2[nH]1)c1nn(-c2ccc(Cl)cc2)c(=O)c2ccccc12,5.029188389127482,GGJLMRXWYSCPNW-UHFFFAOYSA-N
CHEMBL4456141,COc1cc(OC)c(C(=O)/C=C/c2cccc(Cl)c2)c(O)c1CC=C(C)C,9390.0,COc1cc(OC)c(C(=O)/C=C/c2cccc(Cl)c2)c(O)c1CC=C(C)C,5.027334407733889,HCJUOZPCSLKOHC-PKNBQFBNSA-N
CHEMBL453536,COC(=O)c1ccc(C(=O)Nc2ccc(CCN3CCc4cc(OC)c(OC)cc4C3)cc2)cc1NC(=O)c1cnc2ccccc2c1,9450.0,COC(=O)c1ccc(C(=O)Nc2ccc(CCN3CCc4cc(OC)c(OC)cc4C3)cc2)cc1NC(=O)c1cnc2ccccc2c1,5.024568191490737,PWYGLERUDMYFDC-UHFFFAOYSA-N
CHEMBL2059399,CC(=O)c1cc(C)ccc1OCC(O)CN1CCN(CC(O)COc2ccccc2C(=O)c2ccccc2)CC1,9480.0,CC(=O)c1cc(C)ccc1OCC(O)CN1CCN(CC(O)COc2ccccc2C(=O)c2ccccc2)CC1,5.023191662661934,OWJOVPIFAIJRFW-UHFFFAOYSA-N
CHEMBL1867679,c1ccc(CN2CCN(c3ncnc4c3[nH]c3ccccc34)CC2)cc1,9490.0,c1ccc(CN2CCN(c3ncnc4c3[nH]c3ccccc34)CC2)cc1,5.022733787572707,CIVUVQAKBYOKIF-UHFFFAOYSA-N
CHEMBL4474979,C=C1[C@H](OC(C)=O)[C@H]2[C@@H](OC(=O)c3ccccc3)[C@@H](C)C[C@]2(OC(C)=O)C(=O)[C@@H](C)/C=C/C(C)(C)C(=O)[C@H](O)[C@H]1OC(=O)c1ccccc1,9500.0,C=C1[C@H](OC(C)=O)[C@H]2[C@@H](OC(=O)c3ccccc3)[C@@H](C)C[C@]2(OC(C)=O)C(=O)[C@@H](C)/C=C/C(C)(C)C(=O)[C@H](O)[C@H]1OC(=O)c1ccccc1,5.022276394711152,OZUPTZLNGMVQKO-SLDWSQBHSA-N
CHEMBL4559337,COc1ccc(C(=O)N2CCc3c([nH]c4ccccc34)C2c2ccccc2)cc1,9550.0,COc1ccc(C(=O)N2CCc3c([nH]c4ccccc34)C2c2ccccc2)cc1,5.019996628416254,UDMGVMZJVDQOGN-UHFFFAOYSA-N
CHEMBL4467454,C=C1[C@H](OC(C)=O)[C@H]2[C@@H](OC(=O)c3ccccc3)[C@@H](C)C[C@]2(OC(C)=O)C(=O)[C@@H](C)/C=C/C(C)(C)C(=O)[C@H](OC(C)=O)[C@H]1OC(C)=O,9600.0,C=C1[C@H](OC(C)=O)[C@H]2[C@@H](OC(=O)c3ccccc3)[C@@H](C)C[C@]2(OC(C)=O)C(=O)[C@@H](C)/C=C/C(C)(C)C(=O)[C@H](OC(C)=O)[C@H]1OC(C)=O,5.017728766960431,RDGMYUPKWFNGGC-PISILSIWSA-N
CHEMBL4862676,COc1cc2c(cc1OC)CN(CCc1ccc(NC(=O)c3cc(=O)c4ccccc4o3)cc1)CC2,9610.0,COc1cc2c(cc1OC)CN(CCc1ccc(NC(=O)c3cc(=O)c4ccccc4o3)cc1)CC2,5.017276612331455,GBHVPHOEUNEQKZ-UHFFFAOYSA-N
CHEMBL28098,N#Cc1c2n(c3c(N4CCN(CCc5ccccc5)CC4)ncnc13)CCCC2,9630.0,N#Cc1c2n(c3c(N4CCN(CCc5ccccc5)CC4)ncnc13)CCCC2,5.016373712875465,WUUUPJQNNUBMKM-UHFFFAOYSA-N
CHEMBL4850552,COc1ccc(-c2ccc(C(=O)N3CCc4cc(OC)c(OC)cc4C3)o2)cc1OC,9700.0,COc1ccc(-c2ccc(C(=O)N3CCc4cc(OC)c(OC)cc4C3)o2)cc1OC,5.013228265733755,WJXIDNYWFVVJCA-UHFFFAOYSA-N
CHEMBL2170687,COc1ccc2c(CC(=O)O)c(C)n(C(=O)c3ccc(Cl)cc3)c2c1,9800.0,COc1ccc2c(CC(=O)O)c(C)n(C(=O)c3ccc(Cl)cc3)c2c1,5.008773924307505,BHDFWIHNHCVURQ-UHFFFAOYSA-N
CHEMBL4473991,C=C1[C@H](OC(=O)c2ccccc2)[C@@H](OC(C)=O)[C@@H](OC(C)=O)C(C)(C)/C=C/[C@H](C)C(=O)[C@@]2(OC(C)=O)C[C@H](C)[C@H](OC(=O)c3ccccc3)[C@@H]2[C@H]1OC(C)=O,9900.0,C=C1[C@H](OC(=O)c2ccccc2)[C@@H](OC(C)=O)[C@@H](OC(C)=O)C(C)(C)/C=C/[C@H](C)C(=O)[C@@]2(OC(C)=O)C[C@H](C)[C@H](OC(=O)c3ccccc3)[C@@H]2[C@H]1OC(C)=O,5.00436480540245,XPTJGPDBFDXBFO-RMAIYOACSA-N
CHEMBL4754405,CCC(=O)c1ccc(-c2cn(-c3ccc(CCN4CCc5cc(OC)c(OC)cc5C4)cc3)nn2)cc1NC(=O)c1cccc(C)n1,9972.0,CCC(=O)c1ccc(-c2cn(-c3ccc(CCN4CCc5cc(OC)c(OC)cc5C4)cc3)nn2)cc1NC(=O)c1cccc(C)n1,5.001217730168264,ZCLDHRSUDWODEG-UHFFFAOYSA-N
CHEMBL4752051,Nc1nc(N2CCC3(CC2)Cc2ncccc2[C@H]3N)cnc1Sc1ccnc(N)c1Cl,10000.0,Nc1nc(N2CCC3(CC2)Cc2ncccc2[C@H]3N)cnc1Sc1ccnc(N)c1Cl,5.0,YFKOUTGKKFPEOH-QGZVFWFLSA-N
CHEMBL4067399,CCOC(=O)c1c(C)nc(C)c(C(=O)OCC)c1-c1c(-c2ccccc2)noc1C,10000.0,CCOC(=O)c1c(C)nc(C)c(C(=O)OCC)c1-c1c(-c2ccccc2)noc1C,5.0,YAJHDFKCHQMQDM-UHFFFAOYSA-N
CHEMBL503,CC[C@H](C)C(=O)O[C@H]1C[C@@H](C)C=C2C=C[C@H](C)[C@H](CC[C@@H]3C[C@@H](O)CC(=O)O3)[C@H]21,10000.0,CC[C@H](C)C(=O)O[C@H]1C[C@@H](C)C=C2C=C[C@H](C)[C@H](CC[C@@H]3C[C@@H](O)CC(=O)O3)[C@H]21,5.0,PCZOHLXUXFIOCF-BXMDZJJMSA-N
CHEMBL458992,COc1cccc(CCc2ccccc2OCCN2CCN(c3ccc(F)cc3)CC2)c1,10000.0,COc1cccc(CCc2ccccc2OCCN2CCN(c3ccc(F)cc3)CC2)c1,5.0,SDSWHYXPIOTKDV-UHFFFAOYSA-N
CHEMBL5619795,Cn1cc(-n2ncc3cc(Cl)c(C4CCN(C5COC5)CC4)cc32)cn1,10000.0,Cn1cc(-n2ncc3cc(Cl)c(C4CCN(C5COC5)CC4)cc32)cn1,5.0,QNTMOHJVKJNXDF-UHFFFAOYSA-N
CHEMBL455275,COC(=O)c1ccc(C(=O)Nc2ccc(CCN3CCc4cc(OC)c(OC)cc4C3)cc2)cc1NC(=O)c1ccc2ncccc2c1,10000.0,COC(=O)c1ccc(C(=O)Nc2ccc(CCN3CCc4cc(OC)c(OC)cc4C3)cc2)cc1NC(=O)c1ccc2ncccc2c1,5.0,WDTJXSRPRRUIIV-UHFFFAOYSA-N
CHEMBL4101015,CCOC(=O)C1=C(C)NC(C)=C(C(=O)OCC)C1c1c(-c2ccccc2Br)noc1C,10000.0,CCOC(=O)C1=C(C)NC(C)=C(C(=O)OCC)C1c1c(-c2ccccc2Br)noc1C,5.0,SAFUGOIRFHJACA-UHFFFAOYSA-N
CHEMBL4084565,CCOC(=O)C1=C(C)NC(C)=C(C(=O)OCc2cn(CCOCCOCCOCCOCCOCCn3cc(COC(=O)C4=C(C)NC(C)=C(C(=O)OCC)C4c4c(-c5ccccc5)noc4C)nn3)nn2)C1c1c(-c2ccccc2)noc1C,10000.0,CCOC(=O)C1=C(C)NC(C)=C(C(=O)OCc2cn(CCOCCOCCOCCOCCOCCn3cc(COC(=O)C4=C(C)NC(C)=C(C(=O)OCC)C4c4c(-c5ccccc5)noc4C)nn3)nn2)C1c1c(-c2ccccc2)noc1C,5.0,BWOFJGLIPMRXRZ-UHFFFAOYSA-N
CHEMBL3884587,COc1ccc(-n2nnc(-c3ccccc3NC(=O)c3ccc(C(F)(F)F)cc3)n2)cc1OC,10200.0,COc1ccc(-n2nnc(-c3ccccc3NC(=O)c3ccc(C(F)(F)F)cc3)n2)cc1OC,4.991399828238082,RNQGKQSSCCGNPY-UHFFFAOYSA-N
CHEMBL4583905,C=C1[C@H](OC(C)=O)[C@H]2[C@@H](OC(=O)CC(C)=O)[C@@H](C)C[C@]2(O)C(=O)[C@@H](C)/C=C/C(C)(C)C(=O)[C@H](OC(C)=O)[C@H]1OC(=O)c1ccccc1,10300.0,C=C1[C@H](OC(C)=O)[C@H]2[C@@H](OC(=O)CC(C)=O)[C@@H](C)C[C@]2(O)C(=O)[C@@H](C)/C=C/C(C)(C)C(=O)[C@H](OC(C)=O)[C@H]1OC(=O)c1ccccc1,4.987162775294828,BHILJQBIKNCKTO-AFHQABNTSA-N
CHEMBL40066,COCO[C@@H]1CC(=O)OC[C@H](C)C(=O)O[C@@H](C(C)C)C(=O)N(C)[C@H]1Cc1ccccc1,10400.0,COCO[C@@H]1CC(=O)OC[C@H](C)C(=O)O[C@@H](C(C)C)C(=O)N(C)[C@H]1Cc1ccccc1,4.982966660701219,ABJHZTBPBIEJNR-ROPHOZQPSA-N
CHEMBL5181831,COc1cc(CNC(=O)c2nn(-c3ccc(Cl)cc3)c(=O)c3ccccc23)cc(OC)c1OC,10410.0,COc1cc(CNC(=O)c2nn(-c3ccc(Cl)cc3)c(=O)c3ccccc23)cc(OC)c1OC,4.982549270489464,KXZHZKWGZRKCJO-UHFFFAOYSA-N
CHEMBL5275978,c1ccc(CCN2CCN(c3ncnc4c3[nH]c3ccccc34)CC2)nc1,10700.0,c1ccc(CCN2CCN(c3ncnc4c3[nH]c3ccccc34)CC2)nc1,4.97061622231479,SAIGSQZFDUKMCV-UHFFFAOYSA-N
CHEMBL4788617,COC(=O)c1ccc(-c2cn(-c3ccc(CN4CCc5cc(OC)c(OC)cc5C4)cc3)nn2)cc1NC(=O)c1ccc2ccccc2n1,10730.0,COC(=O)c1ccc(-c2cn(-c3ccc(CN4CCc5cc(OC)c(OC)cc5C4)cc3)nn2)cc1NC(=O)c1ccc2ccccc2n1,4.9694002780340485,FYCAGRIEHSHDTM-UHFFFAOYSA-N
CHEMBL2331718,COC(=O)c1ccc(-c2ccc(CN3CCc4cc(OC)c(OC)cc4C3)cc2)cc1NC(=O)c1ccc2ncccc2c1,10900.0,COC(=O)c1ccc(-c2ccc(CN3CCc4cc(OC)c(OC)cc4C3)cc2)cc1NC(=O)c1ccc2ncccc2c1,4.962573502059376,OASBKDULVGLJEP-UHFFFAOYSA-N
CHEMBL4860314,Cc1nsc(N2CCCN(Cc3cc4ccccc4nc3N3CCOCC3)CC2)n1,10900.0,Cc1nsc(N2CCCN(Cc3cc4ccccc4nc3N3CCOCC3)CC2)n1,4.962573502059376,GARHYSIXHOTWRK-UHFFFAOYSA-N
CHEMBL4209777,O=C(Nc1ccccc1-c1nnn(-c2ccccc2)n1)C12CC3CC(CC(C3)C1)C2,11000.0,O=C(Nc1ccccc1-c1nnn(-c2ccccc2)n1)C12CC3CC(CC(C3)C1)C2,4.958607314841775,CNMKKLGKUOVNHL-UHFFFAOYSA-N
CHEMBL3426393,COc1ccccc1-n1nnc(-c2ccccc2NC(=O)c2ccc(C(F)(F)F)cc2)n1,11000.0,COc1ccccc1-n1nnc(-c2ccccc2NC(=O)c2ccc(C(F)(F)F)cc2)n1,4.958607314841775,WSVVREJKHFUOCD-UHFFFAOYSA-N
CHEMBL2372464,CC/C=C/C[C@@H](C)[C@@H](O)[C@H]1C(=O)N[C@@H](CC)C(=O)N(C)CC(=O)N(C)[C@@H](C(C)C)C(=O)N[C@H](C(C)C)C(=O)N(C)[C@H](CC(C)C)C(=O)N[C@@H](C)C(=O)N[C@H](C)C(=O)N(C)[C@@H](CC(C)C)C(=O)N(C)[C@@H](CC(C)C)C(=O)N(C)[C@@H](C(C)C)C(=O)N1C,11100.0,CC/C=C/C[C@@H](C)[C@@H](O)[C@H]1C(=O)N[C@@H](CC)C(=O)N(C)CC(=O)N(C)[C@@H](C(C)C)C(=O)N[C@H](C(C)C)C(=O)N(C)[C@H](CC(C)C)C(=O)N[C@@H](C)C(=O)N[C@H](C)C(=O)N(C)[C@@H](CC(C)C)C(=O)N(C)[C@@H](CC(C)C)C(=O)N(C)[C@@H](C(C)C)C(=O)N1C,4.954677021213342,HTAKOGCKAJBTJH-NHTGZYPZSA-N
CHEMBL5266795,CC(=O)c1c(-c2ccc(F)cc2)cn(-c2ccc(C)cc2)c1C,11200.0,CC(=O)c1c(-c2ccc(F)cc2)cn(-c2ccc(C)cc2)c1C,4.950781977329818,ZYEIAXGIGYEYCZ-UHFFFAOYSA-N
CHEMBL4586159,O=C(c1ccccc1)N1CCc2c([nH]c3ccccc23)C1c1ccccc1F,11300.0,O=C(c1ccccc1)N1CCc2c([nH]c3ccccc23)C1c1ccccc1F,4.94692155651658,OQNGHEVWUBCJMX-UHFFFAOYSA-N
CHEMBL998,CCOC(=O)N1CCC(=C2c3ccc(Cl)cc3CCc3cccnc32)CC1,11400.0,CCOC(=O)N1CCC(=C2c3ccc(Cl)cc3CCc3cccnc32)CC1,4.943095148663527,JCCNYMKQOSZNPW-UHFFFAOYSA-N
CHEMBL76447,COc1ccc(-c2cc(=O)c3c(OC)c(OC)c(OC)c(OC)c3o2)cc1OC,11500.0,COc1ccc(-c2cc(=O)c3c(OC)c(OC)c(OC)c(OC)c3o2)cc1OC,4.939302159646388,MRIAQLRQZPPODS-UHFFFAOYSA-N
CHEMBL4210110,COc1cc(/C=C/C(=O)c2cccc(OCC(=O)Nc3ccc4c(c3)COC4=O)c2)cc(OC)c1OC,11700.0,COc1cc(/C=C/C(=O)c2cccc(OCC(=O)Nc3ccc4c(c3)COC4=O)c2)cc(OC)c1OC,4.931814138253838,XCVSZUBQCQESAH-JXMROGBWSA-N
CHEMBL38977,CCCC[C@H]1OC(=O)C[C@H](OCOC)[C@H](Cc2ccccc2)N(C)C(=O)COC(=O)[C@H]1C,11700.0,CCCC[C@H]1OC(=O)C[C@H](OCOC)[C@H](Cc2ccccc2)N(C)C(=O)COC(=O)[C@H]1C,4.931814138253838,HAHGQVNMKLTSCY-WJMWBRGCSA-N
CHEMBL4856561,COc1cc2c(cc1OC)CN(C(=O)c1ccc(-c3ccc(OC(F)(F)F)cc3)o1)CC2,11700.0,COc1cc2c(cc1OC)CN(C(=O)c1ccc(-c3ccc(OC(F)(F)F)cc3)o1)CC2,4.931814138253838,ZCQIPWHHPOQBCP-UHFFFAOYSA-N
CHEMBL3092482,COc1ccc(-c2nc(Nc3cccc(Br)c3)c3ccccc3n2)cc1OC,11760.0,COc1ccc(-c2nc(Nc3cccc(Br)c3)c3ccccc3n2)cc1OC,4.929592678259881,FMKANKXZEZVIRT-UHFFFAOYSA-N
CHEMBL2074921,O=c1c2ccccc2c(Cc2ccc(Cl)cc2)nn1C1CCCNCC1,11800.0,O=c1c2ccccc2c(Cc2ccc(Cl)cc2)nn1C1CCCNCC1,4.928117992693875,WRYCMIFVXDQIKN-UHFFFAOYSA-N
CHEMBL3233491,COc1ccccc1/C=C/C=C/C(=O)c1cc(OC)c(O)c(OC)c1,12000.0,COc1ccccc1/C=C/C=C/C(=O)c1cc(OC)c(O)c(OC)c1,4.920818753952375,PDOLGDIFTPJYCU-GZFKCFCKSA-N
CHEMBL208098,Oc1ccc(-c2ccccc2-c2cc(O)cc(O)c2)cc1,12000.0,Oc1ccc(-c2ccccc2-c2cc(O)cc(O)c2)cc1,4.920818753952375,UGGGRFWZAHTXBI-UHFFFAOYSA-N
CHEMBL521025,COc1cccc(CCc2ccccc2OCCN2CCc3ccccc3C2)c1,12000.0,COc1cccc(CCc2ccccc2OCCN2CCc3ccccc3C2)c1,4.920818753952375,WUPKYOOSVMVCQT-UHFFFAOYSA-N
CHEMBL4516431,COc1ccc(C2c3[nH]c4ccccc4c3CCN2C(=O)c2ccccc2)cc1,12000.0,COc1ccc(C2c3[nH]c4ccccc4c3CCN2C(=O)c2ccccc2)cc1,4.920818753952375,MUYUCUMUFOGWMY-UHFFFAOYSA-N
CHEMBL3984719,COc1cc(C2CC(c3ccc4ccccc4c3)=NN2C(C)=O)cc(Cl)c1OC,12100.0,COc1cc(C2CC(c3ccc4ccccc4c3)=NN2C(C)=O)cc(Cl)c1OC,4.91721462968355,UFZRHSNHCGRLQR-UHFFFAOYSA-N
CHEMBL4075139,COc1cc2c(cc1OC)CN(CCn1cc(COc3ccccc3C(=O)Nc3cccc(C)c3)nn1)CC2,12160.0,COc1cc2c(cc1OC)CN(CCn1cc(COc3ccccc3C(=O)Nc3cccc(C)c3)nn1)CC2,4.915066425063284,FOEUDAXYHUVHEG-UHFFFAOYSA-N
CHEMBL5198002,CN1CCN(c2ccc(NC(=O)c3nn(-c4ccc(Cl)cc4)c(=O)c4ccccc34)cc2)CC1,12280.0,CN1CCN(c2ccc(NC(=O)c3nn(-c4ccc(Cl)cc4)c(=O)c4ccccc34)cc2)CC1,4.910801633194851,NYXWKIBPHYYZHO-UHFFFAOYSA-N
CHEMBL2158551,Brc1cccc(Nc2nc(-c3ccccc3)nc3ccccc23)c1,12380.0,Brc1cccc(Nc2nc(-c3ccccc3)nc3ccccc23)c1,4.907279355315901,DIWOMLNVEBVEHE-UHFFFAOYSA-N
CHEMBL3814102,CC(C)(C)N(NC(=O)c1ccccc1-c1ccccc1)C(=O)c1ccccc1Cl,12500.0,CC(C)(C)N(NC(=O)c1ccccc1-c1ccccc1)C(=O)c1ccccc1Cl,4.903089986991944,KFIUZCHOVCHEJT-UHFFFAOYSA-N
CHEMBL3923932,COc1cc(C2CC(c3ccc4ccccc4c3)=NN2C(C)=O)cc(Br)c1OC,12600.0,COc1cc(C2CC(c3ccc4ccccc4c3)=NN2C(C)=O)cc(Br)c1OC,4.899629454882437,QVILVVZPQRESCR-UHFFFAOYSA-N
CHEMBL4468201,COc1cc(OC)c(C(=O)/C=C/c2cccc(F)c2)c(O)c1CC=C(C)C,12640.0,COc1cc(OC)c(C(=O)/C=C/c2cccc(F)c2)c(O)c1CC=C(C)C,4.898252926053634,PHOQIZHPOBSIIH-PKNBQFBNSA-N
CHEMBL4098216,COc1cccc(Nc2nc(-c3ccccn3)nc3ccccc23)c1,12700.0,COc1cccc(Nc2nc(-c3ccccn3)nc3ccccc23)c1,4.896196279044043,KUGQHLJFHASVHO-UHFFFAOYSA-N
CHEMBL4593846,CC(C)CC1c2[nH]c3ccccc3c2CCN1C(=O)c1ccccc1,12900.0,CC(C)CC1c2[nH]c3ccccc3c2CCN1C(=O)c1ccccc1,4.889410289700751,CXNXVUFJOWJCJJ-UHFFFAOYSA-N
CHEMBL4458180,C=C1[C@H](OC(C)=O)[C@H]2[C@@H](OC(=O)c3ccccc3)[C@](C)(OC(C)=O)C[C@]2(O)C(=O)[C@@H](C)/C=C/C(C)(C)C(=O)[C@H](OC(C)=O)[C@H]1OC(=O)C(C)C,12900.0,C=C1[C@H](OC(C)=O)[C@H]2[C@@H](OC(=O)c3ccccc3)[C@](C)(OC(C)=O)C[C@]2(O)C(=O)[C@@H](C)/C=C/C(C)(C)C(=O)[C@H](OC(C)=O)[C@H]1OC(=O)C(C)C,4.889410289700751,LNVYWYBRLYRTRL-SQYKWSPOSA-N
CHEMBL74898,COc1cc(O)c2c(=O)c(OC)c(-c3ccc(OC)c(O)c3)oc2c1,13000.0,COc1cc(O)c2c(=O)c(OC)c(-c3ccc(OC)c(O)c3)oc2c1,4.886056647693163,KPCRYSMUMBNTCK-UHFFFAOYSA-N
CHEMBL2236206,COc1cc(/C=C/C(=O)c2ccc3ccccc3c2)cc(OC)c1OC,13000.0,COc1cc(/C=C/C(=O)c2ccc3ccccc3c2)cc(OC)c1OC,4.886056647693163,CHKCKZJOXKQZMG-DHZHZOJOSA-N
CHEMBL4454725,C=C1[C@H](OC(C)=O)CC(=O)C(C)(C)/C=C/[C@H](C)C(=O)[C@@]2(OC(C)=O)C[C@H](C)[C@H](OC(=O)c3ccccc3)[C@@H]2[C@H]1OC(C)=O,13100.0,C=C1[C@H](OC(C)=O)CC(=O)C(C)(C)/C=C/[C@H](C)C(=O)[C@@]2(OC(C)=O)C[C@H](C)[C@H](OC(=O)c3ccccc3)[C@@H]2[C@H]1OC(C)=O,4.882728704344236,NMOHUZOZJPXREE-REVJNMIYSA-N
CHEMBL2372459,CC[C@@H]1NC(=O)[C@H](C2CCCCC2C)N(C)C(=O)[C@H](C(C)C)N(C)C(=O)[C@H](CC(C)C)N(C)C(=O)[C@H](CC(C)C)N(C)C(=O)[C@@H](C)NC(=O)[C@@H](C)NC(=O)[C@@H](CC(C)C)N(C)C(=O)[C@@H](C(C)C)NC(=O)[C@@H](CC(C)C)N(C)C(=O)CN(C)C1=O,13100.0,CC[C@@H]1NC(=O)[C@H](C2CCCCC2C)N(C)C(=O)[C@H](C(C)C)N(C)C(=O)[C@H](CC(C)C)N(C)C(=O)[C@H](CC(C)C)N(C)C(=O)[C@@H](C)NC(=O)[C@@H](C)NC(=O)[C@@H](CC(C)C)N(C)C(=O)[C@@H](C(C)C)NC(=O)[C@@H](CC(C)C)N(C)C(=O)CN(C)C1=O,4.882728704344236,ZIUGOJDAFBZMGO-QVWVYQRCSA-N
CHEMBL4799150,Cc1cc(Nc2ccc3c(c2)OCCO3)nc(-c2ccccc2)n1,13100.0,Cc1cc(Nc2ccc3c(c2)OCCO3)nc(-c2ccccc2)n1,4.882728704344236,SJUHACXCQMNQQH-UHFFFAOYSA-N
CHEMBL4465946,C=C1[C@H](OC(C)=O)[C@H]2[C@@H](OC(=O)c3ccccc3)[C@@H](C)C[C@]2(OC(C)=O)C(=O)[C@@H](C)/C=C/C(C)(C)C(=O)[C@H](O)[C@H]1OC(C)=O,13300.0,C=C1[C@H](OC(C)=O)[C@H]2[C@@H](OC(=O)c3ccccc3)[C@@H](C)C[C@]2(OC(C)=O)C(=O)[C@@H](C)/C=C/C(C)(C)C(=O)[C@H](O)[C@H]1OC(C)=O,4.876148359032914,LOFAXWYWIGZHPN-PSLQACODSA-N
CHEMBL2057229,O=C(c1ccccc1)c1ccccc1OCC(O)CN1CCOCC1,13370.0,O=C(c1ccccc1)c1ccccc1OCC(O)CN1CCOCC1,4.873868592738016,GAOVJQOWJLABCV-UHFFFAOYSA-N
CHEMBL4756782,COc1cccc(Nc2cc(C)nc(-c3ccccc3)n2)c1,13400.0,COc1cccc(Nc2cc(C)nc(-c3ccccc3)n2)c1,4.872895201635193,NXMPXUSAZSMSAZ-UHFFFAOYSA-N
CHEMBL4555019,O=C(c1ccccc1)N1CCc2c([nH]c3ccccc23)C1c1ccc(F)cc1,13400.0,O=C(c1ccccc1)N1CCc2c([nH]c3ccccc23)C1c1ccc(F)cc1,4.872895201635193,NMKIACQDOHUVIS-UHFFFAOYSA-N
CHEMBL4787000,Cc1cc(Nc2ccc3nccnc3c2)nc(-c2ccccc2)n1,13400.0,Cc1cc(Nc2ccc3nccnc3c2)nc(-c2ccccc2)n1,4.872895201635193,JABWTQGZBCXHAC-UHFFFAOYSA-N
CHEMBL4866559,COc1cc2c(cc1OC)CN(C(=O)c1ccc(-c3ccccc3OC)o1)CC2,13500.0,COc1cc2c(cc1OC)CN(C(=O)c1ccc(-c3ccccc3OC)o1)CC2,4.8696662315049934,CKQMSSUMVWQLMZ-UHFFFAOYSA-N
CHEMBL5179753,O=C(NCCN1CCOCC1)c1nn(-c2ccc(Cl)cc2)c(=O)c2ccccc12,13620.0,O=C(NCCN1CCOCC1)c1nn(-c2ccc(Cl)cc2)c(=O)c2ccccc12,4.865822892423234,FGJFUKCFGXVOOA-UHFFFAOYSA-N
CHEMBL4861780,CC(C)n1ncc2cc(Nc3ncnc4c(F)c(F)ccc34)ccc21,13700.0,CC(C)n1ncc2cc(Nc3ncnc4c(F)c(F)ccc34)ccc21,4.863279432843593,CABCUURODQCKED-UHFFFAOYSA-N
CHEMBL5174804,COc1ccc(CCNC(=O)c2nn(-c3ccc(Cl)cc3)c(=O)c3ccccc23)cc1OC,13790.0,COc1ccc(CCNC(=O)c2nn(-c3ccc(Cl)cc3)c(=O)c3ccccc23)cc1OC,4.860435733824151,MUGQDCMTOCRKLG-UHFFFAOYSA-N
CHEMBL4468057,N#Cc1c2n(c3c(N4CCN(Cc5ccc6c(c5)OCO6)CC4)ncnc13)CCCC2,13900.0,N#Cc1c2n(c3c(N4CCN(Cc5ccc6c(c5)OCO6)CC4)ncnc13)CCCC2,4.856985199745905,ZHORVTCTYNRDGE-UHFFFAOYSA-N
CHEMBL474756,COc1cc2c(cc1OC)CN(CCc1ccc(NC(=O)Nc3cccc(N)c3)cc1)CC2,14000.0,COc1cc2c(cc1OC)CN(CCc1ccc(NC(=O)Nc3cccc(N)c3)cc1)CC2,4.853871964321762,NUTAPQLSCAKABG-UHFFFAOYSA-N
CHEMBL456647,COc1cccc(CCc2ccccc2OCCCN2CCN(c3ccccc3OC)CC2)c1,14000.0,COc1cccc(CCc2ccccc2OCCCN2CCN(c3ccccc3OC)CC2)c1,4.853871964321762,YALDYYSVNQBATO-UHFFFAOYSA-N
CHEMBL5283433,N#Cc1cn(Cc2ccccc2)c2c(NCCCc3ccccc3)ncnc12,14000.0,N#Cc1cn(Cc2ccccc2)c2c(NCCCc3ccccc3)ncnc12,4.853871964321762,SXEQBLZMVHHAJH-UHFFFAOYSA-N
CHEMBL165509,COc1cc2oc(-c3ccc(O)cc3)c(OC)c(=O)c2c(O)c1OC,14000.0,COc1cc2oc(-c3ccc(O)cc3)c(OC)c(=O)c2c(O)c1OC,4.853871964321762,YSXFFLGRZJWNFM-UHFFFAOYSA-N
CHEMBL333687,CC(C)c1c(C(=O)Nc2ccccc2)c(-c2ccccc2)c(-c2ccc(F)cc2)n1CC[C@@H]1C[C@@H](O)CC(=O)O1,14000.0,CC(C)c1c(C(=O)Nc2ccccc2)c(-c2ccccc2)c(-c2ccc(F)cc2)n1CC[C@@H]1C[C@@H](O)CC(=O)O1,4.853871964321762,OUCSEDFVYPBLLF-KAYWLYCHSA-N
CHEMBL456361,COC(=O)c1ccc(C(=O)Nc2ccc(CCN3CCc4cc(OC)c(OC)cc4C3)cc2)cc1NC(=O)c1cccnc1,14000.0,COC(=O)c1ccc(C(=O)Nc2ccc(CCN3CCc4cc(OC)c(OC)cc4C3)cc2)cc1NC(=O)c1cccnc1,4.853871964321762,PLGXAYFAOKJBKP-UHFFFAOYSA-N
CHEMBL2372492,C/C=C/C[C@@H](C)[C@@H](O)[C@H]1C(=O)N[C@@H]([C@@H](C)O)C(=O)N(C)CC(=O)N(C)[C@H](CC(C)C)C(=O)N[C@H](C(C)C)C(=O)N(C)[C@H](CC(C)C)C(=O)N[C@@H](C)C(=O)N[C@H](C)C(=O)N(C)[C@@H](CC(C)C)C(=O)N[C@@H](CC(C)C)C(=O)N(C)[C@@H](C(C)C)C(=O)N1C,14100.0,C/C=C/C[C@@H](C)[C@@H](O)[C@H]1C(=O)N[C@@H]([C@@H](C)O)C(=O)N(C)CC(=O)N(C)[C@H](CC(C)C)C(=O)N[C@H](C(C)C)C(=O)N(C)[C@H](CC(C)C)C(=O)N[C@@H](C)C(=O)N[C@H](C)C(=O)N(C)[C@@H](CC(C)C)C(=O)N[C@@H](CC(C)C)C(=O)N(C)[C@@H](C(C)C)C(=O)N1C,4.85078088734462,GQERLGZMCCSVTG-YLSGGOLTSA-N
CHEMBL1945980,COc1cc(C(=O)Nc2ccc(-c3ccccc3)cc2F)cc(O)c1O,14100.0,COc1cc(C(=O)Nc2ccc(-c3ccccc3)cc2F)cc(O)c1O,4.85078088734462,IGRXRIHMLHHKQY-UHFFFAOYSA-N
CHEMBL4456652,C=C1[C@H](OC(C)=O)CC(=O)C(C)(C)/C=C/[C@H](C)C(=O)[C@@]2(OC(C)=O)C[C@H](C)[C@H](OC(C)=O)[C@@H]2[C@H]1OC(=O)c1ccccc1,14200.0,C=C1[C@H](OC(C)=O)CC(=O)C(C)(C)/C=C/[C@H](C)C(=O)[C@@]2(OC(C)=O)C[C@H](C)[C@H](OC(C)=O)[C@@H]2[C@H]1OC(=O)c1ccccc1,4.847711655616943,PDRWXFDCQXKDSK-REVJNMIYSA-N
CHEMBL4568684,COc1ccc(C(=O)N2CCc3c([nH]c4ccccc34)C2c2ccc(Cl)c(Cl)c2)cc1OC,14300.0,COc1ccc(C(=O)N2CCc3c([nH]c4ccccc34)C2c2ccc(Cl)c(Cl)c2)cc1OC,4.844663962534939,BMRWUKOSTIFBRE-UHFFFAOYSA-N
CHEMBL5187744,O=C(Nc1ccc(N2CCOCC2)cc1)c1nn(-c2ccc(Cl)cc2)c(=O)c2ccccc12,14460.0,O=C(Nc1ccc(N2CCOCC2)cc1)c1nn(-c2ccc(Cl)cc2)c(=O)c2ccccc12,4.839831707041488,MBTBGWWJTWUHIO-UHFFFAOYSA-N
CHEMBL4528126,CCCc1cc(N2CCN(CCOc3cccc4ccccc34)CC2)n2nc3nc(C)cc(C)c3c2n1,14500.0,CCCc1cc(N2CCN(CCOc3cccc4ccccc34)CC2)n2nc3nc(C)cc(C)c3c2n1,4.838631997765025,UQNSXMUYSZHSLG-UHFFFAOYSA-N
CHEMBL4860437,Cc1nn(C)c(Cl)c1Cc1noc(-c2sc3nc(C(F)(F)F)ccc3c2C)n1,14500.0,Cc1nn(C)c(Cl)c1Cc1noc(-c2sc3nc(C(F)(F)F)ccc3c2C)n1,4.838631997765025,QTTFLWHGYVUDOV-UHFFFAOYSA-N
CHEMBL3809957,COc1cccc(/C=C/C(=O)c2ccc(Nc3nc(-c4ccc(OC)c(OC)c4)nc4ccccc34)cc2)c1,14600.0,COc1cccc(/C=C/C(=O)c2ccc(Nc3nc(-c4ccc(OC)c(OC)c4)nc4ccccc34)cc2)c1,4.835647144215563,ABFNXIZZKNVMDN-GZTJUZNOSA-N
CHEMBL1307612,CC(=O)Nc1cccc(Nc2nc(-c3cccs3)nc3ccccc23)c1,14700.0,CC(=O)Nc1cccc(Nc2nc(-c3cccs3)nc3ccccc23)c1,4.8326826652518236,CMIZQGPTGPSAMK-UHFFFAOYSA-N
CHEMBL4468487,COc1cc(OC)c(C(=O)/C=C/c2ccc(N3CCNCC3)cc2)c(O)c1CC=C(C)C,14840.0,COc1cc(OC)c(C(=O)/C=C/c2ccc(N3CCNCC3)cc2)c(O)c1CC=C(C)C,4.828566099056991,RCRWNBIKQSFACQ-XYOKQWHBSA-N
CHEMBL3809529,COc1ccc(/C=C/C(=O)c2ccc(Nc3nc(-c4ccc(OC)c(OC)c4)nc4ccccc34)cc2)cc1OC,14900.0,COc1ccc(/C=C/C(=O)c2ccc(Nc3nc(-c4ccc(OC)c(OC)c4)nc4ccccc34)cc2)cc1OC,4.826813731587726,UELXDXUOBOULEV-CXUHLZMHSA-N
CHEMBL39074,COCO[C@H](CC(=O)OC)[C@H](Cc1ccccc1)N(C)C(=O)OCc1ccccc1,14900.0,COCO[C@H](CC(=O)OC)[C@H](Cc1ccccc1)N(C)C(=O)OCc1ccccc1,4.826813731587726,YIUQMBBMDDQCEB-LEWJYISDSA-N
CHEMBL2372489,C/C=C/C[C@@H](C)[C@@H](O)[C@H]1C(=O)N[C@@H](CC)C(=O)N(C)CC(=O)N[C@@H]([C@@H](C)CC)C(=O)N[C@H](C(C)C)C(=O)N(C)[C@H](CC(C)C)C(=O)N[C@@H](C)C(=O)N[C@H](C)C(=O)N(C)[C@@H](CC(C)C)C(=O)N(C)[C@@H](CC(C)C)C(=O)N(C)[C@@H](C(C)C)C(=O)N1C,15000.0,C/C=C/C[C@@H](C)[C@@H](O)[C@H]1C(=O)N[C@@H](CC)C(=O)N(C)CC(=O)N[C@@H]([C@@H](C)CC)C(=O)N[C@H](C(C)C)C(=O)N(C)[C@H](CC(C)C)C(=O)N[C@@H](C)C(=O)N[C@H](C)C(=O)N(C)[C@@H](CC(C)C)C(=O)N(C)[C@@H](CC(C)C)C(=O)N(C)[C@@H](C(C)C)C(=O)N1C,4.823908740944319,HOKNFKUSYQGXRK-XHTSCYGRSA-N
CHEMBL2170686,COc1cccc2c(CC(=O)O)c(C)n(C(=O)c3ccc(Cl)cc3)c12,15000.0,COc1cccc2c(CC(=O)O)c(C)n(C(=O)c3ccc(Cl)cc3)c12,4.823908740944319,IWQHEVHMLSWZRR-UHFFFAOYSA-N
CHEMBL4435844,Cc1c(C)c2ccc(OCCN3CCc4ccccc4C3)cc2oc1=O,15000.0,Cc1c(C)c2ccc(OCCN3CCc4ccccc4C3)cc2oc1=O,4.823908740944319,HQTNGNNCVJXQRC-UHFFFAOYSA-N
CHEMBL3596581,C=CC(C)(C)c1cc2cc3c(cc2oc1=O)OC(C)(C)C=C3,15000.0,C=CC(C)(C)c1cc2cc3c(cc2oc1=O)OC(C)(C)C=C3,4.823908740944319,DWYNSYAYGXNRPD-UHFFFAOYSA-N
CHEMBL1685068,COc1cc(OC)c2c(c1C)OC(c1ccccc1)CC2=O,15000.0,COc1cc(OC)c2c(c1C)OC(c1ccccc1)CC2=O,4.823908740944319,RIEGMKITKZWJHR-UHFFFAOYSA-N
CHEMBL2170689,Cc1cccc2c(CC(=O)O)cn(C(=O)c3ccc(Cl)cc3)c12,15000.0,Cc1cccc2c(CC(=O)O)cn(C(=O)c3ccc(Cl)cc3)c12,4.823908740944319,ZZYDJJSXJIUDJV-UHFFFAOYSA-N
CHEMBL37203,CC(C)[C@@H]1OC(=O)[C@@H](C)[C@@H](C)OC(=O)C[C@@H](O)[C@H](Cc2ccccc2)N(C)C1=O,15000.0,CC(C)[C@@H]1OC(=O)[C@@H](C)[C@@H](C)OC(=O)C[C@@H](O)[C@H](Cc2ccccc2)N(C)C1=O,4.823908740944319,PBDWEPPZSHZNKO-HOXSDCPRSA-N
CHEMBL453516,COc1cc(NC(=O)c2cnc3ccccc3c2)cc(C(=O)Nc2ccc(CCN3CCc4cc(OC)c(OC)cc4C3)cc2)c1,15000.0,COc1cc(NC(=O)c2cnc3ccccc3c2)cc(C(=O)Nc2ccc(CCN3CCc4cc(OC)c(OC)cc4C3)cc2)c1,4.823908740944319,IDFFNTINIUWLMJ-UHFFFAOYSA-N
CHEMBL500094,COc1cc2c(cc1OC)CN(CCc1ccc(NC(=O)c3ccc(C)c(NC(=O)c4cnc5ccccc5c4)c3)cc1)CC2,15000.0,COc1cc2c(cc1OC)CN(CCc1ccc(NC(=O)c3ccc(C)c(NC(=O)c4cnc5ccccc5c4)c3)cc1)CC2,4.823908740944319,NCKBFOUPAZMEMD-UHFFFAOYSA-N
CHEMBL137586,COc1ccc2oc(-c3ccccc3)cc(=O)c2c1,15000.0,COc1ccc2oc(-c3ccccc3)cc(=O)c2c1,4.823908740944319,XZQLSABETMKIGG-UHFFFAOYSA-N
CHEMBL4874541,COc1cc2c(cc1OC)CN(C(=O)c1ccc(-c3cccc(OC)c3OC)o1)CC2,15100.0,COc1cc2c(cc1OC)CN(C(=O)c1ccc(-c3cccc(OC)c3OC)o1)CC2,4.82102305270683,ZQEYGUWPLKWCSF-UHFFFAOYSA-N
CHEMBL3814074,CCCc1ccc(C(=O)NN(C(=O)c2cc(C)cc(C)c2)C(C)(C)C)cc1,15200.0,CCCc1ccc(C(=O)NN(C(=O)c2cc(C)cc(C)c2)C(C)(C)C)cc1,4.818156412055227,JNCAMYPVMLYALF-UHFFFAOYSA-N
CHEMBL3218368,CC(=O)OCC1OC(Sc2ccccc2)C(OC(C)=O)C(OC(C)=O)C1OC(C)=O,15380.0,CC(=O)OCC1OC(Sc2ccccc2)C(OC(C)=O)C(OC(C)=O)C1OC(C)=O,4.813043664534588,JCKOUAWEMPKIAT-UHFFFAOYSA-N
CHEMBL4856419,CCOc1ccc(-c2ccc(C(=O)N3CCc4cc(OC)c(OC)cc4C3)o2)cc1,15400.0,CCOc1ccc(-c2ccc(C(=O)N3CCc4cc(OC)c(OC)cc4C3)o2)cc1,4.8124792791635365,VBJAJPPDJXYGDA-UHFFFAOYSA-N
CHEMBL1600,CCCCc1oc2ccccc2c1C(=O)c1cc(I)c(OCCNCC)c(I)c1,15400.0,CCCCc1oc2ccccc2c1C(=O)c1cc(I)c(OCCNCC)c(I)c1,4.8124792791635365,VXOKDLACQICQFA-UHFFFAOYSA-N
CHEMBL4538822,Fc1ccccc1N1CCN(Cc2csc(-c3ccc4c(c3)OCO4)n2)CC1,15400.0,Fc1ccccc1N1CCN(Cc2csc(-c3ccc4c(c3)OCO4)n2)CC1,4.8124792791635365,CIXGFQNLXZKQAX-UHFFFAOYSA-N
CHEMBL3218370,CC(=O)OC[C@H](OC(C)=O)[C@H](OC(C)=O)[C@@H](CNC(=O)c1ccc(C)c(C)c1)OC(C)=O,15500.0,CC(=O)OC[C@H](OC(C)=O)[C@H](OC(C)=O)[C@@H](CNC(=O)c1ccc(C)c(C)c1)OC(C)=O,4.809668301829708,MSJLXLUWRZXQEQ-QHAWAJNXSA-N
CHEMBL2021596,C/C=C/CC(C)C(C)[C@H]1C(=O)N[C@@H](CC)C(=O)N(C)CC(=O)N(C)[C@@H](CC(C)C)C(=O)N[C@@H](C(C)C)C(=O)N(C)[C@@H](CC(C)C)C(=O)N[C@@H](C)C(=O)N[C@H](C)C(=O)N(C)[C@@H](CC(C)C)C(=O)N(C)[C@@H](CC(C)C)C(=O)N(C)[C@H](C(C)C)C(=O)N1C,15500.0,C/C=C/CC(C)C(C)[C@H]1C(=O)N[C@@H](CC)C(=O)N(C)CC(=O)N(C)[C@@H](CC(C)C)C(=O)N[C@@H](C(C)C)C(=O)N(C)[C@@H](CC(C)C)C(=O)N[C@@H](C)C(=O)N[C@H](C)C(=O)N(C)[C@@H](CC(C)C)C(=O)N(C)[C@@H](CC(C)C)C(=O)N(C)[C@H](C(C)C)C(=O)N1C,4.809668301829708,RKGFOGQBSWVWRE-VKSGXJPYSA-N
CHEMBL43185,O=C(/C=C/C=C/c1ccc2c(c1)OCO2)N1CCCCC1,15500.0,O=C(/C=C/C=C/c1ccc2c(c1)OCO2)N1CCCCC1,4.809668301829708,MXXWOMGUGJBKIW-YPCIICBESA-N
CHEMBL4567023,Cc1ccccc1-n1c(SCC(=O)N2CCN(Cc3ccccc3)CC2)nnc1-c1cccnc1,15600.0,Cc1ccccc1-n1c(SCC(=O)N2CCN(Cc3ccccc3)CC2)nnc1-c1cccnc1,4.806875401645538,QBFYFTQTUZXTPF-UHFFFAOYSA-N
CHEMBL2372498,CC(C)C[C@@H]1NC(=O)[C@@H](CC(C)C)N(C)C(=O)CN(C)C(=O)[C@H]([C@@H](C)O)NC(=O)[C@H]([C@H](O)[C@H](C)C/C=C/CO)N(C)C(=O)[C@H](C(C)C)N(C)C(=O)[C@H](CC(C)C)NC(=O)[C@H](CC(C)C)N(C)C(=O)[C@@](O)(C(C)C)NC(=O)[C@H](C)NC(=O)[C@@H](CC(C)C)N(C)C1=O,15800.0,CC(C)C[C@@H]1NC(=O)[C@@H](CC(C)C)N(C)C(=O)CN(C)C(=O)[C@H]([C@@H](C)O)NC(=O)[C@H]([C@H](O)[C@H](C)C/C=C/CO)N(C)C(=O)[C@H](C(C)C)N(C)C(=O)[C@H](CC(C)C)NC(=O)[C@H](CC(C)C)N(C)C(=O)[C@@](O)(C(C)C)NC(=O)[C@H](C)NC(=O)[C@@H](CC(C)C)N(C)C1=O,4.801342913045577,DKJXSKSIKYKEDU-JEMOSOMYSA-N
CHEMBL2011285,O=C(c1cc(=O)c2c(OCc3ccccc3)cccc2o1)N1CCN(Cc2ccccc2)CC1,15800.0,O=C(c1cc(=O)c2c(OCc3ccccc3)cccc2o1)N1CCN(Cc2ccccc2)CC1,4.801342913045577,RKFOXQNWRPAKDL-UHFFFAOYSA-N
CHEMBL77966,COc1cc(O)c2c(=O)c(OC)c(-c3ccc(OC)c(OC)c3)oc2c1,16000.0,COc1cc(O)c2c(=O)c(OC)c(-c3ccc(OC)c(OC)c3)oc2c1,4.795880017344075,HHGPYJLEJGNWJA-UHFFFAOYSA-N
CHEMBL639,CN1CCCC(n2nc(Cc3ccc(Cl)cc3)c3ccccc3c2=O)CC1,16000.0,CN1CCCC(n2nc(Cc3ccc(Cl)cc3)c3ccccc3c2=O)CC1,4.795880017344075,MBUVEWMHONZEQD-UHFFFAOYSA-N
CHEMBL4757210,Cc1cc(Nc2ccc(CC#N)cc2)nc(-c2ccccc2)n1,16000.0,Cc1cc(Nc2ccc(CC#N)cc2)nc(-c2ccccc2)n1,4.795880017344075,IWHRIAMDEODAMD-UHFFFAOYSA-N
CHEMBL40173,CCCCCCC[C@@H](O)[C@H](C)C(=O)O[C@H](C(=O)OC)C(C)C,16000.0,CCCCCCC[C@@H](O)[C@H](C)C(=O)O[C@H](C(=O)OC)C(C)C,4.795880017344075,YHGSXGQBYCDWPQ-ZNMIVQPWSA-N
CHEMBL362997,COc1cc(OC)cc(-c2ccc3cc(O)ccc3c2)c1,16000.0,COc1cc(OC)cc(-c2ccc3cc(O)ccc3c2)c1,4.795880017344075,HYWKEQNSMAOKKU-UHFFFAOYSA-N
CHEMBL379687,COc1ccc(-c2ccccc2-c2cc(OC)cc(OC)c2)cc1,16000.0,COc1ccc(-c2ccccc2-c2cc(OC)cc(OC)c2)cc1,4.795880017344075,YTEAKYDIQLKHMB-UHFFFAOYSA-N
CHEMBL3596578,C/C=C(\C)C(=O)OC1c2c(ccc3ccc(=O)oc23)OC(C)(C)C1OC(=O)/C(C)=C/C,16000.0,C/C=C(\C)C(=O)OC1c2c(ccc3ccc(=O)oc23)OC(C)(C)C1OC(=O)/C(C)=C/C,4.795880017344075,PNTWXEIQXBRCPS-FNCQTZNRSA-N
CHEMBL3263829,CCOC(=O)c1csc([C@@H](NC(=O)c2csc([C@@H](NC(=O)c3ccc(OC)c(OC)c3)C(C)C)n2)C(C)C)n1,16000.0,CCOC(=O)c1csc([C@@H](NC(=O)c2csc([C@@H](NC(=O)c3ccc(OC)c(OC)c3)C(C)C)n2)C(C)C)n1,4.795880017344075,NFJKXBNPYJGZJL-VXKWHMMOSA-N
CHEMBL2372477,C/C=C/C[C@@H](C)[C@@H](O)[C@H]1C(=O)N[C@@H](CC)C(=O)N(C)CC(=O)N(C)[C@H](CC(C)C)C(=O)N[C@H](C(C)C)C(=O)N(C)[C@H](CC(C)C)C(=O)N[C@@H](C)C(=O)N[C@H](C)C(=O)N(C)[C@@H](CC(C)C)C(=O)N(C)[C@@H](CC(C)C)C(=O)N(C)[C@@H](C)C(=O)N1C,16100.0,C/C=C/C[C@@H](C)[C@@H](O)[C@H]1C(=O)N[C@@H](CC)C(=O)N(C)CC(=O)N(C)[C@H](CC(C)C)C(=O)N[C@H](C(C)C)C(=O)N(C)[C@H](CC(C)C)C(=O)N[C@@H](C)C(=O)N[C@H](C)C(=O)N(C)[C@@H](CC(C)C)C(=O)N(C)[C@@H](CC(C)C)C(=O)N(C)[C@@H](C)C(=O)N1C,4.79317412396815,XHEHWUVJCJIJEW-ZPHAWHFESA-N
CHEMBL4846288,COc1ccc(Nc2cc(NCCc3nnc(C(C)C)s3)ncn2)c(OC)c1,16200.0,COc1ccc(Nc2cc(NCCc3nnc(C(C)C)s3)ncn2)c(OC)c1,4.790484985457369,JGYZWQHYUTULEQ-UHFFFAOYSA-N
CHEMBL3895919,COc1cc(C2CC(c3ccc4ccccc4c3)=NN2C(C)=O)cc(I)c1OC,16300.0,COc1cc(C2CC(c3ccc4ccccc4c3)=NN2C(C)=O)cc(I)c1OC,4.787812395596042,IHRXWJARGIHPPB-UHFFFAOYSA-N
CHEMBL4586077,COc1cc(O)c(C(=O)/C=C/c2ccc(N3CCNCC3)cc2)c(OC)c1,16620.0,COc1cc(O)c(C(=O)/C=C/c2ccc(N3CCNCC3)cc2)c(OC)c1,4.779368980551908,RDBYHAGNGNMHQM-VMPITWQZSA-N
CHEMBL4081538,CC[C@H]1CN(C)[C@H]2Cc3c([nH]c4ccccc34)/C(=N/O)C[C@H]1[C@@H]2C(=O)OC,16740.0,CC[C@H]1CN(C)[C@H]2Cc3c([nH]c4ccccc34)/C(=N/O)C[C@H]1[C@@H]2C(=O)OC,4.776244546342759,AZMOSMZXKJAPQI-GZYZUKCASA-N
CHEMBL2170688,CCc1cccc2c(CC(=O)O)cn(C(=O)c3ccc(Cl)cc3)c12,17000.0,CCc1cccc2c(CC(=O)O)cn(C(=O)c3ccc(Cl)cc3)c12,4.769551078621726,HUUDENONFAELRY-UHFFFAOYSA-N
CHEMBL2370883,C/C=C/C[C@@H](C)[C@@H](O)C1NC(=O)[C@H](C(C)C)N(C)C(=O)[C@H](CC(C)C)N(C)C(=O)[C@H](CC(C)C)N(C)C(=O)[C@@H](C)NC(=O)[C@H](C)NC(=O)[C@@H](CC(C)C)N(C)C(=O)[C@@H](C(C)C)NC(=O)[C@@H](CC(C)C)N(C)C(=O)CN(C)C(=O)[C@H]([C@@H](C)O)NC1=O,17000.0,C/C=C/C[C@@H](C)[C@@H](O)C1NC(=O)[C@H](C(C)C)N(C)C(=O)[C@H](CC(C)C)N(C)C(=O)[C@H](CC(C)C)N(C)C(=O)[C@@H](C)NC(=O)[C@H](C)NC(=O)[C@@H](CC(C)C)N(C)C(=O)[C@@H](C(C)C)NC(=O)[C@@H](CC(C)C)N(C)C(=O)CN(C)C(=O)[C@H]([C@@H](C)O)NC1=O,4.769551078621726,TZCUXJXFGWPMBF-IWHKUTHRSA-N
CHEMBL506742,COc1cc2c(cc1OC)CN(CCc1ccc(NC(=O)c3cc(NC(=O)c4cnc5ccccc5c4)c(OC)c(OC)c3)cc1)CC2,17000.0,COc1cc2c(cc1OC)CN(CCc1ccc(NC(=O)c3cc(NC(=O)c4cnc5ccccc5c4)c(OC)c(OC)c3)cc1)CC2,4.769551078621726,VNOXYKVYYQPXIW-UHFFFAOYSA-N
CHEMBL4848596,Cc1cc(-c2noc(CNS(=O)(=O)c3ccc(Cl)s3)n2)nc2ccccc12,17000.0,Cc1cc(-c2noc(CNS(=O)(=O)c3ccc(Cl)s3)n2)nc2ccccc12,4.769551078621726,LHDWWTCAUWPHID-UHFFFAOYSA-N
CHEMBL3605260,CC[C@@H]1CN(C)[C@H]2Cc3c([nH]c4ccccc34)/C(=N/Nc3ccccc3)C[C@H]1[C@@H]2C(=O)OC,17040.0,CC[C@@H]1CN(C)[C@H]2Cc3c([nH]c4ccccc34)/C(=N/Nc3ccccc3)C[C@H]1[C@@H]2C(=O)OC,4.768530409569319,OQXABNSYRNOHGC-WGJNMMIYSA-N
CHEMBL37969,COC(=O)C[C@@H](O)[C@H](Cc1ccccc1)N(C)C(=O)OCc1ccccc1,17100.0,COC(=O)C[C@@H](O)[C@H](Cc1ccccc1)N(C)C(=O)OCc1ccccc1,4.767003889607846,NTFJSFAGMHDILF-RBUKOAKNSA-N
CHEMBL4468803,COc1cc(OC)c(C(=O)/C=C/c2ccc(N(C)C)cc2)c(O)c1CC=C(C)C,17410.0,COc1cc(OC)c(C(=O)/C=C/c2ccc(N(C)C)cc2)c(O)c1CC=C(C)C,4.759201228882668,HSFXRTBLDWBKAW-GXDHUFHOSA-N
CHEMBL1503,COc1ccc2[nH]c([S+]([O-])Cc3ncc(C)c(OC)c3C)nc2c1,17700.0,COc1ccc2[nH]c([S]([O])Cc3ncc(C)c(OC)c3C)nc2c1,4.752026733638194,SUBDBMMJDZJVOS-UHFFFAOYSA-N
CHEMBL575448,C[C@@]1(C(=O)Nc2ccc(F)nc2)CCCN1c1nc(Nc2cc(C3CC3)n[nH]2)c2cccn2n1,17700.0,C[C@@]1(C(=O)Nc2ccc(F)nc2)CCCN1c1nc(Nc2cc(C3CC3)n[nH]2)c2cccn2n1,4.752026733638194,LQVXSNNAFNGRAH-QHCPKHFHSA-N
CHEMBL4858814,CC(C)N(C(=O)CCc1nc(-c2ccoc2)no1)c1cnc2ccccc2c1,17700.0,CC(C)N(C(=O)CCc1nc(-c2ccoc2)no1)c1cnc2ccccc2c1,4.752026733638194,DMEYHUGNLPKXTH-UHFFFAOYSA-N
CHEMBL4791622,Cc1cc(Nc2ccc3c(c2)C(=O)NC3=O)nc(-c2ccccc2)n1,17700.0,Cc1cc(Nc2ccc3c(c2)C(=O)NC3=O)nc(-c2ccccc2)n1,4.752026733638194,IJCWAKLWTQQVRL-UHFFFAOYSA-N
CHEMBL1502,COc1ccnc(C[S+]([O-])c2nc3cc(OC(F)F)ccc3[nH]2)c1OC,17900.0,COc1ccnc(C[S]([O])c2nc3cc(OC(F)F)ccc3[nH]2)c1OC,4.747146969020107,IQPSEEYGBUAQFF-UHFFFAOYSA-N
CHEMBL4584156,COc1cc(OC)c(C(=O)/C=C/c2ccc(F)cc2)c(O)c1CC=C(C)C,17960.0,COc1cc(OC)c(C(=O)/C=C/c2ccc(F)cc2)c(O)c1CC=C(C)C,4.745693667668714,NUCFQJUPNPZMMN-XYOKQWHBSA-N
CHEMBL4445280,COc1cc(O)c(C(=O)/C=C/c2cccc(N3CCN(C)CC3)c2)c(OC)c1,17960.0,COc1cc(O)c(C(=O)/C=C/c2cccc(N3CCN(C)CC3)c2)c(OC)c1,4.745693667668714,IVXXOWNANLKDHA-BQYQJAHWSA-N
CHEMBL1946749,O=C(O)Cc1c(-c2ccccc2)n(C(=O)c2ccc(Cl)cc2)c2ccccc12,18000.0,O=C(O)Cc1c(-c2ccccc2)n(C(=O)c2ccc(Cl)cc2)c2ccccc12,4.7447274948966935,CTOLGLQYKWARIE-UHFFFAOYSA-N
CHEMBL2331720,COCCOCCOCCOc1cc2c(cc1OC)CN(Cc1ccc(-c3ccc(C(=O)OC)c(NC(=O)c4ccc5ncccc5c4)c3)cc1)CC2,18000.0,COCCOCCOCCOc1cc2c(cc1OC)CN(Cc1ccc(-c3ccc(C(=O)OC)c(NC(=O)c4ccc5ncccc5c4)c3)cc1)CC2,4.7447274948966935,AJXVQXUPENYTDG-UHFFFAOYSA-N
CHEMBL288741,CCCC[C@H]1OC(=O)C[C@H](O)[C@H](Cc2ccccc2)N(C)C(=O)COC(=O)[C@H]1C,18100.0,CCCC[C@H]1OC(=O)C[C@H](O)[C@H](Cc2ccccc2)N(C)C(=O)COC(=O)[C@H]1C,4.7423214251308154,CTARJIQUQSWZRW-DSLXNQLJSA-N
CHEMBL4860984,COc1cc2c(cc1OC)CN(C(=O)c1ccc(-c3cc(OC)c(OC)c(OC)c3)o1)CC2,18200.0,COc1cc2c(cc1OC)CN(C(=O)c1ccc(-c3cc(OC)c(OC)c(OC)c3)o1)CC2,4.739928612014925,LQWOBUQEPKZRKQ-UHFFFAOYSA-N
CHEMBL3092490,COc1ccc(-c2nc(Nc3cccc(O)c3)c3ccccc3n2)cc1OC,18210.0,COc1ccc(-c2nc(Nc3cccc(O)c3)c3ccccc3n2)cc1OC,4.73969005420508,AJAJIMATEVMQTD-UHFFFAOYSA-N
CHEMBL4853206,COc1ccc(-c2ccc(C(=O)N3CCc4cc(OC)c(OC)cc4C3)o2)c(OC)c1,18300.0,COc1ccc(-c2ccc(C(=O)N3CCc4cc(OC)c(OC)cc4C3)o2)c(OC)c1,4.73754891026957,LQMCNVWBTQHREV-UHFFFAOYSA-N
CHEMBL4742228,CCC(=O)c1ccc(-c2cn(-c3ccc(CCN4CCc5cc(OC)c(OC)cc5C4)cc3)nn2)cc1NC(=O)c1cccc(O)n1,18450.0,CCC(=O)c1ccc(-c2cn(-c3ccc(CCN4CCc5cc(OC)c(OC)cc5C4)cc3)nn2)cc1NC(=O)c1cccc(O)n1,4.734003629504921,QIFVCEARKRPLAN-UHFFFAOYSA-N
CHEMBL3317936,COc1cc(C(=O)Nc2ccc(-c3cc(F)cc(F)c3)cc2NC(=O)[C@@H](C)NC(C)=O)cc(OC)c1OC,18500.0,COc1cc(C(=O)Nc2ccc(-c3cc(F)cc(F)c3)cc2NC(=O)[C@@H](C)NC(C)=O)cc(OC)c1OC,4.732828271596986,LDOAFDIKGGKMDG-CQSZACIVSA-N
CHEMBL4476518,COc1cc(O)c(C(=O)/C=C/c2cccc(N3CCOCC3)c2)c(OC)c1,18750.0,COc1cc(O)c(C(=O)/C=C/c2cccc(N3CCOCC3)c2)c(OC)c1,4.726998727936262,IWIOWTWLOWFTPW-VOTSOKGWSA-N
CHEMBL3808612,COc1ccc(/C=C/C(=O)c2ccc(Nc3nc(-c4ccccc4)nc4ccccc34)cc2)cc1OC,18800.0,COc1ccc(/C=C/C(=O)c2ccc(Nc3nc(-c4ccccc4)nc4ccccc34)cc2)cc1OC,4.72584215073632,AMWRKDPDPNKJNX-LDADJPATSA-N
CHEMBL4864876,COc1ccc(OC)c(-c2ccc(C(=O)N3CCc4cc(OC)c(OC)cc4C3)o2)c1,18800.0,COc1ccc(OC)c(-c2ccc(C(=O)N3CCc4cc(OC)c(OC)cc4C3)o2)c1,4.72584215073632,MNJHGIVVSBBHCN-UHFFFAOYSA-N
CHEMBL4469532,N#Cc1cccc(Nc2nc(-c3ccc[nH]3)nc3ccccc23)c1,18800.0,N#Cc1cccc(Nc2nc(-c3ccc[nH]3)nc3ccccc23)c1,4.72584215073632,FGHQGUOXZCKHKM-UHFFFAOYSA-N
CHEMBL1685069,COc1cc2oc(-c3ccccc3)cc(=O)c2c(OC)c1C,19000.0,COc1cc2oc(-c3ccccc3)cc(=O)c2c(OC)c1C,4.721246399047171,LDGCKWYSZUGWHS-UHFFFAOYSA-N
CHEMBL5563681,CC(C)c1ccc([C@](O)(c2cccc(-c3noc(C(C)(C)O)n3)c2)C2(C)CN(C)C2)cc1,19000.0,CC(C)c1ccc([C@](O)(c2cccc(-c3noc(C(C)(C)O)n3)c2)C2(C)CN(C)C2)cc1,4.721246399047171,STUPNIAINVIMMB-SANMLTNESA-N
CHEMBL472819,Nc1ccccc1NC(=O)Nc1ccc(CCN2CCc3ccccc3C2)cc1,19000.0,Nc1ccccc1NC(=O)Nc1ccc(CCN2CCc3ccccc3C2)cc1,4.721246399047171,DQFRDHUEKZZVRV-UHFFFAOYSA-N
CHEMBL2372479,C/C=C/C[C@@H](C)[C@@H](O)[C@H]1C(=O)N[C@@H]([C@@H](C)O)C(=O)N(C)CC(=O)N(C)[C@H](CC(C)C)C(=O)N[C@H](C(C)C)C(=O)N(C)[C@H](CC(C)C)C(=O)N[C@@H](C)C(=O)N[C@H](C)C(=O)N(C)[C@@H](CC(C)C)C(=O)N(C)[C@@H](CC(C)C)C(=O)N[C@@H](C(C)C)C(=O)N1C,19000.0,C/C=C/C[C@@H](C)[C@@H](O)[C@H]1C(=O)N[C@@H]([C@@H](C)O)C(=O)N(C)CC(=O)N(C)[C@H](CC(C)C)C(=O)N[C@H](C(C)C)C(=O)N(C)[C@H](CC(C)C)C(=O)N[C@@H](C)C(=O)N[C@H](C)C(=O)N(C)[C@@H](CC(C)C)C(=O)N(C)[C@@H](CC(C)C)C(=O)N[C@@H](C(C)C)C(=O)N1C,4.721246399047171,VHAAQDUGYGVCKU-UFJGLTTCSA-N
CHEMBL5269343,COc1ccccc1-n1cc(C#N)c2ncnc(N3CCN(Cc4ccccc4)CC3)c21,19100.0,COc1ccccc1-n1cc(C#N)c2ncnc(N3CCN(Cc4ccccc4)CC3)c21,4.718966632752273,ORLUZZMIGGWQRW-UHFFFAOYSA-N
CHEMBL517449,CC1(C)O[C@H]2CC(=O)OC[C@]23[C@H]2CC[C@@]4(C)[C@H](c5ccoc5)OC(=O)[C@H]5O[C@]54[C@]2(C)C(=O)C[C@@H]13,19140.0,CC1(C)O[C@H]2CC(=O)OC[C@]23[C@H]2CC[C@@]4(C)[C@H](c5ccoc5)OC(=O)[C@H]5O[C@]54[C@]2(C)C(=O)C[C@@H]13,4.718058066559175,KBDSLGBFQAGHBE-MSGMIQHVSA-N
CHEMBL4571543,COc1ccc(C(=O)N2CCc3c([nH]c4ccccc34)C2c2cccc(Cl)c2)cc1,19200.0,COc1ccc(C(=O)N2CCc3c([nH]c4ccccc34)C2c2cccc(Cl)c2)cc1,4.71669877129645,VTHHNXQVCOMVAW-UHFFFAOYSA-N
CHEMBL3885031,COc1ccc(C(=O)Nc2ccccc2-c2nnn(-c3ccc(C(C)C)cc3)n2)cc1,19400.0,COc1ccc(C(=O)Nc2ccccc2-c2nnn(-c3ccc(C(C)C)cc3)n2)cc1,4.7121982700697735,JKYIDDAAYUDZCN-UHFFFAOYSA-N
CHEMBL151,O=c1cc(-c2ccc(O)c(O)c2)oc2cc(O)cc(O)c12,19600.0,O=c1cc(-c2ccc(O)c(O)c2)oc2cc(O)cc(O)c12,4.707743928643524,IQPNAANSBPBGFQ-UHFFFAOYSA-N
CHEMBL4877250,CC(C)n1ccc(Cc2nc(-c3cnc4c(F)cccc4c3)no2)n1,19600.0,CC(C)n1ccc(Cc2nc(-c3cnc4c(F)cccc4c3)no2)n1,4.707743928643524,PNCSJEIBLVNGMB-UHFFFAOYSA-N
CHEMBL2420082,COc1ccc(-c2cc(=O)c3ccc4ccccc4c3o2)cc1,19700.0,COc1ccc(-c2cc(=O)c3ccc4ccccc4c3o2)cc1,4.705533773838407,VWTRBKIMTDCGDL-UHFFFAOYSA-N
CHEMBL487805,O=C(O)[C@H]1O[C@@H](Oc2cc3oc(-c4ccc(O)cc4)cc(=O)c3c(O)c2O)[C@H](O)[C@@H](O)[C@@H]1O,19710.0,O=C(O)[C@H]1O[C@@H](Oc2cc3oc(-c4ccc(O)cc4)cc(=O)c3c(O)c2O)[C@H](O)[C@@H](O)[C@@H]1O,4.705313375720556,DJSISFGPUUYILV-ZFORQUDYSA-N
CHEMBL4861029,COc1cc(OC)cc(-c2ccc(C(=O)N3CCc4cc(OC)c(OC)cc4C3)o2)c1,19800.0,COc1cc(OC)cc(-c2ccc(C(=O)N3CCc4cc(OC)c(OC)cc4C3)o2)c1,4.703334809738469,HNNSCQKCFRLKPW-UHFFFAOYSA-N
CHEMBL939,COc1cc2ncnc(Nc3ccc(F)c(Cl)c3)c2cc1OCCCN1CCOCC1,19970.0,COc1cc2ncnc(Nc3ccc(F)c(Cl)c3)c2cc1OCCCN1CCOCC1,4.699621935129297,XGALLCVXEZPNRQ-UHFFFAOYSA-N
CHEMBL1944863,COc1cc(C(=O)Nc2ccc(Br)cc2)cc(OC)c1OC,20000.0,COc1cc(C(=O)Nc2ccc(Br)cc2)cc(OC)c1OC,4.698970004336019,IONWMMRVQGKQRL-UHFFFAOYSA-N
CHEMBL381164,COc1cc(OC)cc(-c2cccc(-c3ccc(O)cc3)c2)c1,20000.0,COc1cc(OC)cc(-c2cccc(-c3ccc(O)cc3)c2)c1,4.698970004336019,MWVCWBDXUJZBEC-UHFFFAOYSA-N
CHEMBL501349,COC(=O)c1ccc(C(=O)Nc2ccc(CCN3CCc4cc(OC)c(OC)cc4C3)cc2)cc1NC(=O)c1cnccn1,20000.0,COC(=O)c1ccc(C(=O)Nc2ccc(CCN3CCc4cc(OC)c(OC)cc4C3)cc2)cc1NC(=O)c1cnccn1,4.698970004336019,XFRXCSTXTDDQQT-UHFFFAOYSA-N
CHEMBL1241992,Cc1c(CC(=O)O)c2ccccc2n1C(=O)c1ccc(Cl)cc1,20000.0,Cc1c(CC(=O)O)c2ccccc2n1C(=O)c1ccc(Cl)cc1,4.698970004336019,QDAPWMKWLVMBBU-UHFFFAOYSA-N
CHEMBL1946565,CCc1c(CC(=O)O)c2ccccc2n1C(=O)c1ccc(Cl)cc1,20000.0,CCc1c(CC(=O)O)c2ccccc2n1C(=O)c1ccc(Cl)cc1,4.698970004336019,PXAOCNSFMKXJLV-UHFFFAOYSA-N
CHEMBL4537901,COc1cc(OC)c(C(=O)/C=C/c2cccc(N3CCN(C(=O)OC(C)(C)C)CC3)c2)c(O)c1CC=C(C)C,20070.0,COc1cc(OC)c(C(=O)/C=C/c2cccc(N3CCN(C(=O)OC(C)(C)C)CC3)c2)c(O)c1CC=C(C)C,4.697452627512514,WTACYPJKTWYNSJ-WYMLVPIESA-N
CHEMBL3233506,COC(=O)C1=C(O)/C(=C/C=C/c2ccccc2OC)CCC1,20400.0,COC(=O)C1=C(O)/C(=C/C=C/c2ccccc2OC)CCC1,4.690369832574101,AJUXEUPZWUBXHN-KBEUXKDCSA-N
CHEMBL4445826,C=C1[C@H](O)[C@H]2[C@@H](OC(=O)c3ccccc3)[C@](C)(OC(C)=O)C[C@]2(O)[C@H](OC(C)=O)[C@@H](C)/C=C/C(C)(C)C(=O)[C@H](OC(C)=O)[C@H]1OC(C)=O,20600.0,C=C1[C@H](O)[C@H]2[C@@H](OC(=O)c3ccccc3)[C@](C)(OC(C)=O)C[C@]2(O)[C@H](OC(C)=O)[C@@H](C)/C=C/C(C)(C)C(=O)[C@H](OC(C)=O)[C@H]1OC(C)=O,4.686132779630847,XTKYSUFGBHDBME-WWNHBMMRSA-N
CHEMBL5199391,O=C(c1nn(-c2ccc(Cl)cc2)c(=O)c2ccccc12)N(Cc1ccccc1)Cc1ccccc1,20610.0,O=C(c1nn(-c2ccc(Cl)cc2)c(=O)c2ccccc12)N(Cc1ccccc1)Cc1ccccc1,4.685922008220787,XGNPYPJXBPJPFE-UHFFFAOYSA-N
CHEMBL4455563,COc1cc(OC)c(C(=O)/C=C/c2ccccc2)c(O)c1CC=C(C)C,20640.0,COc1cc(OC)c(C(=O)/C=C/c2ccccc2)c(O)c1CC=C(C)C,4.685290307044826,QDSRQILTOUZIGL-ACCUITESSA-N
CHEMBL4435347,COc1ccc(/C=C/C(=O)c2c(OC)cc(OC)c(CC=C(C)C)c2O)cc1,20720.0,COc1ccc(/C=C/C(=O)c2c(OC)cc(OC)c(CC=C(C)C)c2O)cc1,4.683610248926804,NWEANQPEFZILBL-UKTHLTGXSA-N
CHEMBL472818,COc1cc2c(cc1OC)CN(CCc1ccc(NC(=O)Nc3ccccc3N)cc1)CC2,21000.0,COc1cc2c(cc1OC)CN(CCc1ccc(NC(=O)Nc3ccccc3N)cc1)CC2,4.6777807052660805,XOIDZEAOWYMADT-UHFFFAOYSA-N
CHEMBL4202725,O=C(Nc1ccccc1-n1cc(-c2ccccc2)nn1)c1ccccc1,21200.0,O=C(Nc1ccccc1-n1cc(-c2ccccc2)nn1)c1ccccc1,4.673664139071248,PWPQYHFUVPQSBU-UHFFFAOYSA-N
CHEMBL226968,CCc1ccc(C(=O)NN(C(=O)c2cc(C)cc(C)c2)C(C)(C)C)cc1,21500.0,CCc1ccc(C(=O)NN(C(=O)c2cc(C)cc(C)c2)C(C)(C)C)cc1,4.667561540084395,QYPNKSZPJQQLRK-UHFFFAOYSA-N
CHEMBL3317938,COc1cc(OC)c(C(=O)N(C)c2ccc(-c3cccnc3)cc2F)cc1OC,21600.0,COc1cc(OC)c(C(=O)N(C)c2ccc(-c3cccnc3)cc2F)cc1OC,4.665546248849069,WWEHYGLGFQCKSD-UHFFFAOYSA-N
CHEMBL4469487,C=C1[C@H](OC(=O)c2ccccc2)[C@H]2[C@@H](OC(C)=O)[C@@H](C)C[C@]2(OC(C)=O)C(=O)[C@@H](C)/C=C/C(C)(C)C(=O)[C@H](O)[C@H]1OC(C)=O,21600.0,C=C1[C@H](OC(=O)c2ccccc2)[C@H]2[C@@H](OC(C)=O)[C@@H](C)C[C@]2(OC(C)=O)C(=O)[C@@H](C)/C=C/C(C)(C)C(=O)[C@H](O)[C@H]1OC(C)=O,4.665546248849069,PQNNHWCHNOPKGC-PSLQACODSA-N
CHEMBL4524268,COc1cc(OC)c(C(=O)/C=C/c2ccc(Cl)cc2)c(O)c1CC=C(C)C,21780.0,COc1cc(OC)c(C(=O)/C=C/c2ccc(Cl)cc2)c(O)c1CC=C(C)C,4.661942124580244,IPYCPCJUJUOMSX-XYOKQWHBSA-N
CHEMBL3884089,O=C(Nc1ccccc1-c1nnn(-c2ccccc2)n1)c1ccccc1,21800.0,O=C(Nc1ccccc1-c1nnn(-c2ccccc2)n1)c1ccccc1,4.661543506395395,VPYJUJWHNRADAQ-UHFFFAOYSA-N
CHEMBL4748169,COc1cc2c(cc1OC)CN(CCc1ccc(-n3cc(-c4ccc(C(=O)C(C)C)c(NC(=O)c5ccc6ccccc6n5)c4)nn3)cc1)CC2,21830.0,COc1cc2c(cc1OC)CN(CCc1ccc(-n3cc(-c4ccc(C(=O)C(C)C)c(NC(=O)c5ccc6ccccc6n5)c4)nn3)cc1)CC2,4.66094626429086,CRDPDHTUSFHKGC-UHFFFAOYSA-N
CHEMBL2420091,COc1ccc(-c2oc3c(ccc4ccccc43)c(=O)c2OC)cc1OC,21900.0,COc1ccc(-c2oc3c(ccc4ccccc43)c(=O)c2OC)cc1OC,4.6595558851598815,JNZVLQLHSXVIDH-UHFFFAOYSA-N
CHEMBL38750,CC(C)[C@@H]1OC(=O)[C@@H](C)COC(=O)C[C@@H](O)[C@H](Cc2ccccc2)N(C)C1=O,21900.0,CC(C)[C@@H]1OC(=O)[C@@H](C)COC(=O)C[C@@H](O)[C@H](Cc2ccccc2)N(C)C1=O,4.6595558851598815,FLYPVINMSITAOM-RMRDIRSESA-N
CHEMBL4093700,COc1cc2c(cc1OC)CN(CCn1cc(COc3ccccc3C(=O)Nc3ccccc3C)nn1)CC2,21910.0,COc1cc2c(cc1OC)CN(CCn1cc(COc3ccccc3C(=O)Nc3ccccc3C)nn1)CC2,4.659357622439295,BXJYOCWGNNBSDR-UHFFFAOYSA-N
CHEMBL1491,CCOC(=O)C1=C(COCCN)NC(C)=C(C(=O)OC)C1c1ccccc1Cl,22000.0,CCOC(=O)C1=C(COCCN)NC(C)=C(C(=O)OC)C1c1ccccc1Cl,4.657577319177793,HTIQEAQVCYTUBX-UHFFFAOYSA-N
CHEMBL4549202,O=C(c1ccccc1)N1CCc2c([nH]c3ccccc23)C1c1cccc(Cl)c1,22500.0,O=C(c1ccccc1)N1CCc2c([nH]c3ccccc23)C1c1cccc(Cl)c1,4.647817481888637,NVUJCJKAAMFJDS-UHFFFAOYSA-N
CHEMBL633,CCCCc1oc2ccccc2c1C(=O)c1cc(I)c(OCCN(CC)CC)c(I)c1,22500.0,CCCCc1oc2ccccc2c1C(=O)c1cc(I)c(OCCN(CC)CC)c(I)c1,4.647817481888637,IYIKLHRQXLHMJQ-UHFFFAOYSA-N
CHEMBL932,OCCN(CCO)c1nc(N2CCCCC2)c2nc(N(CCO)CCO)nc(N3CCCCC3)c2n1,22700.0,OCCN(CCO)c1nc(N2CCCCC2)c2nc(N(CCO)CCO)nc(N3CCCCC3)c2n1,4.6439741428068775,IZEKFCXSFNUWAM-UHFFFAOYSA-N
CHEMBL5200204,O=C(NCCc1ccccc1)c1nn(-c2ccc(Cl)cc2)c(=O)c2ccccc12,22730.0,O=C(NCCc1ccccc1)c1nn(-c2ccc(Cl)cc2)c(=O)c2ccccc12,4.643400564275029,MGURWGPNOBGQKK-UHFFFAOYSA-N
CHEMBL4073000,COc1cc2c(cc1OC)CN(CCn1cc(COc3ccccc3C(=O)Nc3cccc(Cl)c3)nn1)CC2,22820.0,COc1cc2c(cc1OC)CN(CCn1cc(COc3ccccc3C(=O)Nc3cccc(Cl)c3)nn1)CC2,4.641684359917804,PJKSFPWVOULIEI-UHFFFAOYSA-N
CHEMBL2372496,C/C=C/C[C@@H](C)[C@@H](O)[C@H]1C(=O)N[C@@H](CC)C(=O)N(C)CC(=O)N(C)[C@H](CC(C)C)C(=O)N[C@H](C(C)C)C(=O)N[C@@H](CC(C)C)C(=O)N[C@@H](C)C(=O)N[C@H](C)C(=O)N(C)[C@@H](CC(C)C)C(=O)N(C)[C@@H](CC(C)C)C(=O)N(C)[C@@H](C(C)C)C(=O)N1C,23000.0,C/C=C/C[C@@H](C)[C@@H](O)[C@H]1C(=O)N[C@@H](CC)C(=O)N(C)CC(=O)N(C)[C@H](CC(C)C)C(=O)N[C@H](C(C)C)C(=O)N[C@@H](CC(C)C)C(=O)N[C@@H](C)C(=O)N[C@H](C)C(=O)N(C)[C@@H](CC(C)C)C(=O)N(C)[C@@H](CC(C)C)C(=O)N(C)[C@@H](C(C)C)C(=O)N1C,4.638272163982407,FWMBRFVXLUJFCT-RDFLTYHNSA-N
CHEMBL427392,Oc1ccc(-c2ccc(-c3cc(O)cc(O)c3)cc2)cc1,23000.0,Oc1ccc(-c2ccc(-c3cc(O)cc(O)c3)cc2)cc1,4.638272163982407,DADMQAUVBPTTDT-UHFFFAOYSA-N
CHEMBL207903,COc1cc(OC)cc(-c2ccc(-c3ccc(O)cc3)cc2)c1,23000.0,COc1cc(OC)cc(-c2ccc(-c3ccc(O)cc3)cc2)c1,4.638272163982407,YFHSVEFGWHOYPM-UHFFFAOYSA-N
CHEMBL4563533,O=C(c1ccc(Cl)cc1)N1CCc2c([nH]c3ccccc23)C1c1ccc(F)c(F)c1,23400.0,O=C(c1ccc(Cl)cc1)N1CCc2c([nH]c3ccccc23)C1c1ccc(F)c(F)c1,4.6307841425898575,KBMTYOXVAGVZLK-UHFFFAOYSA-N
CHEMBL19032,COc1cc(OC)c2c(=O)c(OC)c(-c3ccc(OC)c(OC)c3)oc2c1,23400.0,COc1cc(OC)c2c(=O)c(OC)c(-c3ccc(OC)c(OC)c3)oc2c1,4.6307841425898575,ALGDHWVALRSLBT-UHFFFAOYSA-N
CHEMBL4434968,CCCCCc1c(OC)cc(OC)c(C(=O)/C=C/c2cccc(N3CCNCC3)c2)c1O,23590.0,CCCCCc1c(OC)cc(OC)c(C(=O)/C=C/c2cccc(N3CCNCC3)c2)c1O,4.6272720591144045,IRFTZWVRVDGXKD-VAWYXSNFSA-N
CHEMBL4441452,COc1cc(OC)c(C(=O)/C=C/c2cccc(N3CCN(C)CC3)c2)c(O)c1CC=C(C)C,23590.0,COc1cc(OC)c(C(=O)/C=C/c2cccc(N3CCN(C)CC3)c2)c(O)c1CC=C(C)C,4.6272720591144045,VUASIIQURRWUFE-ZRDIBKRKSA-N
CHEMBL4565660,COc1cc(OC)c(C(=O)/C=C/c2ccc(C(F)(F)F)cc2)c(O)c1CC=C(C)C,23590.0,COc1cc(OC)c(C(=O)/C=C/c2ccc(C(F)(F)F)cc2)c(O)c1CC=C(C)C,4.6272720591144045,SSKJQTHORWZWKS-XYOKQWHBSA-N
CHEMBL1393,CC(=O)S[C@@H]1CC2=CC(=O)CC[C@]2(C)[C@H]2CC[C@@]3(C)[C@@H](CC[C@@]34CCC(=O)O4)[C@H]12,23600.0,CC(=O)S[C@@H]1CC2=CC(=O)CC[C@]2(C)[C@H]2CC[C@@]3(C)[C@@H](CC[C@@]34CCC(=O)O4)[C@H]12,4.627087997029894,LXMSZDCAJNLERA-ZHYRCANASA-N
CHEMBL1688198,COCCOCO[C@@H]1/C=C\C(OC(C)=O)C(OC(C)=O)/C=C/[C@@H](OC)[C@@H]2CCC(C)=C1C2(C)C,24000.0,COCCOCO[C@@H]1/C=C\C(OC(C)=O)C(OC(C)=O)/C=C/[C@@H](OC)[C@@H]2CCC(C)=C1C2(C)C,4.619788758288394,NQCBVOZPBRFMSA-XDTDIYPDSA-N
CHEMBL206031,Cc1nc(COc2ccc(C[C@H](NC(=O)O[C@H]3CO[C@H]4OCC[C@H]43)[C@H](O)CN(CC(C)C)S(=O)(=O)c3ccc4c(c3)OCO4)cc2)cs1,24100.0,Cc1nc(COc2ccc(C[C@H](NC(=O)O[C@H]3CO[C@H]4OCC[C@H]43)[C@H](O)CN(CC(C)C)S(=O)(=O)c3ccc4c(c3)OCO4)cc2)cs1,4.617982957425132,JORVRJNILJXMMG-OLNQLETPSA-N
CHEMBL5176886,COc1ccc(CNC(=O)c2nn(-c3ccc(Cl)cc3)c(=O)c3ccccc23)cc1,24280.0,COc1ccc(CNC(=O)c2nn(-c3ccc(Cl)cc3)c(=O)c3ccccc23)cc1,4.61475131759678,ZJXKFIKNZPBXPT-UHFFFAOYSA-N
CHEMBL5421503,COC(=O)/C(C#N)=C/c1cn(CC(=O)Nc2ccccc2OC)c2ccccc12,24300.0,COC(=O)/C(C#N)=C/c1cn(CC(=O)Nc2ccccc2OC)c2ccccc12,4.614393726401688,SJBZNEJHGBRUMZ-RVDMUPIBSA-N
CHEMBL283196,O=c1cc(-c2ccccc2)oc2c1ccc1ccccc12,24600.0,O=c1cc(-c2ccccc2)oc2c1ccc1ccccc12,4.609064892896621,VFMMPHCGEFXGIP-UHFFFAOYSA-N
CHEMBL463095,COc1c(C)c(O)c(C)c(O)c1C(=O)/C=C/c1ccccc1,24730.0,COc1c(C)c(O)c(C)c(O)c1C(=O)/C=C/c1ccccc1,4.6067758836387025,TZEQDSMFACWASC-MDZDMXLPSA-N
CHEMBL4868245,CC(C)OCc1nc(C(C)NC(=O)C(C)Sc2ccnc3cc(Cl)ccc23)no1,25000.0,CC(C)OCc1nc(C(C)NC(=O)C(C)Sc2ccnc3cc(Cl)ccc23)no1,4.6020599913279625,IWBRPFYJHDLFFT-UHFFFAOYSA-N
CHEMBL514286,COc1cccc(CCc2ccccc2OCCN2CCN(c3ccccc3OC)CC2)c1,25000.0,COc1cccc(CCc2ccccc2OCCN2CCN(c3ccccc3OC)CC2)c1,4.6020599913279625,XSDFRRJDAYISQR-UHFFFAOYSA-N
CHEMBL4744075,COCCOCCOCCOc1cc2c(cc1OC)CCN(Cc1ccc(-n3cc(-c4ccc(C(=O)OC)c(NC(=O)c5ccc6ccccc6n5)c4)nn3)cc1)C2,25030.0,COCCOCCOCCOc1cc2c(cc1OC)CCN(Cc1ccc(-n3cc(-c4ccc(C(=O)OC)c(NC(=O)c5ccc6ccccc6n5)c4)nn3)cc1)C2,4.601539150391777,VSSBUXPZPYVRTL-UHFFFAOYSA-N
CHEMBL4556076,C=C1[C@H](OC(C)=O)[C@H]2[C@@H](OC(=O)c3ccccc3)[C@@H](C)C[C@]2(O)C(=O)[C@@H](C)/C=C/C(C)(C)C(=O)[C@H](O)[C@H]1OC(C)=O,25300.0,C=C1[C@H](OC(C)=O)[C@H]2[C@@H](OC(=O)c3ccccc3)[C@@H](C)C[C@]2(O)C(=O)[C@@H](C)/C=C/C(C)(C)C(=O)[C@H](O)[C@H]1OC(C)=O,4.5968794788241825,TURQXJFADDBDSZ-JSJDLNBESA-N
CHEMBL4083430,COc1cc2c(cc1OC)CN(CCn1cc(COc3ccccc3C(=O)Nc3ccccc3)nn1)CC2,25520.0,COc1cc2c(cc1OC)CN(CCn1cc(COc3ccccc3C(=O)Nc3ccccc3)nn1)CC2,4.593119329950875,ZZVOBIJROAWIHZ-UHFFFAOYSA-N
CHEMBL4747679,CNc1cc(Nc2ccc(C#N)cc2)nc(-c2ccccc2)n1,25900.0,CNc1cc(Nc2ccc(C#N)cc2)nc(-c2ccccc2)n1,4.586700235918748,SBFVGZLRYYBGLD-UHFFFAOYSA-N
CHEMBL553,C#Cc1cccc(Nc2ncnc3cc(OCCOC)c(OCCOC)cc23)c1,26000.0,C#Cc1cccc(Nc2ncnc3cc(OCCOC)c(OCCOC)cc23)c1,4.585026652029182,AAKJLRGGTJKAMG-UHFFFAOYSA-N
CHEMBL1480,CCOC(=O)C1=C(C)NC(C)=C(C(=O)OC)C1c1cccc(Cl)c1Cl,26300.0,CCOC(=O)C1=C(C)NC(C)=C(C(=O)OC)C1c1cccc(Cl)c1Cl,4.580044251510242,RZTAMFZIAATZDJ-UHFFFAOYSA-N
CHEMBL4439850,Cc1ccccc1-n1nnnc1SCC(=O)N1CCN(Cc2ccccc2)CC1,26400.0,Cc1ccccc1-n1nnnc1SCC(=O)N1CCN(Cc2ccccc2)CC1,4.578396073130169,UHTFXBGCVLAXPN-UHFFFAOYSA-N
CHEMBL4546355,COc1cc(OC)c(C(=O)/C=C/c2cc(OC)c(OC)c(OC)c2)c(O)c1CC=C(C)C,26560.0,COc1cc(OC)c(C(=O)/C=C/c2cc(OC)c(OC)c(OC)c2)c(O)c1CC=C(C)C,4.57577192930402,WPYKEEIZSXOWNW-PKNBQFBNSA-N
CHEMBL75169,COc1ccc(-c2oc3cc(OC)cc(OC)c3c(=O)c2OC)c(OC)c1,27100.0,COc1ccc(-c2oc3cc(OC)cc(OC)c3c(=O)c2OC)c(OC)c1,4.567030709125595,KPJGABLCRGWDRB-UHFFFAOYSA-N
CHEMBL4435289,COc1cc(OC)c(C(=O)/C=C/c2ccc(OC)c(OC)c2OC)c(O)c1CC=C(C)C,27520.0,COc1cc(OC)c(C(=O)/C=C/c2ccc(OC)c(OC)c2OC)c(O)c1CC=C(C)C,4.560351570436526,ZAZLZMFXJGGOKU-FMIVXFBMSA-N
CHEMBL4561820,O=C(c1cc(-c2cccnc2)nc2ccccc12)N1CCN(Cc2cccs2)CC1,27800.0,O=C(c1cc(-c2cccnc2)nc2ccccc12)N1CCN(Cc2cccs2)CC1,4.555955204081924,DTLVZKOZZDRHEB-UHFFFAOYSA-N
CHEMBL6,COc1ccc2c(c1)c(CC(=O)O)c(C)n2C(=O)c1ccc(Cl)cc1,28000.0,COc1ccc2c(c1)c(CC(=O)O)c(C)n2C(=O)c1ccc(Cl)cc1,4.552841968657781,CGIGDMFJXJATDK-UHFFFAOYSA-N
CHEMBL453805,CC(C)=CCOc1c2occc2cc2ccc(=O)oc12,28000.0,CC(C)=CCOc1c2occc2cc2ccc(=O)oc12,4.552841968657781,OLOOJGVNMBJLLR-UHFFFAOYSA-N
CHEMBL4448129,C=C1[C@H](O)[C@H]2[C@@H](OC(=O)c3ccccc3)[C@](C)(O)C[C@]2(O)[C@H](OC(C)=O)[C@@H](C)/C=C/C(C)(C)C(=O)[C@H](OC(C)=O)[C@H]1OC(=O)c1ccccc1,28000.0,C=C1[C@H](O)[C@H]2[C@@H](OC(=O)c3ccccc3)[C@](C)(O)C[C@]2(O)[C@H](OC(C)=O)[C@@H](C)/C=C/C(C)(C)C(=O)[C@H](OC(C)=O)[C@H]1OC(=O)c1ccccc1,4.552841968657781,BIKKDGDHWIBYDW-XRAUQELJSA-N
CHEMBL207240,COc1cc(OC)cc(-c2ccccc2-c2ccc(O)cc2)c1,28000.0,COc1cc(OC)cc(-c2ccccc2-c2ccc(O)cc2)c1,4.552841968657781,WBVVLROKTBXXTP-UHFFFAOYSA-N
CHEMBL1685067,COc1cc2c(c(O)c1C)C(=O)CC(c1ccccc1)O2,29000.0,COc1cc2c(c(O)c1C)C(=O)CC(c1ccccc1)O2,4.5376020021010435,MJPLGHSVCRZIQU-UHFFFAOYSA-N
CHEMBL4855759,CN(c1cccc2cccnc12)S(=O)(=O)c1cnc2ccsc2c1,29100.0,CN(c1cccc2cccnc12)S(=O)(=O)c1cnc2ccsc2c1,4.536107011014093,LQTUYMXYSMGJHQ-UHFFFAOYSA-N
CHEMBL490,Fc1ccc([C@@H]2CCNC[C@H]2COc2ccc3c(c2)OCO3)cc1,29800.0,Fc1ccc([C@@H]2CCNC[C@H]2COc2ccc3c(c2)OCO3)cc1,4.525783735923745,AHOUBRCZNHFOSL-YOEHRIQHSA-N
CHEMBL4639691,COc1cc([C@@H]2[C@H]3CN(C(C)=O)[C@@H](Cc4ccccc4)CN3C(=O)[C@@]23O[C@H]3c2ccccc2)cc2c1OCO2,30000.0,COc1cc([C@@H]2[C@H]3CN(C(C)=O)[C@@H](Cc4ccccc4)CN3C(=O)[C@@]23O[C@H]3c2ccccc2)cc2c1OCO2,4.522878745280337,CNJPOHZCIZRLEN-JTTXJNPXSA-N
CHEMBL4646024,COc1cc(C[C@H]2CN3C(=O)[C@@]4(O[C@H]4c4ccccc4)[C@H](c4cc(OC)c5c(c4)OCO5)[C@H]3CN2C(C)=O)cc2c1OCO2,30000.0,COc1cc(C[C@H]2CN3C(=O)[C@@]4(O[C@H]4c4ccccc4)[C@H](c4cc(OC)c5c(c4)OCO5)[C@H]3CN2C(C)=O)cc2c1OCO2,4.522878745280337,IKMTWSYMQMGXCQ-HGSJAIJISA-N
CHEMBL4637075,COc1cc(C[C@H]2CN3C(=O)/C(=C/c4ccccc4)[C@H](c4cc(OC)c5c(c4)OCO5)[C@H]3CN2C(C)=O)cc2c1OCO2,30000.0,COc1cc(C[C@H]2CN3C(=O)/C(=C/c4ccccc4)[C@H](c4cc(OC)c5c(c4)OCO5)[C@H]3CN2C(C)=O)cc2c1OCO2,4.522878745280337,LHSUMYDJXGUUCA-UZXXXJBNSA-N
CHEMBL4637554,COc1cc([C@H]2/C(=C\c3ccccc3)C(=O)N3C[C@H](Cc4ccccc4)N(C(C)=O)C[C@H]23)cc2c1OCO2,30000.0,COc1cc([C@H]2/C(=C\c3ccccc3)C(=O)N3C[C@H](Cc4ccccc4)N(C(C)=O)C[C@H]23)cc2c1OCO2,4.522878745280337,VIDPPJILURFWHU-VZALMVKISA-N
CHEMBL2372508,C/C=C/C[C@@H](C)[C@@H](O)[C@H]1C(=O)N[C@@H](CC)C(=O)NCC(=O)N(C)[C@H](CC(C)C)C(=O)N[C@H](C(C)C)C(=O)N(C)[C@H](CC(C)C)C(=O)N[C@@H](C)C(=O)N[C@H](CO)C(=O)N(C)[C@@H](CC(C)C)C(=O)N(C)[C@@H](CC(C)C)C(=O)N(C)[C@@H](C(C)C)C(=O)N1C,30000.0,C/C=C/C[C@@H](C)[C@@H](O)[C@H]1C(=O)N[C@@H](CC)C(=O)NCC(=O)N(C)[C@H](CC(C)C)C(=O)N[C@H](C(C)C)C(=O)N(C)[C@H](CC(C)C)C(=O)N[C@@H](C)C(=O)N[C@H](CO)C(=O)N(C)[C@@H](CC(C)C)C(=O)N(C)[C@@H](CC(C)C)C(=O)N(C)[C@@H](C(C)C)C(=O)N1C,4.522878745280337,GHTBLNXGTHUFBG-IUXUOCSVSA-N
CHEMBL2372465,CC/C=C/C[C@@H](C)[C@@H](O)[C@H]1C(=O)N[C@@H](CC)C(=O)N(C)CC(=O)N(C)[C@@H](CC(C)(C)O)C(=O)N[C@H](C(C)C)C(=O)N(C)[C@H](CC(C)C)C(=O)N[C@@H](C)C(=O)N[C@H](C)C(=O)N(C)[C@@H](CC(C)C)C(=O)N(C)[C@@H](CC(C)C)C(=O)N(C)[C@@H](C(C)C)C(=O)N1C,30000.0,CC/C=C/C[C@@H](C)[C@@H](O)[C@H]1C(=O)N[C@@H](CC)C(=O)N(C)CC(=O)N(C)[C@@H](CC(C)(C)O)C(=O)N[C@H](C(C)C)C(=O)N(C)[C@H](CC(C)C)C(=O)N[C@@H](C)C(=O)N[C@H](C)C(=O)N(C)[C@@H](CC(C)C)C(=O)N(C)[C@@H](CC(C)C)C(=O)N(C)[C@@H](C(C)C)C(=O)N1C,4.522878745280337,KVUFLOXJKUYFMQ-HQCNNLQUSA-N
CHEMBL1790678,CC[C@H](C)[C@@H]1NC(=O)[C@@H]2CCCN2C(=O)[C@@H](C)N(C)C(=O)[C@H](CO)NC(=O)[C@H](C(C)C)N(C)C(=O)[C@@H]([C@@H](C)CC)OC(=O)[C@H](C(C)(C)O)N(C)C(=O)[C@H](CC(C)C)NC(=O)[C@H](C(C)C)N(C)C1=O,31000.0,CC[C@H](C)[C@@H]1NC(=O)[C@@H]2CCCN2C(=O)[C@@H](C)N(C)C(=O)[C@H](CO)NC(=O)[C@H](C(C)C)N(C)C(=O)[C@@H]([C@@H](C)CC)OC(=O)[C@H](C(C)(C)O)N(C)C(=O)[C@H](CC(C)C)NC(=O)[C@H](C(C)C)N(C)C1=O,4.508638306165727,ZPCUBEVVSSXLJD-LHVAPPFFSA-N
CHEMBL474757,COc1cc2c(cc1OC)CN(CCc1ccc(NC(=O)Nc3ccc(N)cc3)cc1)CC2,31000.0,COc1cc2c(cc1OC)CN(CCc1ccc(NC(=O)Nc3ccc(N)cc3)cc1)CC2,4.508638306165727,GGQMUXQOMIDATF-UHFFFAOYSA-N
CHEMBL4446615,O=C(CSc1nnc(-c2ccc(F)cc2)o1)N1CCN(Cc2ccc3c(c2)CCO3)CC1,31000.0,O=C(CSc1nnc(-c2ccc(F)cc2)o1)N1CCN(Cc2ccc3c(c2)CCO3)CC1,4.508638306165727,IEXJAHHTWULZER-UHFFFAOYSA-N
CHEMBL77993,COc1ccc(-c2oc3c(OC)c(OC)c(OC)c(OC)c3c(=O)c2OC)cc1OC,31000.0,COc1ccc(-c2oc3c(OC)c(OC)c(OC)c(OC)c3c(=O)c2OC)cc1OC,4.508638306165727,SSXJHQZOHUYEGD-UHFFFAOYSA-N
CHEMBL3763817,COc1cc(OC)c2c(=O)cc(N3CCN(Cc4ccc(C(F)(F)F)cc4)CC3)oc2c1,31300.0,COc1cc(OC)c2c(=O)cc(N3CCN(Cc4ccc(C(F)(F)F)cc4)CC3)oc2c1,4.504455662453552,ASDVBWDRBPIGEL-UHFFFAOYSA-N
CHEMBL4572141,COc1cc(OC)c(C(=O)/C=C/c2cccc(N3CCOCC3)c2)c(O)c1CC=C(C)C,31600.0,COc1cc(OC)c(C(=O)/C=C/c2cccc(N3CCOCC3)c2)c(O)c1CC=C(C)C,4.500312917381596,ITTVFRZCYUKCDP-PKNBQFBNSA-N
CHEMBL1945986,COc1ccc(CCN(C)CCCC(C#N)(c2ccc(O)c(O)c2)C(C)C)cc1OC,31700.0,COc1ccc(CCN(C)CCCC(C#N)(c2ccc(O)c(O)c2)C(C)C)cc1OC,4.498940737782249,MOHIPCKXXCQYJQ-UHFFFAOYSA-N
CHEMBL809,CN[C@H]1CC[C@@H](c2ccc(Cl)c(Cl)c2)c2ccccc21,31800.0,CN[C@H]1CC[C@@H](c2ccc(Cl)c(Cl)c2)c2ccccc21,4.497572880015567,VGKDLMBJGBXTGI-SJCJKPOMSA-N
CHEMBL4101419,COc1cc2c(cc1OC)CN(CCn1cc(COc3ccccc3C(=O)Nc3cc(OC)c(OC)c(OC)c3)nn1)CC2,31920.0,COc1cc2c(cc1OC)CN(CCn1cc(COc3ccccc3C(=O)Nc3cc(OC)c(OC)c(OC)c3)nn1)CC2,4.495937117321308,QBQSIAMCKADTSL-UHFFFAOYSA-N
CHEMBL452751,COc1c2ccoc2c(OCC=C(C)C)c2oc(=O)ccc12,32000.0,COc1c2ccoc2c(OCC=C(C)C)c2oc(=O)ccc12,4.494850021680094,BMLZFLQMBMYVHG-UHFFFAOYSA-N
CHEMBL3809206,COc1cccc(/C=C/C(=O)c2ccc(Nc3nc(-c4ccccc4)nc4ccccc34)cc2)c1,32100.0,COc1cccc(/C=C/C(=O)c2ccc(Nc3nc(-c4ccccc4)nc4ccccc34)cc2)c1,4.493494967595128,BXXMOZUVOUKJNT-XMHGGMMESA-N
CHEMBL4879245,CCN(c1ccccc1)c1cc(NCCc2nnc(C(C)C)s2)ncn1,32700.0,CCN(c1ccccc1)c1cc(NCCc2nnc(C(C)C)s2)ncn1,4.485452247339714,LMKXMZWSBUBRSX-UHFFFAOYSA-N
CHEMBL3426397,CCOc1ccc(-n2nnc(-c3ccccc3NC(=O)c3ccc(OC)c(OC)c3)n2)cc1,32800.0,CCOc1ccc(-n2nnc(-c3ccccc3NC(=O)c3ccc(OC)c(OC)c3)n2)cc1,4.484126156288321,XOHZXXIUIWVFAI-UHFFFAOYSA-N
CHEMBL207244,COc1cc(/C=C/c2cccc(OC)c2O)cc(OC)c1,34000.0,COc1cc(/C=C/c2cccc(OC)c2O)cc(OC)c1,4.468521082957745,VWIJWYTVLATTPJ-BQYQJAHWSA-N
CHEMBL52229,COc1ccc2ccc(=O)oc2c1CC=C(C)C,34000.0,COc1ccc2ccc(=O)oc2c1CC=C(C)C,4.468521082957745,MBRLOUHOWLUMFF-UHFFFAOYSA-N
CHEMBL506278,COC(=O)c1ccc(C(=O)Nc2ccc(CCN3CCc4cc(OC)c(OC)cc4C3)cc2)cc1NC(=O)c1cnc2ccccc2n1,34000.0,COC(=O)c1ccc(C(=O)Nc2ccc(CCN3CCc4cc(OC)c(OC)cc4C3)cc2)cc1NC(=O)c1cnc2ccccc2n1,4.468521082957745,PFSYTCDBLGSLFB-UHFFFAOYSA-N
CHEMBL3291398,C=C[C@]1(C)C[C@@H](OC(=O)CS[C@@H]2CC[C@@H](N)C[C@H]2O)[C@]2(C)[C@H](C)CC[C@]3(CCC(=O)[C@H]32)[C@@H](C)[C@@H]1O,34100.0,C=C[C@]1(C)C[C@@H](OC(=O)CS[C@@H]2CC[C@@H](N)C[C@H]2O)[C@]2(C)[C@H](C)CC[C@]3(CCC(=O)[C@H]32)[C@@H](C)[C@@H]1O,4.467245621007502,KPVIXBKIJXZQJX-FCEONZPQSA-N
CHEMBL5185776,O=C(NCc1ccncc1)c1nn(-c2ccc(Cl)cc2)c(=O)c2ccccc12,34750.0,O=C(NCc1ccncc1)c1nn(-c2ccc(Cl)cc2)c(=O)c2ccccc12,4.4590451910738675,IWWASBWXIMPLAI-UHFFFAOYSA-N
CHEMBL502,COc1cc2c(cc1OC)C(=O)C(CC1CCN(Cc3ccccc3)CC1)C2,34850.0,COc1cc2c(cc1OC)C(=O)C(CC1CCN(Cc3ccccc3)CC1)C2,4.457797217565972,ADEBPBSSDYVVLD-UHFFFAOYSA-N
CHEMBL5193089,O=C(NCc1ccc(-c2ccccc2)cc1)c1nn(-c2ccc(Cl)cc2)c(=O)c2ccccc12,35120.0,O=C(NCc1ccc(-c2ccccc2)cc1)c1nn(-c2ccc(Cl)cc2)c(=O)c2ccccc12,4.454445492765935,NMQBNZUYFOPIAV-UHFFFAOYSA-N
CHEMBL3330555,Cc1ccccc1Nc1nc(SCc2cn(Cc3ccc(Cl)cc3)nn2)nc(-c2ccccc2)c1C#N,36000.0,Cc1ccccc1Nc1nc(SCc2cn(Cc3ccc(Cl)cc3)nn2)nc(-c2ccccc2)c1C#N,4.443697499232712,SHILYGXOBHUOSE-UHFFFAOYSA-N
CHEMBL3765052,COc1cc(OC)c2c(=O)cc(N3CCN(Cc4ccc(SC(F)(F)F)cc4)CC3)oc2c1,36600.0,COc1cc(OC)c2c(=O)cc(N3CCN(Cc4ccc(SC(F)(F)F)cc4)CC3)oc2c1,4.436518914605589,NMYZIYGOQKSRJI-UHFFFAOYSA-N
CHEMBL3426398,COc1ccc(-n2nnc(-c3ccccc3NC(=O)c3ccc(OC)c(OC)c3)n2)cc1,37200.0,COc1ccc(-n2nnc(-c3ccccc3NC(=O)c3ccc(OC)c(OC)c3)n2)cc1,4.429457060118103,WQDOCDOPVJZUQZ-UHFFFAOYSA-N
CHEMBL3605262,CC[C@@H]1CN(C)[C@H]2Cc3c([nH]c4ccccc34)/C(=N/Nc3ccc(Br)cn3)C[C@H]1[C@@H]2C(=O)OC,37640.0,CC[C@@H]1CN(C)[C@H]2Cc3c([nH]c4ccccc34)/C(=N/Nc3ccc(Br)cn3)C[C@H]1[C@@H]2C(=O)OC,4.4243503852447805,KSGUZOYRVXFLMZ-LMRMYWATSA-N
CHEMBL4060246,CC[C@H]1CN(C)[C@H]2Cc3c(n(Cc4ccccc4)c4ccccc34)C(=O)C[C@H]1[C@@H]2C(=O)OC,38090.0,CC[C@H]1CN(C)[C@H]2Cc3c(n(Cc4ccccc4)c4ccccc34)C(=O)C[C@H]1[C@@H]2C(=O)OC,4.419189027339054,PWDPPLCZVSMUPL-YPLHNQGHSA-N
CHEMBL4783985,COC(=O)c1ccc(-c2cn(-c3ccc(CCN4CCc5ccccc5C4)cc3)nn2)cc1NC(=O)c1ccc2ccccc2n1,38270.0,COC(=O)c1ccc(-c2cn(-c3ccc(CCN4CCc5ccccc5C4)cc3)nn2)cc1NC(=O)c1ccc2ccccc2n1,4.417141537775501,KFFZECZGHUCQAD-UHFFFAOYSA-N
CHEMBL73930,COc1ccc(-c2cc(=O)c3c(OC)c(OC)c(OC)c(OC)c3o2)cc1,39000.0,COc1ccc(-c2cc(=O)c3c(OC)c(OC)c(OC)c(OC)c3o2)cc1,4.4089353929735005,ULSUXBXHSYSGDT-UHFFFAOYSA-N
CHEMBL3813832,CCOc1cccc(C(=O)NN(C(=O)c2cc(C)cc(C)c2)C(C)(C)C)c1,39900.0,CCOc1cccc(C(=O)NN(C(=O)c2cc(C)cc(C)c2)C(C)(C)C)c1,4.399027104313252,MZKUTFSSIFVTKY-UHFFFAOYSA-N
CHEMBL3605261,CC[C@H]1CN(C)[C@H]2Cc3c([nH]c4ccccc34)/C(=N/Nc3ccc(Br)cn3)C[C@H]1[C@@H]2C(=O)OC,39930.0,CC[C@H]1CN(C)[C@H]2Cc3c([nH]c4ccccc34)/C(=N/Nc3ccc(Br)cn3)C[C@H]1[C@@H]2C(=O)OC,4.398700689805662,KSGUZOYRVXFLMZ-ONBSAPLUSA-N
CHEMBL4464702,COc1cc(O)c(C(=O)/C=C/c2cccc(N3CCN(C(=O)OC(C)(C)C)CC3)c2)c(OC)c1,39950.0,COc1cc(O)c(C(=O)/C=C/c2cccc(N3CCN(C(=O)OC(C)(C)C)CC3)c2)c(OC)c1,4.39848321634999,JWNYYLTWLQRQSN-MDZDMXLPSA-N
CHEMBL457891,COc1cccc(CCc2ccccc2OCCN2CCN(c3cccc(C(F)(F)F)c3)CC2)c1,40000.0,COc1cccc(CCc2ccccc2OCCN2CCN(c3cccc(C(F)(F)F)c3)CC2)c1,4.3979400086720375,PXVPRODQEGDLBS-UHFFFAOYSA-N
CHEMBL8260,O=c1cc(-c2ccccc2)oc2cc(O)c(O)c(O)c12,41000.0,O=c1cc(-c2ccccc2)oc2cc(O)c(O)c(O)c12,4.3872161432802645,FXNFHKRTJBSTCS-UHFFFAOYSA-N
CHEMBL4874717,COc1cc2c(cc1OC)CN(C(=O)c1ccc(-c3ccc(Oc4ccccc4)cc3)o1)CC2,42000.0,COc1cc2c(cc1OC)CN(C(=O)c1ccc(-c3ccc(Oc4ccccc4)cc3)o1)CC2,4.376750709602099,VQQAPFUHHORQPP-UHFFFAOYSA-N
CHEMBL2372491,CC/C=C/C[C@@H](C)[C@@H](O)[C@H]1C(=O)N[C@@H](CC)C(=O)N(C)CC(=O)N(C)[C@H](CC(C)C)C(=O)N[C@H](C(C)C)C(=O)N(C)[C@H](CC(C)C)C(=O)N[C@@H](C)C(=O)N[C@H](CO)C(=O)N(C)[C@@H](CC(C)C)C(=O)N(C)[C@@H](CC(C)C)C(=O)N(C)[C@@H](C(C)C)C(=O)N1C,42000.0,CC/C=C/C[C@@H](C)[C@@H](O)[C@H]1C(=O)N[C@@H](CC)C(=O)N(C)CC(=O)N(C)[C@H](CC(C)C)C(=O)N[C@H](C(C)C)C(=O)N(C)[C@H](CC(C)C)C(=O)N[C@@H](C)C(=O)N[C@H](CO)C(=O)N(C)[C@@H](CC(C)C)C(=O)N(C)[C@@H](CC(C)C)C(=O)N(C)[C@@H](C(C)C)C(=O)N1C,4.376750709602099,HNJSIYQWJAJGOC-YZEMNDORSA-N
CHEMBL381734,CCOc1cc(/C=C/c2cc(OC)cc(OC)c2)ccc1O,42000.0,CCOc1cc(/C=C/c2cc(OC)cc(OC)c2)ccc1O,4.376750709602099,QLVFTUVYNJDWKN-AATRIKPKSA-N
CHEMBL83527,COc1cc(/C=C/c2ccc(O)cc2)cc(OC)c1,42000.0,COc1cc(/C=C/c2ccc(O)cc2)cc(OC)c1,4.376750709602099,VLEUZFDZJKSGMX-ONEGZZNKSA-N
CHEMBL4469398,COc1cc(O)c(C(=O)/C=C/c2cccc(N3CCN(C(=O)c4ccc(OC)c(OC)c4)CC3)c2)c(OC)c1,42310.0,COc1cc(O)c(C(=O)/C=C/c2cccc(N3CCN(C(=O)c4ccc(OC)c(OC)c4)CC3)c2)c(OC)c1,4.3735569746687055,FNBUOQUSLRXLDX-CSKARUKUSA-N
CHEMBL23,COc1ccc([C@@H]2Sc3ccccc3N(CCN(C)C)C(=O)[C@@H]2OC(C)=O)cc1,42657.95,COc1ccc([C@@H]2Sc3ccccc3N(CCN(C)C)C(=O)[C@@H]2OC(C)=O)cc1,4.3700000191416315,HSUGRBWQSSZJOP-RTWAWAEBSA-N
CHEMBL38248,COCO[C@H]1CC(=O)O[C@H](C)[C@H](C)C(=O)OCC(=O)N(C)[C@H]1Cc1ccccc1,42700.0,COCO[C@H]1CC(=O)O[C@H](C)[C@H](C)C(=O)OCC(=O)N(C)[C@H]1Cc1ccccc1,4.369572124974976,JBUZVHAAWGDAAE-MVJTYMMSSA-N
CHEMBL1172,Clc1ccc2c(c1)CCc1cccnc1C2=C1CCNCC1,43000.0,Clc1ccc2c(c1)CCc1cccnc1C2=C1CCNCC1,4.366531544420414,JAUOIFJMECXRGI-UHFFFAOYSA-N
CHEMBL532,CC[C@H]1OC(=O)[C@H](C)[C@@H](O[C@H]2C[C@@](C)(OC)[C@@H](O)[C@H](C)O2)[C@H](C)[C@@H](O[C@@H]2O[C@H](C)C[C@H](N(C)C)[C@H]2O)[C@](C)(O)C[C@@H](C)C(=O)[C@H](C)[C@@H](O)[C@]1(C)O,43000.0,CC[C@H]1OC(=O)[C@H](C)[C@@H](O[C@H]2C[C@@](C)(OC)[C@@H](O)[C@H](C)O2)[C@H](C)[C@@H](O[C@@H]2O[C@H](C)C[C@H](N(C)C)[C@H]2O)[C@](C)(O)C[C@@H](C)C(=O)[C@H](C)[C@@H](O)[C@]1(C)O,4.366531544420414,ULGZDMOVFRHVEP-RWJQBGPGSA-N
CHEMBL3814875,CC(C)(C)N(NC(=O)c1cccc(C(F)(F)F)c1)C(=O)c1ccccc1Cl,43800.0,CC(C)(C)N(NC(=O)c1cccc(C(F)(F)F)c1)C(=O)c1ccccc1Cl,4.3585258894959,YKEAXDGNVJGRDC-UHFFFAOYSA-N
CHEMBL5483011,CC(C)(C)NC(=O)[C@@H]1CN(Cc2cccnc2)CCN1C[C@@H](O)C[C@@H](Cc1ccccc1)C(=O)N[C@H]1c2ccccc2C[C@H]1O.O,44000.0,CC(C)(C)NC(=O)[C@@H]1CN(Cc2cccnc2)CCN1C[C@@H](O)C[C@@H](Cc1ccccc1)C(=O)N[C@H]1c2ccccc2C[C@H]1O,4.356547323513812,CBVCZFGXHXORBI-PXQQMZJSSA-N
CHEMBL3596579,CC(=O)Oc1cc(OC(C)=O)c2ccc(=O)oc2c1CC=C(C)C,44000.0,CC(=O)Oc1cc(OC(C)=O)c2ccc(=O)oc2c1CC=C(C)C,4.356547323513812,LHDJBZLGXJRNPO-UHFFFAOYSA-N
CHEMBL55772,COc1cccc(C(=O)NN(C(=O)c2cc(C)cc(C)c2)C(C)(C)C)c1C,44300.0,COc1cccc(C(=O)NN(C(=O)c2cc(C)cc(C)c2)C(C)(C)C)c1C,4.3535962737769305,QCAWEPFNJXQPAN-UHFFFAOYSA-N
CHEMBL4856023,CCCOc1ccc(-c2ccc(C(=O)N3CCc4cc(OC)c(OC)cc4C3)o2)cc1,44600.0,CCCOc1ccc(-c2ccc(C(=O)N3CCc4cc(OC)c(OC)cc4C3)o2)cc1,4.350665141287858,OYRJNBORNVHXMK-UHFFFAOYSA-N
CHEMBL4101435,CC[C@H]1CN(C)[C@H]2Cc3c([nH]c4ccccc34)/C(=N/NC(=S)NCc3cccnc3)C[C@H]1[C@@H]2C(=O)OC,45210.0,CC[C@H]1CN(C)[C@H]2Cc3c([nH]c4ccccc34)/C(=N/NC(=S)NCc3cccnc3)C[C@H]1[C@@H]2C(=O)OC,4.344765492965705,KATKJDVZLHVWGM-VPDCWWBUSA-N
CHEMBL2286425,CC(C)(C)N(NC(=O)c1cccc(Cl)c1)C(=O)c1ccccc1Cl,45700.0,CC(C)(C)N(NC(=O)c1cccc(Cl)c1)C(=O)c1ccccc1Cl,4.34008379993015,YVAIPWQNMHDDIV-UHFFFAOYSA-N
CHEMBL5206544,O=C(NCCc1cccc(F)c1)c1nn(-c2ccc(Cl)cc2)c(=O)c2ccccc12,46320.0,O=C(NCCc1cccc(F)c1)c1nn(-c2ccc(Cl)cc2)c(=O)c2ccccc12,4.33423144928062,PJQCALXVECZSTC-UHFFFAOYSA-N
CHEMBL5192402,O=C(NCCc1cccc(Cl)c1)c1nn(-c2ccc(Cl)cc2)c(=O)c2ccccc12,46540.0,O=C(NCCc1cccc(Cl)c1)c1nn(-c2ccc(Cl)cc2)c(=O)c2ccccc12,4.3321736210492885,QRDRSMZYTTWVFA-UHFFFAOYSA-N
CHEMBL3813799,CC(C)(C)N(NC(=O)c1cc(Cl)ccc1Cl)C(=O)c1ccccc1Cl,46700.0,CC(C)(C)N(NC(=O)c1cc(Cl)ccc1Cl)C(=O)c1ccccc1Cl,4.330683119433888,BTNDHCAGISNXQN-UHFFFAOYSA-N
CHEMBL103,CC(=O)[C@H]1CC[C@H]2[C@@H]3CCC4=CC(=O)CC[C@]4(C)[C@H]3CC[C@]12C,47863.01,CC(=O)[C@H]1CC[C@H]2[C@@H]3CCC4=CC(=O)CC[C@]4(C)[C@H]3CC[C@]12C,4.319999993033794,RJKFOVLPORLFTN-LEKSSAKUSA-N
CHEMBL3814404,Cc1cccc(C(=O)NN(C(=O)c2cc(C)cc(C)c2)C(C)(C)C)c1,48200.0,Cc1cccc(C(=O)NN(C(=O)c2cc(C)cc(C)c2)C(C)(C)C)c1,4.31695296176115,YPWWAIFKQOMMKH-UHFFFAOYSA-N
CHEMBL4076299,CC[C@@H]1CN(C)[C@H]2Cc3c([nH]c4ccccc34)/C(=N/N)C[C@H]1[C@@H]2C(=O)OC,48700.0,CC[C@@H]1CN(C)[C@H]2Cc3c([nH]c4ccccc34)/C(=N/N)C[C@H]1[C@@H]2C(=O)OC,4.3124710387853655,YFEXYCDUKXFAKG-QIGCFUMMSA-N
CHEMBL5400953,CCOC(=O)c1cccc(NC(=O)O[C@@H]2CO[C@H]3[C@@H]2OC[C@@H]3NS(=O)(=O)c2cc(OC)ccc2OC)c1,50000.0,CCOC(=O)c1cccc(NC(=O)O[C@@H]2CO[C@H]3[C@@H]2OC[C@@H]3NS(=O)(=O)c2cc(OC)ccc2OC)c1,4.301029995663981,QJKSIXNPHIYEKJ-RGMHLJPOSA-N
CHEMBL5417022,CC(C)(C)OC(=O)N[C@H](Cc1ccc(OC(=O)OC(C)(C)C)cc1)C(=O)NCCCC(=O)Oc1ccc2c(=O)c(Oc3ccccc3F)coc2c1,50000.0,CC(C)(C)OC(=O)N[C@H](Cc1ccc(OC(=O)OC(C)(C)C)cc1)C(=O)NCCCC(=O)Oc1ccc2c(=O)c(Oc3ccccc3F)coc2c1,4.301029995663981,DNDJBZFXIIDGKE-MUUNZHRXSA-N
CHEMBL5420251,COc1cc([C@@H]2c3cc4c(cc3[C@H](O[C@H]3O[C@@H]5CO[C@@H](C)O[C@H]5[C@H](O)[C@H]3O)[C@H]3COC(=O)[C@H]23)OCO4)cc(OC)c1O,50000.0,COc1cc([C@@H]2c3cc4c(cc3[C@H](O[C@H]3O[C@@H]5CO[C@@H](C)O[C@H]5[C@H](O)[C@H]3O)[C@H]3COC(=O)[C@H]23)OCO4)cc(OC)c1O,4.301029995663981,VJJPUSNTGOMMGY-QIWJEKFPSA-N
CHEMBL2372472,CC[C@@H]1NC(=O)[C@H]([C@H](O)[C@H](C)C/C=C/CO)N(C)C(=O)[C@H](C(C)C)N(C)C(=O)[C@H](CC(C)C)N(C)C(=O)[C@H](CC(C)C)N(C)C(=O)[C@@H](C)NC(=O)[C@H](C)NC(=O)[C@@H](CC(C)C)N(C)C(=O)[C@@H](C(C)C)NC(=O)[C@@H](CC(C)C)N(C)C(=O)CN(C)C1=O,50000.0,CC[C@@H]1NC(=O)[C@H]([C@H](O)[C@H](C)C/C=C/CO)N(C)C(=O)[C@H](C(C)C)N(C)C(=O)[C@H](CC(C)C)N(C)C(=O)[C@H](CC(C)C)N(C)C(=O)[C@@H](C)NC(=O)[C@H](C)NC(=O)[C@@H](CC(C)C)N(C)C(=O)[C@@H](C(C)C)NC(=O)[C@@H](CC(C)C)N(C)C(=O)CN(C)C1=O,4.301029995663981,ZPZHKIOMBYYVRD-SINWUMCESA-N
CHEMBL655,Cc1ncc2n1-c1ccc(Cl)cc1C(c1ccccc1F)=NC2,50000.0,Cc1ncc2n1-c1ccc(Cl)cc1C(c1ccccc1F)=NC2,4.301029995663981,DDLIGBOFAVUZHB-UHFFFAOYSA-N
CHEMBL70,CN1CC[C@]23c4c5ccc(O)c4O[C@H]2[C@@H](O)C=C[C@H]3[C@H]1C5,50000.0,CN1CC[C@]23c4c5ccc(O)c4O[C@H]2[C@@H](O)C=C[C@H]3[C@H]1C5,4.301029995663981,BQJCRHHNABKAKU-KBQPJGBKSA-N
CHEMBL2372482,CC/C=C/C[C@@H](C)[C@@H](O)[C@H]1C(=O)N[C@@H](CC)C(=O)N(C)CC(=O)N(C)[C@H](CC(C)C)C(=O)N[C@H](C(C)C)C(=O)N(C)[C@H](CC(C)C)C(=O)N[C@@H](CC)C(=O)N[C@H](C)C(=O)N(C)[C@@H](CC(C)C)C(=O)N(C)[C@@H](CC(C)C)C(=O)N(C)[C@@H](C(C)C)C(=O)N1C,50000.0,CC/C=C/C[C@@H](C)[C@@H](O)[C@H]1C(=O)N[C@@H](CC)C(=O)N(C)CC(=O)N(C)[C@H](CC(C)C)C(=O)N[C@H](C(C)C)C(=O)N(C)[C@H](CC(C)C)C(=O)N[C@@H](CC)C(=O)N[C@H](C)C(=O)N(C)[C@@H](CC(C)C)C(=O)N(C)[C@@H](CC(C)C)C(=O)N(C)[C@@H](C(C)C)C(=O)N1C,4.301029995663981,NDZFDJPZSCYKMG-DVSRNCBQSA-N
CHEMBL5401400,CC(C)C[C@H](NC(=O)[C@H]1CCCN1C(=O)[C@@H](C)NC(=O)COc1cc(O)c2c(=O)c(-c3ccc4c(c3)OCCO4)coc2c1)C(=O)CC(N)=O,50000.0,CC(C)C[C@H](NC(=O)[C@H]1CCCN1C(=O)[C@@H](C)NC(=O)COc1cc(O)c2c(=O)c(-c3ccc4c(c3)OCCO4)coc2c1)C(=O)CC(N)=O,4.301029995663981,MOIJAHWAZFJXSM-VEXUSMLFSA-N
CHEMBL107,COc1cc2c(c(OC)c1OC)-c1ccc(OC)c(=O)cc1[C@@H](NC(C)=O)CC2,50000.0,COc1cc2c(c(OC)c1OC)-c1ccc(OC)c(=O)cc1[C@@H](NC(C)=O)CC2,4.301029995663981,IAKHMKGGTNLKSZ-INIZCTEOSA-N
CHEMBL44657,COc1cc([C@@H]2c3cc4c(cc3[C@@H](O[C@@H]3O[C@@H]5CO[C@@H](C)O[C@H]5[C@H](O)[C@H]3O)[C@H]3COC(=O)[C@H]23)OCO4)cc(OC)c1O,50000.0,COc1cc([C@@H]2c3cc4c(cc3[C@@H](O[C@@H]3O[C@@H]5CO[C@@H](C)O[C@H]5[C@H](O)[C@H]3O)[C@H]3COC(=O)[C@H]23)OCO4)cc(OC)c1O,4.301029995663981,VJJPUSNTGOMMGY-MRVIYFEKSA-N
CHEMBL5403462,COc1ccc2c(c1)[C@H](CCNC(=O)C[C@@H](C1=C(O)[C@@]3(Oc4c(Cl)c(OC)cc(OC)c4C3=O)[C@H](C)CC1=O)c1ccc(O)c(OC)c1)C(=O)N2,50000.0,COc1ccc2c(c1)[C@H](CCNC(=O)C[C@@H](C1=C(O)[C@@]3(Oc4c(Cl)c(OC)cc(OC)c4C3=O)[C@H](C)CC1=O)c1ccc(O)c(OC)c1)C(=O)N2,4.301029995663981,NBOQESPYXLVXRR-QSDUQCIYSA-N
CHEMBL389621,C[C@]12CCC(=O)C=C1CC[C@@H]1[C@@H]2[C@@H](O)C[C@@]2(C)[C@H]1CC[C@]2(O)C(=O)CO,50000.0,C[C@]12CCC(=O)C=C1CC[C@@H]1[C@@H]2[C@@H](O)C[C@@]2(C)[C@H]1CC[C@]2(O)C(=O)CO,4.301029995663981,JYGXADMDTFJGBT-VWUMJDOOSA-N
CHEMBL30,CN/C(=N\CCSCc1nc[nH]c1C)NC#N,50000.0,CN/C(=N\CCSCc1nc[nH]c1C)NC#N,4.301029995663981,AQIXAKUUQRKLND-UHFFFAOYSA-N
CHEMBL3220342,Nc1nc(NC2CC2)c2ncn([C@H]3C=C[C@@H](COC(=O)CCC(=O)OC[C@@H]4C=C[C@H](n5cnc6c(NC7CC7)nc(N)nc65)C4)C3)c2n1,50000.0,Nc1nc(NC2CC2)c2ncn([C@H]3C=C[C@@H](COC(=O)CCC(=O)OC[C@@H]4C=C[C@H](n5cnc6c(NC7CC7)nc(N)nc65)C4)C3)c2n1,4.301029995663981,JUULLZOYILZTBT-UBBRYJJRSA-N
CHEMBL384467,C[C@@H]1C[C@H]2[C@@H]3CCC4=CC(=O)C=C[C@]4(C)[C@@]3(F)[C@@H](O)C[C@]2(C)[C@@]1(O)C(=O)CO,50000.0,C[C@@H]1C[C@H]2[C@@H]3CCC4=CC(=O)C=C[C@]4(C)[C@@]3(F)[C@@H](O)C[C@]2(C)[C@@]1(O)C(=O)CO,4.301029995663981,UREBDLICKHMUKA-CXSFZGCWSA-N
CHEMBL31421,CC1(C)SSC(C)(C)[C@@H](NC(=O)[C@@H](N)Cc2ccc(O)cc2)C(=O)NCC(=O)N[C@@H](Cc2ccccc2)C(=O)N[C@H]1C(=O)O,50000.0,CC1(C)SSC(C)(C)[C@@H](NC(=O)[C@@H](N)Cc2ccc(O)cc2)C(=O)NCC(=O)N[C@@H](Cc2ccccc2)C(=O)N[C@H]1C(=O)O,4.301029995663981,MCMMCRYPQBNCPH-WMIMKTLMSA-N
CHEMBL3704747,CC(=O)CC[C@H]1C(=O)N[C@@H](C(C)C)C(=O)N[C@@H](Cc2cc(O)cc(F)c2)C(=O)N2CCCC(N2)C(=O)O[C@H](/C(C)=C/C=C/C(=O)N2CCCCO2)C/C=C/C=C/[C@H](O)[C@H](C)[C@H]1O,50000.0,CC(=O)CC[C@H]1C(=O)N[C@@H](C(C)C)C(=O)N[C@@H](Cc2cc(O)cc(F)c2)C(=O)N2CCCC(N2)C(=O)O[C@H](/C(C)=C/C=C/C(=O)N2CCCCO2)C/C=C/C=C/[C@H](O)[C@H](C)[C@H]1O,4.301029995663981,CFLBTKFHBBDVKC-RROFBZPUSA-N
CHEMBL1779521,COCCOCCOCCOc1cc2c(cc1OC)CN(CCc1ccc(NC(=O)c3ccc(C(=O)O)c(NC(=O)c4ccc5ncccc5c4)c3)cc1)CC2.O=C(O)C(F)(F)F,50000.0,COCCOCCOCCOc1cc2c(cc1OC)CN(CCc1ccc(NC(=O)c3ccc(C(=O)O)c(NC(=O)c4ccc5ncccc5c4)c3)cc1)CC2,4.301029995663981,DCENPAKGFOQFKF-UHFFFAOYSA-N
CHEMBL1751,C[C@H]1O[C@@H](O[C@H]2[C@@H](O)C[C@H](O[C@H]3[C@@H](O)C[C@H](O[C@H]4CC[C@@]5(C)[C@H](CC[C@@H]6[C@@H]5C[C@@H](O)[C@]5(C)[C@@H](C7=CC(=O)OC7)CC[C@]65O)C4)O[C@@H]3C)O[C@@H]2C)C[C@H](O)[C@@H]1O,50000.0,C[C@H]1O[C@@H](O[C@H]2[C@@H](O)C[C@H](O[C@H]3[C@@H](O)C[C@H](O[C@H]4CC[C@@]5(C)[C@H](CC[C@@H]6[C@@H]5C[C@@H](O)[C@]5(C)[C@@H](C7=CC(=O)OC7)CC[C@]65O)C4)O[C@@H]3C)O[C@@H]2C)C[C@H](O)[C@@H]1O,4.301029995663981,LTMHDMANZUZIPE-PUGKRICDSA-N
CHEMBL1779524,COCCOCCOCCOc1cc2c(cc1OC)CN(CCc1ccc(NC(=O)c3ccc(C(=O)OC)c(NC(=O)c4ccc5ccccc5n4)c3)cc1)CC2,50000.0,COCCOCCOCCOc1cc2c(cc1OC)CN(CCc1ccc(NC(=O)c3ccc(C(=O)OC)c(NC(=O)c4ccc5ccccc5n4)c3)cc1)CC2,4.301029995663981,PJGYNGUMVCKFGH-UHFFFAOYSA-N
CHEMBL1779526,COCCOCCOCCOc1cc2c(cc1OC)CCN(CCc1ccc(NC(=O)c3ccc(C(=O)OC)c(NC(=O)c4ccc5ccccc5n4)c3)cc1)C2,50000.0,COCCOCCOCCOc1cc2c(cc1OC)CCN(CCc1ccc(NC(=O)c3ccc(C(=O)OC)c(NC(=O)c4ccc5ccccc5n4)c3)cc1)C2,4.301029995663981,ILJPDTWUECJVGE-UHFFFAOYSA-N
CHEMBL1777831,COCCOCCOCCOc1cc2c(cc1OC)CCN(CCc1ccc(NC(=O)c3ccc(C(=O)OC)c(NC(=O)c4ccc5ncccc5c4)c3)cc1)C2,50000.0,COCCOCCOCCOc1cc2c(cc1OC)CCN(CCc1ccc(NC(=O)c3ccc(C(=O)OC)c(NC(=O)c4ccc5ncccc5c4)c3)cc1)C2,4.301029995663981,FKTHCDIXZKIHTP-UHFFFAOYSA-N
CHEMBL1779523,COCCOCCOCCOc1cc2c(cc1OC)CCN(CCc1ccc(NC(=O)c3ccc(C(=O)O)c(NC(=O)c4ccc5ncccc5c4)c3)cc1)C2.O=C(O)C(F)(F)F,50000.0,COCCOCCOCCOc1cc2c(cc1OC)CCN(CCc1ccc(NC(=O)c3ccc(C(=O)O)c(NC(=O)c4ccc5ncccc5c4)c3)cc1)C2,4.301029995663981,VLEZERHTRVZAQV-UHFFFAOYSA-N
CHEMBL1779518,COc1cc2c(cc1OC)CN(CCc1ccc(NC(=O)c3ccc(C(=O)O)c(NC(=O)c4ccc5ccccc5n4)c3)cc1)CC2.O=C(O)C(F)(F)F,50000.0,COc1cc2c(cc1OC)CN(CCc1ccc(NC(=O)c3ccc(C(=O)O)c(NC(=O)c4ccc5ccccc5n4)c3)cc1)CC2,4.301029995663981,AWDIHUWGWJKUFG-UHFFFAOYSA-N
CHEMBL4856270,COc1cc2c(cc1OC)CN(C(=O)c1ccc(-c3ccc(OCC(C)C)cc3)o1)CC2,50900.0,COc1cc2c(cc1OC)CN(C(=O)c1ccc(-c3ccc(OCC(C)C)cc3)o1)CC2,4.293282217663241,UROSZWRSYQUNNB-UHFFFAOYSA-N
CHEMBL5182874,O=C(NCc1cccnc1)c1nn(-c2ccc(Cl)cc2)c(=O)c2ccccc12,50900.0,O=C(NCc1cccnc1)c1nn(-c2ccc(Cl)cc2)c(=O)c2ccccc12,4.293282217663241,GNYISOPTUVLGOO-UHFFFAOYSA-N
CHEMBL4469989,COc1cc(OC)c(C(=O)/C=C/c2ccc(N3CCN(C(=O)OC(C)(C)C)CC3)cc2)c(O)c1CC=C(C)C,52210.0,COc1cc(OC)c(C(=O)/C=C/c2ccc(N3CCN(C(=O)OC(C)(C)C)CC3)cc2)c(O)c1CC=C(C)C,4.282246306789284,CHMLIXYKNSMWJK-RVDMUPIBSA-N
CHEMBL4074751,CC[C@H]1CN(C)[C@H]2Cc3c([nH]c4ccccc34)/C(=N/NC(=O)OCc3ccc(OC)cc3)C[C@H]1[C@@H]2C(=O)OC,52300.0,CC[C@H]1CN(C)[C@H]2Cc3c([nH]c4ccccc34)/C(=N/NC(=O)OCc3ccc(OC)cc3)C[C@H]1[C@@H]2C(=O)OC,4.281498311132726,AVHYJJJTZPPAQL-KLRCYVJUSA-N
CHEMBL50,O=c1c(O)c(-c2ccc(O)c(O)c2)oc2cc(O)cc(O)c12,52500.0,O=c1c(O)c(-c2ccc(O)c(O)c2)oc2cc(O)cc(O)c12,4.279840696594043,REFJWTPEDVJJIY-UHFFFAOYSA-N
CHEMBL3605259,CC[C@H]1CN(C)[C@H]2Cc3c([nH]c4ccccc34)/C(=N/Nc3ccccc3)C[C@H]1[C@@H]2C(=O)OC,52720.0,CC[C@H]1CN(C)[C@H]2Cc3c([nH]c4ccccc34)/C(=N/Nc3ccccc3)C[C@H]1[C@@H]2C(=O)OC,4.278024598414047,OQXABNSYRNOHGC-PQFDNZKTSA-N
CHEMBL197892,Oc1cc(O)cc(-c2ccc3cc(O)ccc3c2)c1,53000.0,Oc1cc(O)cc(-c2ccc3cc(O)ccc3c2)c1,4.275724130399211,CKQUMNKKOYTAST-UHFFFAOYSA-N
CHEMBL155899,O=C(Nc1ccccc1)c1ccccc1OCc1nc2ccccc2n(Cc2ccccc2)c1=O,54000.0,O=C(Nc1ccccc1)c1ccccc1OCc1nc2ccccc2n(Cc2ccccc2)c1=O,4.267606240177032,YCFBZLLHZKCAMQ-UHFFFAOYSA-N
CHEMBL2372463,C/C=C/C[C@@H](C)[C@@H](O)[C@H]1C(=O)N[C@@H](CC)C(=O)N(C)CC(=O)N[C@@H](C(C)C)C(=O)N[C@H](C(C)C)C(=O)N(C)[C@H](CC(C)C)C(=O)N[C@@H](C)C(=O)N[C@H](C)C(=O)N(C)[C@@H](CC(C)C)C(=O)N(C)[C@@H](CC(C)C)C(=O)N(C)[C@@H](C(C)C)C(=O)N1C,54000.0,C/C=C/C[C@@H](C)[C@@H](O)[C@H]1C(=O)N[C@@H](CC)C(=O)N(C)CC(=O)N[C@@H](C(C)C)C(=O)N[C@H](C(C)C)C(=O)N(C)[C@H](CC(C)C)C(=O)N[C@@H](C)C(=O)N[C@H](C)C(=O)N(C)[C@@H](CC(C)C)C(=O)N(C)[C@@H](CC(C)C)C(=O)N(C)[C@@H](C(C)C)C(=O)N1C,4.267606240177032,SIIGJNLDNYOKBQ-YCSRFKBKSA-N
CHEMBL5072532,CCOP(=O)(Cn1ccc(NC(=O)c2cc(Oc3cnc(C(=O)N4CCC4)cn3)cc(OC(C)C)c2)n1)OCC,55000.0,CCOP(=O)(Cn1ccc(NC(=O)c2cc(Oc3cnc(C(=O)N4CCC4)cn3)cc(OC(C)C)c2)n1)OCC,4.259637310505756,OYUDYQMFVRHPIY-UHFFFAOYSA-N
CHEMBL2372506,C/C=C/C[C@@H](C)[C@@H](O)[C@H]1C(=O)N[C@@H]([C@@H](C)O)C(=O)N(C)CC(=O)N(C)[C@H](CC(C)C)C(=O)N[C@@H](CC(C)C)C(=O)N(C)[C@H](CC(C)C)C(=O)N[C@@H](C)C(=O)N[C@H](C)C(=O)N(C)[C@@H](CC(C)C)C(=O)N[C@@H](C)C(=O)N(C)[C@@H](C(C)C)C(=O)N1C,56000.0,C/C=C/C[C@@H](C)[C@@H](O)[C@H]1C(=O)N[C@@H]([C@@H](C)O)C(=O)N(C)CC(=O)N(C)[C@H](CC(C)C)C(=O)N[C@@H](CC(C)C)C(=O)N(C)[C@H](CC(C)C)C(=O)N[C@@H](C)C(=O)N[C@H](C)C(=O)N(C)[C@@H](CC(C)C)C(=O)N[C@@H](C)C(=O)N(C)[C@@H](C(C)C)C(=O)N1C,4.251811972993799,LPPAMBZXYZKEIN-AVDZQHQQSA-N
CHEMBL457439,COC(=O)c1ccc(C(=O)Nc2ccc(CCN3CCc4cc(OC)c(OC)cc4C3)cc2)cc1NC(=O)c1cnc(C)cn1,57000.0,COC(=O)c1ccc(C(=O)Nc2ccc(CCN3CCc4cc(OC)c(OC)cc4C3)cc2)cc1NC(=O)c1cnc(C)cn1,4.2441251443275085,MMLZVVUSFLUJIM-UHFFFAOYSA-N
CHEMBL207941,Oc1ccc(-c2cccc(-c3cc(O)cc(O)c3)c2)cc1,58000.0,Oc1ccc(-c2cccc(-c3cc(O)cc(O)c3)c2)cc1,4.236572006437063,LJGAJDBWKXSBGO-UHFFFAOYSA-N
CHEMBL2286727,COc1cccc(C(=O)NN(C(=O)c2cc(C)cc(C)c2)C(C)(C)C)c1,58100.0,COc1cccc(C(=O)NN(C(=O)c2cc(C)cc(C)c2)C(C)(C)C)c1,4.235823867609669,WMVHARKWMABWRW-UHFFFAOYSA-N
CHEMBL3764781,COc1cc(OC)c2c(=O)cc(N3CCN(Cc4ccc(F)c(F)c4)CC3)oc2c1,58500.0,COc1cc(OC)c2c(=O)cc(N3CCN(Cc4ccc(F)c(F)c4)CC3)oc2c1,4.232844133917819,XOOYSFGSNQUGFW-UHFFFAOYSA-N
CHEMBL4517746,COc1cc(O)c(C(=O)/C=C/c2ccc(N3CCN(C(=O)OC(C)(C)C)CC3)cc2)c(OC)c1,59230.0,COc1cc(O)c(C(=O)/C=C/c2ccc(N3CCN(C(=O)OC(C)(C)C)CC3)cc2)c(OC)c1,4.227458267359056,FOQWJOQJVCTWRN-DHZHZOJOSA-N
CHEMBL165,Oc1ccc(/C=C/c2cc(O)cc(O)c2)cc1,60000.0,Oc1ccc(/C=C/c2cc(O)cc(O)c2)cc1,4.221848749616356,LUKBXSAWLPMMSZ-OWOJBTEDSA-N
CHEMBL3317930,O=C(Nc1ccc(-c2cccnc2)cc1F)c1cccnc1,60100.0,O=C(Nc1ccc(-c2cccnc2)cc1F)c1cccnc1,4.221125527997261,NITGANQRUXBSKM-UHFFFAOYSA-N
CHEMBL4873857,CCCCOc1ccc(-c2ccc(C(=O)N3CCc4cc(OC)c(OC)cc4C3)o2)cc1,62700.0,CCCCOc1ccc(-c2ccc(C(=O)N3CCc4cc(OC)c(OC)cc4C3)o2)cc1,4.202732459169283,YUTAKSUYNZFCPJ-UHFFFAOYSA-N
CHEMBL4861850,COc1cc2c(cc1OC)CN(C(=O)c1ccc(-c3ccc(OC(C)(C)C)cc3)o1)CC2,62700.0,COc1cc2c(cc1OC)CN(C(=O)c1ccc(-c3ccc(OC(C)(C)C)cc3)o1)CC2,4.202732459169283,ZSKFJAWRWKXRLL-UHFFFAOYSA-N
CHEMBL480,Cc1c(OCC(F)(F)F)ccnc1C[S+]([O-])c1nc2ccccc2[nH]1,62800.0,Cc1c(OCC(F)(F)F)ccnc1C[S]([O])c1nc2ccccc2[nH]1,4.2020403562628035,MJIHNNLFOKEZEW-UHFFFAOYSA-N
CHEMBL476292,COc1ccc2c(c1)C(=O)CC(c1ccccc1)O2,64000.0,COc1ccc2c(c1)C(=O)CC(c1ccccc1)O2,4.1938200260161125,YURQMHCZHLMHIB-UHFFFAOYSA-N
CHEMBL4851627,COc1cc2c(cc1OC)CN(C(=O)c1ccc(-c3ccc(SC(C)C)cc3)o1)CC2,64400.0,COc1cc2c(cc1OC)CN(C(=O)c1ccc(-c3ccc(SC(C)C)cc3)o1)CC2,4.1911141326401875,FVNGMNLMROTIHK-UHFFFAOYSA-N
CHEMBL4786467,COc1ccc(/C(C#N)=C/c2ccc(N3CCC(O)CC3)s2)cc1OC,65480.0,COc1ccc(/C(C#N)=C/c2ccc(N3CCC(O)CC3)s2)cc1OC,4.1838913292600965,NOGGBVNCVONHHC-RVDMUPIBSA-N
CHEMBL5178845,O=C(NCCCN1CCOCC1)c1nn(-c2ccc(Cl)cc2)c(=O)c2ccccc12,65560.0,O=C(NCCCN1CCOCC1)c1nn(-c2ccc(Cl)cc2)c(=O)c2ccccc12,4.183361055101538,DAMFRSSXKNIFLW-UHFFFAOYSA-N
CHEMBL3317934,COc1ccc(S(=O)(=O)Nc2ccc(-c3cccnc3)cc2F)cc1OC,67500.0,COc1ccc(S(=O)(=O)Nc2ccc(-c3cccnc3)cc2F)cc1OC,4.170696227168975,RRDRSLXEPLNYBS-UHFFFAOYSA-N
CHEMBL1163,COC(=O)N[C@H](C(=O)N[C@@H](Cc1ccccc1)[C@@H](O)CN(Cc1ccc(-c2ccccn2)cc1)NC(=O)[C@@H](NC(=O)OC)C(C)(C)C)C(C)(C)C,67800.0,COC(=O)N[C@H](C(=O)N[C@@H](Cc1ccccc1)[C@@H](O)CN(Cc1ccc(-c2ccccn2)cc1)NC(=O)[C@@H](NC(=O)OC)C(C)(C)C)C(C)(C)C,4.168770306132936,AXRYRYVKAWYZBR-GASGPIRDSA-N
CHEMBL206049,COc1cc(/C=C/c2ccccc2O)cc(OC)c1,68000.0,COc1cc(/C=C/c2ccccc2O)cc(OC)c1,4.167491087293763,NSIZYZYQIQDNNW-BQYQJAHWSA-N
CHEMBL564085,CO[C@H]1C[C@H](O[C@H]2[C@H](C)[C@@H](O[C@@H]3O[C@H](C)C[C@H](N(C)C)[C@H]3OC(C)=O)[C@@H](C)C[C@@]3(CO3)C(=O)[C@H](C)[C@@H](OC(C)=O)[C@@H](C)[C@@H](C)OC(=O)[C@@H]2C)O[C@@H](C)[C@@H]1OC(C)=O,68300.0,CO[C@H]1C[C@H](O[C@H]2[C@H](C)[C@@H](O[C@@H]3O[C@H](C)C[C@H](N(C)C)[C@H]3OC(C)=O)[C@@H](C)C[C@@]3(CO3)C(=O)[C@H](C)[C@@H](OC(C)=O)[C@@H](C)[C@@H](C)OC(=O)[C@@H]2C)O[C@@H](C)[C@@H]1OC(C)=O,4.165579296318468,LQCLVBQBTUVCEQ-QTFUVMRISA-N
CHEMBL4855409,COc1cc2c(cc1OC)CN(C(=O)c1ccc(-c3ccc(OC(C)C)cc3)o1)CC2,69600.0,COc1cc2c(cc1OC)CN(C(=O)c1ccc(-c3ccc(OC(C)C)cc3)o1)CC2,4.157390760389438,YXXIEAVHDKUOKV-UHFFFAOYSA-N
CHEMBL206633,COc1cc(/C=C/c2cc(Cl)ccc2O)cc(OC)c1,73000.0,COc1cc(/C=C/c2cc(Cl)ccc2O)cc(OC)c1,4.136677139879544,WGJAHEFNOWPDEC-ONEGZZNKSA-N
CHEMBL4074765,CC[C@H]1CN(C)[C@H]2Cc3c([nH]c4ccccc34)/C(=N/N)C[C@H]1[C@@H]2C(=O)OC,73370.0,CC[C@H]1CN(C)[C@H]2Cc3c([nH]c4ccccc34)/C(=N/N)C[C@H]1[C@@H]2C(=O)OC,4.134481480925226,YFEXYCDUKXFAKG-RBWRISOUSA-N
CHEMBL2286725,Cc1ccc(C)c(C(=O)NN(C(=O)c2ccccc2Cl)C(C)(C)C)c1,73600.0,Cc1ccc(C)c(C(=O)NN(C(=O)c2ccccc2Cl)C(C)(C)C)c1,4.133122185662502,ZGQJECISIKVETQ-UHFFFAOYSA-N
CHEMBL4083129,CC[C@H]1CN(C)[C@H]2Cc3c([nH]c4ccccc34)C(=S)C[C@H]1[C@@H]2C(=O)OC,77920.0,CC[C@H]1CN(C)[C@H]2Cc3c([nH]c4ccccc34)C(=S)C[C@H]1[C@@H]2C(=O)OC,4.1083510561294405,PFYDBTCFTDSLFJ-HBMYEMETSA-N
CHEMBL3814913,Cc1cc(C)cc(C(=O)N(NC(=O)c2ccccc2C)C(C)(C)C)c1,79900.0,Cc1cc(C)cc(C(=O)N(NC(=O)c2ccccc2C)C(C)(C)C)c1,4.097453220686009,ALNBMIQWXAVERV-UHFFFAOYSA-N
CHEMBL206919,COc1ccc(-c2cccc(-c3cc(OC)cc(OC)c3)c2)cc1,80000.0,COc1ccc(-c2cccc(-c3cc(OC)cc(OC)c3)c2)cc1,4.096910013008056,MDKFFJFTEBNHAN-UHFFFAOYSA-N
CHEMBL52606,C=C[C@@]1(C)CC(=O)[C@]2(O)[C@@]3(C)[C@@H](O)CCC(C)(C)[C@@H]3[C@H](O)[C@H](OC(C)=O)[C@@]2(C)O1,80200.0,C=C[C@@]1(C)CC(=O)[C@]2(O)[C@@]3(C)[C@@H](O)CCC(C)(C)[C@@H]3[C@H](O)[C@H](OC(C)=O)[C@@]2(C)O1,4.095825631715837,OHCQJHSOBUTRHG-KGGHGJDLSA-N
CHEMBL4090917,CC[C@@H]1CN(C)[C@H]2Cc3c([nH]c4ccccc34)[C@@H](O)C[C@H]1[C@@H]2C(=O)OC,83860.0,CC[C@@H]1CN(C)[C@H]2Cc3c([nH]c4ccccc34)[C@@H](O)C[C@H]1[C@@H]2C(=O)OC,4.07644514193245,GZTGPKOSHVZHKN-JFMPXYMASA-N
CHEMBL4062327,CC[C@H]1CN(C)[C@H]2Cc3c([nH]c4ccccc34)/C(=N/Nc3cnccn3)C[C@H]1[C@@H]2C(=O)OC,84780.0,CC[C@H]1CN(C)[C@H]2Cc3c([nH]c4ccccc34)/C(=N/Nc3cnccn3)C[C@H]1[C@@H]2C(=O)OC,4.071706587767798,JXBNWGDXRZHTSN-ULTIXEORSA-N
CHEMBL4864633,COc1cc2c(cc1OC)CN(CCc1ccc(NC(=O)c3cc(=O)c4ccc(C)cc4o3)cc1)CC2,84850.0,COc1cc2c(cc1OC)CN(CCc1ccc(NC(=O)c3cc(=O)c4ccc(C)cc4o3)cc1)CC2,4.071348153346305,LXGQREDRQUZZKL-UHFFFAOYSA-N
CHEMBL4059582,CC[C@@H]1CN(C)[C@H]2Cc3c([nH]c4ccccc34)/C(=N/O)C[C@H]1[C@@H]2C(=O)OC,85360.0,CC[C@@H]1CN(C)[C@H]2Cc3c([nH]c4ccccc34)/C(=N/O)C[C@H]1[C@@H]2C(=O)OC,4.068745593583587,AZMOSMZXKJAPQI-GSBAOENYSA-N
CHEMBL458131,COc1c(C(=O)/C=C(\O)c2ccccc2)ccc2occc12,88000.0,COc1c(C(=O)/C=C(\O)c2ccccc2)ccc2occc12,4.055517327849831,IHWPQGIYXJKCOV-PTNGSMBKSA-N
CHEMBL4071619,CC[C@H]1CN(C)[C@H]2Cc3c(n(C)c4ccccc34)C(=O)C[C@H]1[C@@H]2C(=O)OC,89160.0,CC[C@H]1CN(C)[C@H]2Cc3c(n(C)c4ccccc34)C(=O)C[C@H]1[C@@H]2C(=O)OC,4.0498299401918,NGXHJEBLMJISCN-NZEZWHPISA-N
CHEMBL1229211,C[C@@H]1CCO[C@H]2Cn3cc(C(=O)NCc4ccc(F)cc4F)c(=O)c(O)c3C(=O)N12,90000.0,C[C@@H]1CCO[C@H]2Cn3cc(C(=O)NCc4ccc(F)cc4F)c(=O)c(O)c3C(=O)N12,4.045757490560675,RHWKPHLQXYSBKR-BMIGLBTASA-N
CHEMBL139702,C=CC(C)(C)c1cc(/C=C/C(=O)c2ccc(O)cc2)c(OC)cc1O,94920.0,C=CC(C)(C)c1cc(/C=C/C(=O)c2ccc(O)cc2)c(OC)cc1O,4.022642270454699,KAZSKMJFUPEHHW-DHZHZOJOSA-N
CHEMBL207989,COc1cc(/C=C/c2cc(C(C)(C)C)c(O)c(C(C)(C)C)c2)cc(OC)c1,100000.0,COc1cc(/C=C/c2cc(C(C)(C)C)c(O)c(C(C)(C)C)c2)cc(OC)c1,4.0,MPUREFBGFHHVBA-MDZDMXLPSA-N
CHEMBL39957,C[C@@H]1C(=O)OCC(=O)N(C)[C@@H](Cc2ccccc2)[C@@H](O)CC(=O)O[C@@H]1C,100000.0,C[C@@H]1C(=O)OCC(=O)N(C)[C@@H](Cc2ccccc2)[C@@H](O)CC(=O)O[C@@H]1C,4.0,XLFLWCGFMHRVNS-XRGAULLZSA-N
CHEMBL1945981,COc1cc(C(=O)Nc2ccc(-c3ccccc3)cc2NC(C)=O)cc(O)c1O,100000.0,COc1cc(C(=O)Nc2ccc(-c3ccccc3)cc2NC(C)=O)cc(O)c1O,4.0,DRTNAOHQFUQPBK-UHFFFAOYSA-N
CHEMBL3764960,COC(=O)c1ccc(CN2CCN(c3cc(=O)c4c(OC)cc(OC)cc4o3)CC2)cc1,100000.0,COC(=O)c1ccc(CN2CCN(c3cc(=O)c4c(OC)cc(OC)cc4o3)CC2)cc1,4.0,HANSEPRZPQCWFR-UHFFFAOYSA-N
CHEMBL3763752,COc1cc(OC)c2c(=O)cc(N3CCN(Cc4ccc(C#N)cc4)CC3)oc2c1,100000.0,COc1cc(OC)c2c(=O)cc(N3CCN(Cc4ccc(C#N)cc4)CC3)oc2c1,4.0,VYJOKCBNDLDJEC-UHFFFAOYSA-N
CHEMBL3763805,COc1cc(OC)c2c(=O)cc(N3CCN(Cc4ccc(S(=O)(=O)C(F)(F)F)cc4)CC3)oc2c1,100000.0,COc1cc(OC)c2c(=O)cc(N3CCN(Cc4ccc(S(=O)(=O)C(F)(F)F)cc4)CC3)oc2c1,4.0,OVGSLFQBPOHANJ-UHFFFAOYSA-N
CHEMBL38854,CCCCCCC[C@@H](O)[C@H](C)C(=O)OC,100000.0,CCCCCCC[C@@H](O)[C@H](C)C(=O)OC,4.0,XDMSJOJQHDWIDO-WDEREUQCSA-N
CHEMBL4082147,CC[C@H]1CN(C)[C@H]2Cc3c(n(CCN(CC)CC)c4ccccc34)C(=O)C[C@H]1[C@@H]2C(=O)OC,100000.0,CC[C@H]1CN(C)[C@H]2Cc3c(n(CCN(CC)CC)c4ccccc34)C(=O)C[C@H]1[C@@H]2C(=O)OC,4.0,FDZPVQQUSWURDH-WHQVRJBJSA-N
CHEMBL175736,COc1cc(/C=C/c2cccc(O)c2)cc(OC)c1,100000.0,COc1cc(/C=C/c2cccc(O)c2)cc(OC)c1,4.0,KEOJBLYDMOASAY-VOTSOKGWSA-N
CHEMBL2372493,C/C=C/C[C@@H](C)[C@@H](O)[C@H]1C(=O)N[C@@H]([C@@H](C)O)C(=O)N(C)CC(=O)N[C@@H](C(C)C)C(=O)N[C@H](C(C)C)C(=O)N(C)[C@H](CC(C)C)C(=O)N[C@@H](C)C(=O)N[C@H](C)C(=O)N(C)[C@@H](CC(C)C)C(=O)N(C)[C@@H](CC(C)C)C(=O)N(C)[C@@H](C(C)C)C(=O)N1C,100000.0,C/C=C/C[C@@H](C)[C@@H](O)[C@H]1C(=O)N[C@@H]([C@@H](C)O)C(=O)N(C)CC(=O)N[C@@H](C(C)C)C(=O)N[C@H](C(C)C)C(=O)N(C)[C@H](CC(C)C)C(=O)N[C@@H](C)C(=O)N[C@H](C)C(=O)N(C)[C@@H](CC(C)C)C(=O)N(C)[C@@H](CC(C)C)C(=O)N(C)[C@@H](C(C)C)C(=O)N1C,4.0,IMJWIFHWHLWFDD-QNBKEXRESA-N
CHEMBL4070955,CC[C@H]1CN(C)[C@H]2Cc3c([nH]c4ccccc34)/C(=N/NC(N)=O)C[C@H]1[C@@H]2C(=O)OC,100000.0,CC[C@H]1CN(C)[C@H]2Cc3c([nH]c4ccccc34)/C(=N/NC(N)=O)C[C@H]1[C@@H]2C(=O)OC,4.0,MOELFRFATZRRGM-ILTGRRBKSA-N
CHEMBL5404510,CCn1c(=O)[nH]c(=O)c2c1nc(Cc1cn3cc(C)sc3n1)n2CC1COC1,100000.0,CCn1c(=O)[nH]c(=O)c2c1nc(Cc1cn3cc(C)sc3n1)n2CC1COC1,4.0,FJDRFUYWOVFIPP-UHFFFAOYSA-N
CHEMBL4098041,CC[C@@H]1CN(C)[C@H]2Cc3c([nH]c4ccccc34)/C(=N/NC(N)=O)C[C@H]1[C@@H]2C(=O)OC,100000.0,CC[C@@H]1CN(C)[C@H]2Cc3c([nH]c4ccccc34)/C(=N/NC(N)=O)C[C@H]1[C@@H]2C(=O)OC,4.0,MOELFRFATZRRGM-KYDBKLAHSA-N
CHEMBL2372490,C/C=C/C[C@@H](C)[C@@H](O)[C@H]1C(=O)N[C@@H](CC)C(=O)N(C)CC(=O)N[C@@H](CC(C)C)C(=O)N[C@H](C(C)C)C(=O)N(C)[C@H](CC(C)C)C(=O)N[C@@H](C)C(=O)N[C@H](C)C(=O)N(C)[C@@H](CC(C)C)C(=O)N(C)[C@@H](CC(C)C)C(=O)N(C)[C@@H](C(C)C)C(=O)N1C,100000.0,C/C=C/C[C@@H](C)[C@@H](O)[C@H]1C(=O)N[C@@H](CC)C(=O)N(C)CC(=O)N[C@@H](CC(C)C)C(=O)N[C@H](C(C)C)C(=O)N(C)[C@H](CC(C)C)C(=O)N[C@@H](C)C(=O)N[C@H](C)C(=O)N(C)[C@@H](CC(C)C)C(=O)N(C)[C@@H](CC(C)C)C(=O)N(C)[C@@H](C(C)C)C(=O)N1C,4.0,MIIRLHRXLLVIMF-RDFLTYHNSA-N
CHEMBL2372469,C/C=C/C[C@@H](C)[C@@H](O)[C@H]1C(=O)N[C@@H](CCC)C(=O)N(C)CC(=O)N(C)[C@H](CC(C)C)C(=O)N[C@H](C(C)C)C(=O)N(C)[C@H](CC(C)C)C(=O)N[C@@H](C)C(=O)N[C@H](C)C(=O)N[C@@H](CC(C)C)C(=O)N(C)[C@@H](CC(C)C)C(=O)N(C)[C@@H](C(C)C)C(=O)N1C,100000.0,C/C=C/C[C@@H](C)[C@@H](O)[C@H]1C(=O)N[C@@H](CCC)C(=O)N(C)CC(=O)N(C)[C@H](CC(C)C)C(=O)N[C@H](C(C)C)C(=O)N(C)[C@H](CC(C)C)C(=O)N[C@@H](C)C(=O)N[C@H](C)C(=O)N[C@@H](CC(C)C)C(=O)N(C)[C@@H](CC(C)C)C(=O)N(C)[C@@H](C(C)C)C(=O)N1C,4.0,SPRAXCMVHXBDMZ-JHBCBLOHSA-N
CHEMBL4075029,CC[C@@H]1CN(C)[C@H]2Cc3c([nH]c4ccccc34)C(=O)C[C@H]1[C@@H]2C(=O)OC,100000.0,CC[C@@H]1CN(C)[C@H]2Cc3c([nH]c4ccccc34)C(=O)C[C@H]1[C@@H]2C(=O)OC,4.0,FFVRRQMGGGTQRH-AICUMBRKSA-N
CHEMBL2372478,C/C=C/C[C@@H](C)[C@@H](O)[C@H]1C(=O)N[C@@H](CC)C(=O)N(C)CC(=O)N(C)[C@H](CC(C)C)C(=O)N[C@H](C(C)C)C(=O)N[C@@H](CC(C)C)C(=O)N[C@@H](C)C(=O)N[C@H](C)C(=O)N(C)[C@@H](CC(C)C)C(=O)N[C@@H](CC(C)C)C(=O)N(C)[C@@H](C(C)C)C(=O)N1C,100000.0,C/C=C/C[C@@H](C)[C@@H](O)[C@H]1C(=O)N[C@@H](CC)C(=O)N(C)CC(=O)N(C)[C@H](CC(C)C)C(=O)N[C@H](C(C)C)C(=O)N[C@@H](CC(C)C)C(=O)N[C@@H](C)C(=O)N[C@H](C)C(=O)N(C)[C@@H](CC(C)C)C(=O)N[C@@H](CC(C)C)C(=O)N(C)[C@@H](C(C)C)C(=O)N1C,4.0,KSXLKLPAJGKXSH-ZSZPNOAPSA-N
CHEMBL116,CC(C)CN(C[C@@H](O)[C@H](Cc1ccccc1)NC(=O)O[C@H]1CCOC1)S(=O)(=O)c1ccc(N)cc1,100000.0,CC(C)CN(C[C@@H](O)[C@H](Cc1ccccc1)NC(=O)O[C@H]1CCOC1)S(=O)(=O)c1ccc(N)cc1,4.0,YMARZQAQMVYCKC-OEMFJLHTSA-N
CHEMBL4090331,CC[C@@H]1CN(C)[C@H]2Cc3c([nH]c4ccccc34)/C(=N/Nc3cnccn3)C[C@H]1[C@@H]2C(=O)OC,100000.0,CC[C@@H]1CN(C)[C@H]2Cc3c([nH]c4ccccc34)/C(=N/Nc3cnccn3)C[C@H]1[C@@H]2C(=O)OC,4.0,JXBNWGDXRZHTSN-LZTSNKIRSA-N
CHEMBL3358048,CC[C@H]1CN(C)[C@H]2Cc3c([nH]c4ccccc34)C(=O)C[C@H]1[C@@H]2C(=O)OC,100000.0,CC[C@H]1CN(C)[C@H]2Cc3c([nH]c4ccccc34)C(=O)C[C@H]1[C@@H]2C(=O)OC,4.0,FFVRRQMGGGTQRH-HBMYEMETSA-N
CHEMBL2372495,C/C=C/C[C@@H](C)[C@@H](O)[C@H]1C(=O)N[C@@H](CC)C(=O)N(C)CC(=O)N(C)[C@H](CC(C)C)C(=O)N[C@H](C(C)C)C(=O)N(C)[C@H](CC(C)C)C(=O)N[C@@H](C)C(=O)N[C@H](C)C(=O)N[C@@H](CC(C)C)C(=O)N(C)[C@@H](CC(C)C)C(=O)N(C)[C@@H](C(C)C)C(=O)N1C,100000.0,C/C=C/C[C@@H](C)[C@@H](O)[C@H]1C(=O)N[C@@H](CC)C(=O)N(C)CC(=O)N(C)[C@H](CC(C)C)C(=O)N[C@H](C(C)C)C(=O)N(C)[C@H](CC(C)C)C(=O)N[C@@H](C)C(=O)N[C@H](C)C(=O)N[C@@H](CC(C)C)C(=O)N(C)[C@@H](CC(C)C)C(=O)N(C)[C@@H](C(C)C)C(=O)N1C,4.0,LZZYZUJDOQHBQP-FAYQIQJBSA-N
CHEMBL207826,COc1ccc(-c2ccc(-c3cc(OC)cc(OC)c3)cc2)cc1,100000.0,COc1ccc(-c2ccc(-c3cc(OC)cc(OC)c3)cc2)cc1,4.0,LKYITMGXEDSCKV-UHFFFAOYSA-N
CHEMBL1779522,COCCOCCOCCOc1cc2c(cc1OC)CCN(CCc1ccc(NC(=O)c3ccc(C(=O)O)c(NC(=O)c4ccc5ccccc5n4)c3)cc1)C2.O=C(O)C(F)(F)F,100000.0,COCCOCCOCCOc1cc2c(cc1OC)CCN(CCc1ccc(NC(=O)c3ccc(C(=O)O)c(NC(=O)c4ccc5ccccc5n4)c3)cc1)C2,4.0,FWRLTIUOAWAJCM-UHFFFAOYSA-N
CHEMBL4094301,CC[C@H]1CN(C)[C@H]2Cc3c(n(C(=O)c4cccc(C)c4)c4ccccc34)C(=O)C[C@H]1[C@@H]2C(=O)OC,100000.0,CC[C@H]1CN(C)[C@H]2Cc3c(n(C(=O)c4cccc(C)c4)c4ccccc34)C(=O)C[C@H]1[C@@H]2C(=O)OC,4.0,VILBKXQBXLLJOM-JASAYYIXSA-N
CHEMBL1779520,COCCOCCOCCOc1cc2c(cc1OC)CN(CCc1ccc(NC(=O)c3ccc(C(=O)O)c(NC(=O)c4ccc5ccccc5n4)c3)cc1)CC2.O=C(O)C(F)(F)F,100000.0,COCCOCCOCCOc1cc2c(cc1OC)CN(CCc1ccc(NC(=O)c3ccc(C(=O)O)c(NC(=O)c4ccc5ccccc5n4)c3)cc1)CC2,4.0,KHHAGIQFXVPFTK-UHFFFAOYSA-N
CHEMBL1779525,COCCOCCOCCOc1cc2c(cc1OC)CN(CCc1ccc(NC(=O)c3ccc(C(=O)OC)c(NC(=O)c4ccc5ncccc5c4)c3)cc1)CC2,100000.0,COCCOCCOCCOc1cc2c(cc1OC)CN(CCc1ccc(NC(=O)c3ccc(C(=O)OC)c(NC(=O)c4ccc5ncccc5c4)c3)cc1)CC2,4.0,WWDLQJMCKHQUJJ-UHFFFAOYSA-N
CHEMBL4098642,CC[C@@H]1CN(C)[C@H]2Cc3c([nH]c4ccccc34)[C@@H](OC(=O)C34CC5CC(CC(C5)C3)C4)C[C@H]1[C@@H]2C(=O)OC,100000.0,CC[C@@H]1CN(C)[C@H]2Cc3c([nH]c4ccccc34)[C@@H](OC(=O)C34CC5CC(CC(C5)C3)C4)C[C@H]1[C@@H]2C(=O)OC,4.0,PISDEEMTHYVPRS-APUCHXRISA-N
CHEMBL4062990,C/C=C/C(=O)O[C@H]1C[C@@H]2[C@@H](CC)CN(C)[C@@H](Cc3c1[nH]c1ccccc31)[C@H]2C(=O)OC,100000.0,C/C=C/C(=O)O[C@H]1C[C@@H]2[C@@H](CC)CN(C)[C@@H](Cc3c1[nH]c1ccccc31)[C@H]2C(=O)OC,4.0,LZRICBBRQWJAND-CVTUKNLQSA-N
CHEMBL4101113,CC[C@H]1CN(C)[C@H]2Cc3c([nH]c4ccccc34)[C@@H](O)C[C@H]1[C@@H]2C(=O)OC,100000.0,CC[C@H]1CN(C)[C@H]2Cc3c([nH]c4ccccc34)[C@@H](O)C[C@H]1[C@@H]2C(=O)OC,4.0,GZTGPKOSHVZHKN-VONVPYQZSA-N
CHEMBL1944864,COc1cc(C(=O)Nc2ccc(-c3ccccc3)cc2)cc(OC)c1OC,100000.0,COc1cc(C(=O)Nc2ccc(-c3ccccc3)cc2)cc(OC)c1OC,4.0,AZALVVLJPJSRFN-UHFFFAOYSA-N
CHEMBL1945978,COc1cc(C(=O)Nc2ccc(-c3ccccc3)cc2)cc(O)c1O,100000.0,COc1cc(C(=O)Nc2ccc(-c3ccccc3)cc2)cc(O)c1O,4.0,ANIWSIKUYFSRCQ-UHFFFAOYSA-N
CHEMBL194888,COc1cc(OC)cc(-c2ccc3cc(OC)ccc3c2)c1,100000.0,COc1cc(OC)cc(-c2ccc3cc(OC)ccc3c2)c1,4.0,FMOKYAYPFVBPIG-UHFFFAOYSA-N
CHEMBL1945979,COc1cc(C(=O)Nc2ccc(-c3ccccc3)cc2N)cc(O)c1O,100000.0,COc1cc(C(=O)Nc2ccc(-c3ccccc3)cc2N)cc(O)c1O,4.0,APGAQCAKZRMVRV-UHFFFAOYSA-N
CHEMBL383273,COc1cc(/C=C/c2cc(OC)c(O)c(OC)c2)cc(OC)c1,100000.0,COc1cc(/C=C/c2cc(OC)c(O)c(OC)c2)cc(OC)c1,4.0,NWBPDRBOIZARAC-AATRIKPKSA-N
CHEMBL2228438,Cc1cc(C)cc(C(=O)N(NC(=O)c2ccccc2)C(C)(C)C)c1,100400.0,Cc1cc(C)cc(C(=O)N(NC(=O)c2ccccc2)C(C)(C)C)c1,3.9982662871909995,RIQWCSUNJYMQFI-UHFFFAOYSA-N
CHEMBL634,CCC(=O)N(c1ccccc1)C1(COC)CCN(CCn2nnn(CC)c2=O)CC1,112000.0,CCC(=O)N(c1ccccc1)C1(COC)CCN(CCn2nnn(CC)c2=O)CC1,3.9507819773298185,IDBPHNDTYPBSNI-UHFFFAOYSA-N
CHEMBL41,CNCCC(Oc1ccc(C(F)(F)F)cc1)c1ccccc1,115500.0,CNCCC(Oc1ccc(C(F)(F)F)cc1)c1ccccc1,3.937418015771837,RTHCYVBBDHJXIQ-UHFFFAOYSA-N
CHEMBL4855618,COc1cc2c(cc1OC)CN(CCc1ccc(NC(=O)c3ccc(C)c(Nc4nccc(-c5ccco5)n4)c3)cc1)CC2,127000.0,COc1cc2c(cc1OC)CN(CCc1ccc(NC(=O)c3ccc(C)c(Nc4nccc(-c5ccco5)n4)c3)cc1)CC2,3.896196279044043,ILTUYACVLLCREC-UHFFFAOYSA-N
CHEMBL2372473,CC/C=C/C[C@@H](C)[C@@H](O)[C@H]1C(=O)N[C@@H](CC)C(=O)N(C)CC(=O)N(C)[C@H](CC(C)C)C(=O)N[C@H](C(C)C)C(=O)N(C)[C@H](CC(C)C)C(=O)N[C@@H](C)C(=O)N[C@H](CCCCN)C(=O)N(C)[C@@H](CC(C)C)C(=O)N(C)[C@@H](CC(C)C)C(=O)N(C)[C@@H](C(C)C)C(=O)N1C,130000.0,CC/C=C/C[C@@H](C)[C@@H](O)[C@H]1C(=O)N[C@@H](CC)C(=O)N(C)CC(=O)N(C)[C@H](CC(C)C)C(=O)N[C@H](C(C)C)C(=O)N(C)[C@H](CC(C)C)C(=O)N[C@@H](C)C(=O)N[C@H](CCCCN)C(=O)N(C)[C@@H](CC(C)C)C(=O)N(C)[C@@H](CC(C)C)C(=O)N(C)[C@@H](C(C)C)C(=O)N1C,3.886056647693163,AYVHYWIWAWDDDT-JDHQUYPXSA-N
CHEMBL4875177,COc1cc2c(cc1OC)CN(CCc1ccc(NC(=O)c3ccc(C)c(Nc4nccc(-c5cccnc5)n4)c3)cc1)CC2,132000.0,COc1cc2c(cc1OC)CN(CCc1ccc(NC(=O)c3ccc(C)c(Nc4nccc(-c5cccnc5)n4)c3)cc1)CC2,3.87942606879415,BJGZEIOOQZNXAL-UHFFFAOYSA-N
CHEMBL3233501,COc1cc(C(=O)/C=C/c2ccc(C(=O)O)cc2)cc(OC)c1OC,141253.75,COc1cc(C(=O)/C=C/c2ccc(C(=O)O)cc2)cc(OC)c1OC,3.8500000137195762,QSFJHQPTHBCRMP-RMKNXTFCSA-N
CHEMBL452241,Nc1nc2sc3c(c2c(=O)s1)CCCC3,200000.0,Nc1nc2sc3c(c2c(=O)s1)CCCC3,3.6989700043360187,CLDVQGQXZUANQB-UHFFFAOYSA-N
CHEMBL5591580,COC(=O)N[C@H](C(=O)N1C[C@H](C(F)(F)F)C[C@H]1C(=O)N[C@H](C#N)C[C@@H]1CCNC1=O)C(C)(C)C,250000.0,COC(=O)N[C@H](C(=O)N1C[C@H](C(F)(F)F)C[C@H]1C(=O)N[C@H](C#N)C[C@@H]1CCNC1=O)C(C)(C)C,3.6020599913279625,WGNWEPPRWQKSKI-AIEDFZFUSA-N
CHEMBL1487,CC(C)c1c(C(=O)Nc2ccccc2)c(-c2ccccc2)c(-c2ccc(F)cc2)n1CC[C@@H](O)C[C@@H](O)CC(=O)O,271000.0,CC(C)c1c(C(=O)Nc2ccccc2)c(-c2ccccc2)c(-c2ccc(F)cc2)n1CC[C@@H](O)C[C@@H](O)CC(=O)O,3.567030709125594,XUKUURHRXDUEBC-KAYWLYCHSA-N
CHEMBL1182234,c1ccc([P+](c2ccccc2)(c2ccccc2)c2ccccc2)cc1,426600.0,c1ccc([P](c2ccccc2)(c2ccccc2)c2ccccc2)cc1,3.36997914888659,QOVUQHJLIWOBNB-UHFFFAOYSA-N
CHEMBL1380,Nc1nc(NC2CC2)c2ncn([C@H]3C=C[C@@H](CO)C3)c2n1,500000.0,Nc1nc(NC2CC2)c2ncn([C@H]3C=C[C@@H](CO)C3)c2n1,3.3010299956639813,MCGSCOLBFJQGHM-SCZZXKLOSA-N
CHEMBL3891465,COc1cc(/C=C/C(=O)c2ccc3ccccc3c2)cc(Cl)c1OC,500000.0,COc1cc(/C=C/C(=O)c2ccc3ccccc3c2)cc(Cl)c1OC,3.3010299956639813,FENLVBNHYJPVDC-JXMROGBWSA-N
CHEMBL3898212,COc1cc(/C=C/C(=O)c2ccc3ccccc3c2)cc(Br)c1OC,500000.0,COc1cc(/C=C/C(=O)c2ccc3ccccc3c2)cc(Br)c1OC,3.3010299956639813,DXZRQCHOTDRBCT-JXMROGBWSA-N
CHEMBL3926291,COc1cc(/C=C/C(=O)c2ccc3ccccc3c2)cc(I)c1OC,500000.0,COc1cc(/C=C/C(=O)c2ccc3ccccc3c2)cc(I)c1OC,3.3010299956639813,OOCLSYBZQFWYMX-JXMROGBWSA-N
CHEMBL27,CC(C)NCC(O)COc1cccc2ccccc12,573000.0,CC(C)NCC(O)COc1cccc2ccccc12,3.24184537803261,AQHHHDLHHXJYJD-UHFFFAOYSA-N
CHEMBL452861,CC(C)NC[C@H](O)COc1cccc2ccccc12,574000.0,CC(C)NC[C@H](O)COc1cccc2ccccc12,3.2410881076020264,AQHHHDLHHXJYJD-AWEZNQCLSA-N
CHEMBL275742,CC(C)NC[C@@H](O)COc1cccc2ccccc12,583000.0,CC(C)NC[C@@H](O)COc1cccc2ccccc12,3.234331445240986,AQHHHDLHHXJYJD-CQSZACIVSA-N
CHEMBL4852415,COc1ccc(-c2ccnc(Nc3cc(C(=O)Nc4ccc(CCN5CCc6cc(OC)c(OC)cc6C5)cc4)ccc3C)n2)cc1,629000.0,COc1ccc(-c2ccnc(Nc3cc(C(=O)Nc4ccc(CCN5CCc6cc(OC)c(OC)cc6C5)cc4)ccc3C)n2)cc1,3.201349354554731,DVKDXMRTPUTJOG-UHFFFAOYSA-N
CHEMBL1229,CCOC(=O)C1=C[C@@H](OC(CC)CC)[C@H](NC(C)=O)[C@@H](N)C1,1300000.0,CCOC(=O)C1=C[C@@H](OC(CC)CC)[C@H](NC(C)=O)[C@@H](N)C1,2.886056647693163,VSZGPKBBMSAYNT-RRFJBIMHSA-N
CHEMBL13,COCCc1ccc(OCC(O)CNC(C)C)cc1,1300000.0,COCCc1ccc(OCC(O)CNC(C)C)cc1,2.886056647693163,IUBSYMUCCVWXPE-UHFFFAOYSA-N
